date,flight,route,status,verdict,category,csv_airline,csv_class,gmail_status,gmail_cabin,gmail_cost,booking_pnr,email_subject,email_from,email_sent,notes
2014-08-24,AA84,BOS-JFK,GMAIL_ONLY,DELETE,PRE_CSV,,,scheduled,,,ERZKUH,"=HYPERLINK(""https://mail.google.com/mail/u/0/#all/148056b7bf5fd9a1"",""American Airlines Boarding Pass(es)."")",americanairlines@aa.com,2014-08-23,"Flown (PNR ERZKUH) but pre-CSV. Hard start 2015 for CSV parity -> DELETE. | 2014 AA boarding pass, PNR ERZKUH — real flight but predates CSV (log starts 2015)"
2014-08-25,AA2314,JFK-BOS,GMAIL_ONLY,DELETE,PRE_CSV,,,scheduled,,,ERZKUH,"=HYPERLINK(""https://mail.google.com/mail/u/0/#all/14808addbc24bca7"",""American Airlines Boarding Pass(es)."")",americanairlines@aa.com,2014-08-24,Flown (PNR ERZKUH) but pre-CSV. Hard start 2015 -> DELETE. | 2014 AA boarding pass — predates CSV
2015-01-03,HU481,PEK-BOS,CSV_ONLY,KEEP,NO_EMAIL,Hainan,Economy,,,,,,,,NO EMAIL: searched flight#/Hainan/PEK-BOS ±1yr — none. CSV sole source.
2015-03-08,UA1711,BOS-EWR,CSV_ONLY,KEEP,NO_EMAIL_FOUND,United,Recliner First,,,,,,,,"HAS EMAIL (recoverable): UA eTicket NGV3VV, forwarded by dad (pguo8888) Mar 19 2015. Missed: family forward. | Thorough sender+date search found no booking email containing this flight (original 'recoverable' tag was a false match)."
2015-03-08,UA89,EWR-PEK,CSV_ONLY,KEEP,NO_EMAIL_FOUND,United,Economy,,,,,,,,"HAS EMAIL (recoverable): UA eTicket NGV3VV (dad forward, Mar 2015). Missed: family forward. | Thorough sender+date search found no booking email containing this flight (original 'recoverable' tag was a false match)."
2015-03-19,UA88,PEK-EWR,CSV_ONLY,KEEP,NO_EMAIL_FOUND,United,Economy,,,,,,,,HAS EMAIL (recoverable): UA eTicket NGV3VV (dad forward). Missed: family forward. | Thorough sender+date search found no booking email containing this flight (original 'recoverable' tag was a false match).
2015-03-19,UA1409,EWR-BOS,CSV_ONLY,KEEP,NO_EMAIL_FOUND,United,Economy,,,,,,,,HAS EMAIL (recoverable): UA eTicket NGV3VV (dad forward). Missed: family forward. | Thorough sender+date search found no booking email containing this flight (original 'recoverable' tag was a false match).
2015-07-05,B6487,BOS-LAX,MATCHED,KEEP,,JetBlue,Economy,scheduled,,,MRXVUL,"=HYPERLINK(""https://mail.google.com/mail/u/0/#all/14dcbdc0305a2be8"",""Itinerary for your upcoming trip"")",reservations@jetblue.com,2015-06-07,
2015-08-01,B6488,LAX-BOS,MATCHED,KEEP,,JetBlue,Economy,scheduled,,,MRXVUL,"=HYPERLINK(""https://mail.google.com/mail/u/0/#all/14dcbdc0305a2be8"",""Itinerary for your upcoming trip"")",reservations@jetblue.com,2015-06-07,
2015-12-18,UA677,BOS-EWR,GMAIL_ONLY,DELETE,DUPLICATE,,,scheduled,economy,42.9 USD + 160000 united_mileageplus,O9VV39,"=HYPERLINK(""https://mail.google.com/mail/u/0/#all/1503db37ca0452e0"",""Fwd: MileagePlus eTicket Itinerary and Receipt for Confirmation O9VV39"")",pguo8888@yahoo.com,2015-10-06,"Duplicate/superseded: you flew UA1928 BOS-EWR on 2015-12-18 (in CSV, 0d away). This booking version not flown — DELETE."
2015-12-18,UA1928,BOS-EWR,MATCHED,KEEP,,United,Recliner First,scheduled,recliner_first,42.9 USD + 160000 united_mileageplus,O9VV39,"=HYPERLINK(""https://mail.google.com/mail/u/0/#all/1503db37ca0452e0"",""Fwd: MileagePlus eTicket Itinerary and Receipt for Confirmation O9VV39"")",pguo8888@yahoo.com,2015-10-06,
2015-12-18,UA89,EWR-PEK,MATCHED,KEEP,,United,Economy,scheduled,economy,42.9 USD + 160000 united_mileageplus,O9VV39,"=HYPERLINK(""https://mail.google.com/mail/u/0/#all/1503db37ca0452e0"",""Fwd: MileagePlus eTicket Itinerary and Receipt for Confirmation O9VV39"")",pguo8888@yahoo.com,2015-10-06,
2015-12-20,HU7179,PEK-SYX,CSV_ONLY,KEEP,NO_EMAIL,Hainan,Economy,,,,,,,,"NO EMAIL: Hainan Sanya, none found. CSV sole source."
2015-12-24,HU7080,SYX-PEK,CSV_ONLY,KEEP,NO_EMAIL,Hainan,Economy,,,,,,,,"NO EMAIL: Hainan Sanya, none found. CSV sole source."
2016-01-02,UA808,PEK-IAD,MATCHED,KEEP,,United,Economy,scheduled,economy,42.9 USD + 160000 united_mileageplus,O9VV39,"=HYPERLINK(""https://mail.google.com/mail/u/0/#all/1503db37ca0452e0"",""Fwd: MileagePlus eTicket Itinerary and Receipt for Confirmation O9VV39"")",pguo8888@yahoo.com,2015-10-06,
2016-01-02,UA352,IAD-BOS,MATCHED,KEEP,,United,Economy,scheduled,economy,42.9 USD + 160000 united_mileageplus,O9VV39,"=HYPERLINK(""https://mail.google.com/mail/u/0/#all/1503db37ca0452e0"",""Fwd: MileagePlus eTicket Itinerary and Receipt for Confirmation O9VV39"")",pguo8888@yahoo.com,2015-10-06,
2016-03-13,HU482,BOS-PEK,MATCHED,KEEP,,Hainan,Lie-flat Business,scheduled,lie_flat_business,7195.86 USD,NT8KG9,"=HYPERLINK(""https://mail.google.com/mail/u/0/#all/1525ef67fc9f8f00"",""Booking confirmation"")",no-reply@amadeus.com,2016-01-20,
2016-03-16,HU7215,PEK-KWL,CSV_ONLY,KEEP,TOUR_PACKAGE,Hainan,Economy,,,,,,,,"HAS ITINERARY (tour pkg): Guilin/Chengdu/Dunhuang 9-day group tour, itinerary+pricing from mom (应葵). No airline e-ticket. Borderline recoverable."
2016-03-19,CZ6709,KWL-CTU,CSV_ONLY,KEEP,TOUR_PACKAGE,China Southern,Economy,,,,,,,,HAS ITINERARY (tour pkg): same Guilin/Chengdu/Dunhuang tour (应葵). No airline e-ticket.
2016-03-21,3U8569,CTU-LHW,CSV_ONLY,KEEP,TOUR_PACKAGE,Sichuan,Economy,,,,,,,,HAS ITINERARY (tour pkg): same China group tour (应葵). No airline e-ticket.
2016-03-21,3U8569,LHW-DNH,CSV_ONLY,KEEP,TOUR_PACKAGE,Sichuan,Economy,,,,,,,,HAS ITINERARY (tour pkg): same China group tour (应葵). No airline e-ticket.
2016-03-24,MU2117,DNH-XIY,CSV_ONLY,KEEP,TOUR_PACKAGE,China Eastern,Economy,,,,,,,,HAS ITINERARY (tour pkg): same China group tour (应葵). No airline e-ticket.
2016-03-24,MU2117,XIY-PEK,CSV_ONLY,KEEP,TOUR_PACKAGE,China Eastern,Economy,,,,,,,,HAS ITINERARY (tour pkg): same China group tour (应葵). No airline e-ticket.
2016-03-28,HU481,PEK-BOS,MATCHED,KEEP,,Hainan,Lie-flat Business,scheduled,lie_flat_business,7195.86 USD,NT8KG9,"=HYPERLINK(""https://mail.google.com/mail/u/0/#all/1525ef67fc9f8f00"",""Booking confirmation"")",no-reply@amadeus.com,2016-01-20,
2016-06-05,HU482,BOS-PEK,MATCHED,KEEP,,Hainan,Economy,scheduled,economy,2056.9 USD,MD1V3P,"=HYPERLINK(""https://mail.google.com/mail/u/0/#all/1549ad74192068fb"",""Booking confirmation"")",no-reply@amadeus.com,2016-05-10,
2016-07-03,UA850,PEK-ORD,MATCHED,KEEP,,United,Economy,scheduled,,36497.0 CNY,,"=HYPERLINK(""https://mail.google.com/mail/u/0/#all/154f7566c664985b"",""Fwd: 回复: 过总7月行程"")",PGuo@tenneco.com,2016-05-28,
2016-07-05,UA671,ORD-RDU,MATCHED,KEEP,,United,Economy,scheduled,,36497.0 CNY,,"=HYPERLINK(""https://mail.google.com/mail/u/0/#all/154f7566c664985b"",""Fwd: 回复: 过总7月行程"")",PGuo@tenneco.com,2016-05-28,
2016-07-06,AA4611,RDU-PHL,MATCHED,KEEP,,American,Economy,scheduled,,36497.0 CNY,,"=HYPERLINK(""https://mail.google.com/mail/u/0/#all/154f7566c664985b"",""Fwd: 回复: 过总7月行程"")",PGuo@tenneco.com,2016-05-28,
2016-07-07,AA709,PHL-SFO,MATCHED,KEEP,,American,Economy,scheduled,,36497.0 CNY,,"=HYPERLINK(""https://mail.google.com/mail/u/0/#all/154f7566c664985b"",""Fwd: 回复: 过总7月行程"")",PGuo@tenneco.com,2016-05-28,
2016-07-10,UA768,SFO-BOS,MATCHED,KEEP,,United,Economy,scheduled,,36497.0 CNY,,"=HYPERLINK(""https://mail.google.com/mail/u/0/#all/154f7566c664985b"",""Fwd: 回复: 过总7月行程"")",PGuo@tenneco.com,2016-05-28,
2016-07-12,UA1564,BOS-ORD,GMAIL_ONLY,DELETE,OTHER_PEOPLE,,,scheduled,,36497.0 CNY,,"=HYPERLINK(""https://mail.google.com/mail/u/0/#all/154f7566c664985b"",""Fwd: 回复: 过总7月行程"")",PGuo@tenneco.com,2016-05-28,"NOT YOURS: dad's (GUO/PENG) leg on Homsom agent itinerary. Cost attached was family total RMB169,803. | agent itinerary: UA1564/UA851=dad, HU482=mom. Your own legs end at SFO-BOS. Cost was the FAMILY total RMB169,803"
2016-07-14,UA851,ORD-PEK,GMAIL_ONLY,DELETE,OTHER_PEOPLE,,,scheduled,,36497.0 CNY,,"=HYPERLINK(""https://mail.google.com/mail/u/0/#all/154f7566c664985b"",""Fwd: 回复: 过总7月行程"")",PGuo@tenneco.com,2016-05-28,"NOT YOURS: dad's (GUO/PENG) return on agent itinerary. Your legs ended SFO-BOS 7/10. | agent itinerary: UA1564/UA851=dad, HU482=mom. Your own legs end at SFO-BOS. Cost was the FAMILY total RMB169,803"
2016-09-08,HU482,BOS-PEK,GMAIL_ONLY,DELETE,OTHER_PEOPLE,,,scheduled,,36497.0 CNY,,"=HYPERLINK(""https://mail.google.com/mail/u/0/#all/154f7566c664985b"",""Fwd: 回复: 过总7月行程"")",PGuo@tenneco.com,2016-05-28,"NOT YOURS: mom's (YING/KUI) flight on agent itinerary. | agent itinerary: UA1564/UA851=dad, HU482=mom. Your own legs end at SFO-BOS. Cost was the FAMILY total RMB169,803"
2016-12-15,UA1710,BOS-EWR,MATCHED,KEEP,,United,Recliner First,scheduled,,1288.4 USD,GYKDBV,"=HYPERLINK(""https://mail.google.com/mail/u/0/#all/158b1076cd4e9b78"",""eTicket Itinerary and Receipt for Confirmation GYKDBV"")",unitedairlines@united.com,2016-11-29,
2016-12-15,UA89,EWR-PEK,MATCHED,KEEP,,United,Lie-flat Business,scheduled,,1288.4 USD,GYKDBV,"=HYPERLINK(""https://mail.google.com/mail/u/0/#all/158b1076cd4e9b78"",""eTicket Itinerary and Receipt for Confirmation GYKDBV"")",unitedairlines@united.com,2016-11-29,
2016-12-23,D7317,PEK-KUL,MATCHED,KEEP,,AirAsia,Lie-flat Business,scheduled,lie_flat_business,,WYTKHR,"=HYPERLINK(""https://mail.google.com/mail/u/0/#all/1590bfdbaee8493b"",""Alexander Kenny Guo (Booking No: WYTKHR) 23 Dec 2016 Beijing ✈ Kuala Lumpur - Travel Itinerary"")",itinerary@airasia.com,2016-12-17,
2016-12-23,MI341,KUL-SIN,MATCHED,KEEP,,Silkair,Economy,scheduled,economy,945.9 MYR,YORR2X,"=HYPERLINK(""https://mail.google.com/mail/u/0/#all/1590c31fea2a9ed5"",""Booking confirmation - YORR2X"")",booking@silkair.com,2016-12-17,
2016-12-24,SQ255,SIN-BNE,MATCHED,KEEP,,Singapore,Lie-flat Business,scheduled,lie_flat_business,3597.6 SGD,YPCYZW,"=HYPERLINK(""https://mail.google.com/mail/u/0/#all/1590c38dde860740"",""Your booking confirmation YPCYZW"")",booking@singaporeair.com.sg,2016-12-17,
2016-12-29,QF551,BNE-SYD,CSV_ONLY,KEEP,RECOVERED,Qantas,Economy,,,,,"=HYPERLINK(""https://mail.google.com/mail/u/0/#all/15928f566fd77688"",""RE: Sydney Tour"")",carly@splendourtailoredtours.com.au,2016-12-22,"TOUR PKG: Splendour Tailormade 'Sydney Tour' (agent). No airline e-ticket. CSV sole source. | RECOVERED: (no cost), cabin?, PNR - (per-person)."
2017-01-02,UA840,SYD-LAX,MATCHED,KEEP,,United,Lie-flat Business,scheduled,lie_flat_business,85.26 USD + 175000 united_mileageplus,GYGYGH,"=HYPERLINK(""https://mail.google.com/mail/u/0/#all/158b1380b26392f8"",""Fwd: MileagePlus eTicket Itinerary and Receipt for Confirmation GYGYGH"")",pguo8888@yahoo.com,2016-11-30,
2017-01-02,UA824,LAX-BOS,MATCHED,KEEP,,United,Recliner First,scheduled,recliner_first,85.26 USD + 175000 united_mileageplus,GYGYGH,"=HYPERLINK(""https://mail.google.com/mail/u/0/#all/158b1380b26392f8"",""Fwd: MileagePlus eTicket Itinerary and Receipt for Confirmation GYGYGH"")",pguo8888@yahoo.com,2016-11-30,
2017-03-11,UA1548,BOS-EWR,MATCHED,KEEP,,United,Economy,scheduled,economy,3345.26 USD,PVCXMV,"=HYPERLINK(""https://mail.google.com/mail/u/0/#all/15a9170bcdac333b"",""Your United reservation for Beijing, CN (PEK - Capital) is processing"")",unitedairlines@united.com,2017-03-02,
2017-03-11,UA89,EWR-PEK,MATCHED,KEEP,,United,Economy,scheduled,economy,3345.26 USD,PVCXMV,"=HYPERLINK(""https://mail.google.com/mail/u/0/#all/15a9170bcdac333b"",""Your United reservation for Beijing, CN (PEK - Capital) is processing"")",unitedairlines@united.com,2017-03-02,
2017-03-20,UA88,PEK-EWR,MATCHED,KEEP,,United,Lie-flat Business,scheduled,lie_flat_business,3345.26 USD,PVCXMV,"=HYPERLINK(""https://mail.google.com/mail/u/0/#all/15a9170bcdac333b"",""Your United reservation for Beijing, CN (PEK - Capital) is processing"")",unitedairlines@united.com,2017-03-02,
2017-03-20,UA1775,EWR-BOS,MATCHED,KEEP,,United,Recliner First,scheduled,recliner_first,3345.26 USD,PVCXMV,"=HYPERLINK(""https://mail.google.com/mail/u/0/#all/15a9170bcdac333b"",""Your United reservation for Beijing, CN (PEK - Capital) is processing"")",unitedairlines@united.com,2017-03-02,
2017-04-13,UA1873,BDL-IAD,MATCHED,KEEP,,United,Economy,scheduled,economy,787.6 USD,O9TQMN,"=HYPERLINK(""https://mail.google.com/mail/u/0/#all/15b2cb1d56f1be0f"",""Your United reservation for Los Angeles, CA, US (LAX) is processing"")",unitedairlines@united.com,2017-04-01,
2017-04-13,UA632,IAD-LAX,MATCHED,KEEP,,United,Economy,scheduled,economy,787.6 USD,O9TQMN,"=HYPERLINK(""https://mail.google.com/mail/u/0/#all/15b2cb1d56f1be0f"",""Your United reservation for Los Angeles, CA, US (LAX) is processing"")",unitedairlines@united.com,2017-04-01,
2017-04-16,UA314,LAX-DEN,MATCHED,KEEP,,United,Economy,scheduled,economy,787.6 USD,O9TQMN,"=HYPERLINK(""https://mail.google.com/mail/u/0/#all/15b2cb1d56f1be0f"",""Your United reservation for Los Angeles, CA, US (LAX) is processing"")",unitedairlines@united.com,2017-04-01,
2017-04-16,UA1887,DEN-BDL,MATCHED,KEEP,,United,Economy,scheduled,economy,787.6 USD,O9TQMN,"=HYPERLINK(""https://mail.google.com/mail/u/0/#all/15b2cb1d56f1be0f"",""Your United reservation for Los Angeles, CA, US (LAX) is processing"")",unitedairlines@united.com,2017-04-01,
2017-05-31,UA700,BOS-EWR,MATCHED,KEEP,,United,Economy,scheduled,economy,875.4 USD,EJC83B,"=HYPERLINK(""https://mail.google.com/mail/u/0/#all/15701e3d094e7d4c"",""Fwd: eTicket Itinerary and Receipt for Confirmation EJC83B"")",kuiying2012@gmail.com,2016-09-06,
2017-05-31,UA89,EWR-PEK,MATCHED,KEEP,,United,Economy,scheduled,economy,875.4 USD,EJC83B,"=HYPERLINK(""https://mail.google.com/mail/u/0/#all/15701e3d094e7d4c"",""Fwd: eTicket Itinerary and Receipt for Confirmation EJC83B"")",kuiying2012@gmail.com,2016-09-06,
2017-06-08,CZ6974,SHA-URC,CSV_ONLY,KEEP,NO_EMAIL_FOUND,China Southern,Economy,,,,,,,,HAS EMAIL (recoverable): Tongcheng (同程/ly.com) e-ticket '电子客票行程单英文版' May 30 2017. Missed: Chinese OTA/PDF. | Thorough sender+date search found no booking email containing this flight (original 'recoverable' tag was a false match).
2017-06-09,CZ6613,URC-KJI,CSV_ONLY,KEEP,NO_EMAIL_FOUND,China Southern,Economy,,,,,,,,HAS EMAIL (recoverable): Tongcheng (同程) e-ticket May 30 2017. Missed: Chinese OTA/PDF. | Thorough sender+date search found no booking email containing this flight (original 'recoverable' tag was a false match).
2017-06-10,CZ6620,KJI-URC,CSV_ONLY,KEEP,NO_EMAIL_FOUND,China Southern,Economy,,,,,,,,HAS EMAIL (recoverable): Tongcheng (同程) e-ticket May 30 2017. Missed: Chinese OTA/PDF. | Thorough sender+date search found no booking email containing this flight (original 'recoverable' tag was a false match).
2017-06-15,CZ6911,URC-PEK,CSV_ONLY,KEEP,NO_EMAIL_FOUND,China Southern,Economy,,,,,,,,HAS EMAIL (recoverable): Tongcheng (同程) e-ticket May 30 2017. Missed: Chinese OTA/PDF. | Thorough sender+date search found no booking email containing this flight (original 'recoverable' tag was a false match).
2017-06-24,CZ317,PEK-GMP,MATCHED,KEEP,,China Southern,Economy,scheduled,economy,1757.0,KGR809,"=HYPERLINK(""https://mail.google.com/mail/u/0/#all/15c56d18ea1800e6"",""电子客票行程单英文版"")",support@ly.com,2017-05-30,
2017-06-28,CZ318,GMP-PEK,MATCHED,KEEP,,China Southern,Economy,scheduled,economy,1757.0,KGR809,"=HYPERLINK(""https://mail.google.com/mail/u/0/#all/15c56d18ea1800e6"",""电子客票行程单英文版"")",support@ly.com,2017-05-30,
2017-07-17,HU7609,PEK-PVG,MATCHED,KEEP,,Hainan,Economy,scheduled,economy,1280.0 CNY,4243609648,"=HYPERLINK(""https://mail.google.com/mail/u/0/#all/15d450f41bab2a91"",""FW: 机票确认单"")",jina_oh@naver.com,2017-07-15,
2017-07-19,HU7610,PVG-PEK,MATCHED,KEEP,,Hainan,Economy,scheduled,economy,560.0 CNY,4243609658,"=HYPERLINK(""https://mail.google.com/mail/u/0/#all/15d450f99ff04c9e"",""FW: 机票确认单"")",jina_oh@naver.com,2017-07-15,
2017-07-24,MU2949,PEK-WUX,CSV_ONLY,KEEP,NO_EMAIL_FOUND,China Eastern,Economy,,,,,,,,HAS EMAIL (recoverable): eTicket M843QF forwarded by mom (kuiying2012) Jul 27 2017. Missed: family forward. | Thorough sender+date search found no booking email containing this flight (original 'recoverable' tag was a false match).
2017-07-25,MU2950,WUX-PEK,CSV_ONLY,KEEP,NO_EMAIL_FOUND,China Eastern,Economy,,,,,,,,"HAS EMAIL (recoverable): eTicket M843QF (mom forward, Jul 2017). Missed: family forward. | Thorough sender+date search found no booking email containing this flight (original 'recoverable' tag was a false match)."
2017-08-12,UA88,PEK-EWR,MATCHED,KEEP,,United,Economy,scheduled,economy,1351.16 USD,M843QF,"=HYPERLINK(""https://mail.google.com/mail/u/0/#all/15d825d98b71c8f5"",""Fwd: Your United reservation for Boston, MA, US (BOS) is processing"")",kuiying2012@gmail.com,2017-07-27,
2017-08-12,UA276,EWR-BOS,MATCHED,KEEP,,United,Economy,scheduled,economy,1351.16 USD,M843QF,"=HYPERLINK(""https://mail.google.com/mail/u/0/#all/15d825d98b71c8f5"",""Fwd: Your United reservation for Boston, MA, US (BOS) is processing"")",kuiying2012@gmail.com,2017-07-27,
2017-09-22,UA700,BOS-EWR,GMAIL_ONLY,DELETE,NEVER_TICKETED,,,scheduled,economy,101.35 USD + 105000 united_mileageplus,FDQSBG,"=HYPERLINK(""https://mail.google.com/mail/u/0/#all/15e9345990ec29a7"",""Your United reservation for Beijing, CN (PEK - Capital) is processing"")",unitedairlines@united.com,2017-09-17,"FareLock HOLD (FDQSBG), never ticketed. Flew this PEK routing in OCT instead (in CSV). 'FareLock Expiration' Sep 21. | FareLock HOLD (FDQSBG) ""being held until... to purchase"" — never ticketed. The PEK round trip you flagged as cancelled"
2017-09-22,UA89,EWR-PEK,GMAIL_ONLY,DELETE,NEVER_TICKETED,,,scheduled,economy,101.35 USD + 105000 united_mileageplus,FDQSBG,"=HYPERLINK(""https://mail.google.com/mail/u/0/#all/15e9345990ec29a7"",""Your United reservation for Beijing, CN (PEK - Capital) is processing"")",unitedairlines@united.com,2017-09-17,"FareLock HOLD (FDQSBG), never ticketed. Flew UA89 EWR-PEK Oct 7 instead (in CSV). | FareLock HOLD (FDQSBG) ""being held until... to purchase"" — never ticketed. The PEK round trip you flagged as cancelled"
2017-09-22,UA389,BOS-IAD,MATCHED,KEEP,,United,Economy,scheduled,economy,55.6 USD + 10000 united_mileageplus,HHYVL2,"=HYPERLINK(""https://mail.google.com/mail/u/0/#all/15e9dee5c1878a45"",""Your United reservation for Philadelphia, PA, US (PHL) is processing"")",unitedairlines@united.com,2017-09-20,
2017-09-22,UA6071,IAD-PHL,MATCHED,KEEP,,United,Economy,scheduled,economy,55.6 USD + 10000 united_mileageplus,HHYVL2,"=HYPERLINK(""https://mail.google.com/mail/u/0/#all/15e9dee5c1878a45"",""Your United reservation for Philadelphia, PA, US (PHL) is processing"")",unitedairlines@united.com,2017-09-20,
2017-09-24,UA808,PEK-IAD,GMAIL_ONLY,DELETE,NEVER_TICKETED,,,scheduled,lie_flat_business,101.35 USD + 105000 united_mileageplus,FDQSBG,"=HYPERLINK(""https://mail.google.com/mail/u/0/#all/15e9345990ec29a7"",""Your United reservation for Beijing, CN (PEK - Capital) is processing"")",unitedairlines@united.com,2017-09-17,"FareLock HOLD (FDQSBG), never ticketed. Flew UA808 PEK-IAD Oct 10 instead (in CSV). | FareLock HOLD (FDQSBG) ""being held until... to purchase"" — never ticketed. The PEK round trip you flagged as cancelled"
2017-09-24,UA1922,EWR-BOS,MATCHED,KEEP,,United,Economy,scheduled,economy,193.2 USD,HHX7F2,"=HYPERLINK(""https://mail.google.com/mail/u/0/#all/15e9df0f96104ba3"",""Expedia travel confirmation - Sep 24 - (Itinerary # 7297202985202)"")",Expedia@expediamail.com,2017-09-20,
2017-09-25,UA352,IAD-BOS,GMAIL_ONLY,DELETE,NEVER_TICKETED,,,scheduled,economy,101.35 USD + 105000 united_mileageplus,FDQSBG,"=HYPERLINK(""https://mail.google.com/mail/u/0/#all/15e9345990ec29a7"",""Your United reservation for Beijing, CN (PEK - Capital) is processing"")",unitedairlines@united.com,2017-09-17,"FareLock HOLD (FDQSBG), never ticketed. Flew UA352 IAD-BOS Oct 10/11 instead (in CSV). | FareLock HOLD (FDQSBG) ""being held until... to purchase"" — never ticketed. The PEK round trip you flagged as cancelled"
2017-10-07,UA1001,BOS-EWR,MATCHED,KEEP,,United,Economy,scheduled,economy,91.16 USD + 115000 united_mileageplus,DGVMEG,"=HYPERLINK(""https://mail.google.com/mail/u/0/#all/15ed5bc77c6c6d6a"",""Your United reservation for Beijing, CN (PEK - Capital) is processing"")",unitedairlines@united.com,2017-09-30,
2017-10-07,UA89,EWR-PEK,MATCHED,KEEP,,United,Economy,scheduled,economy,91.16 USD + 115000 united_mileageplus,DGVMEG,"=HYPERLINK(""https://mail.google.com/mail/u/0/#all/15ed5bc77c6c6d6a"",""Your United reservation for Beijing, CN (PEK - Capital) is processing"")",unitedairlines@united.com,2017-09-30,
2017-10-10,UA808,PEK-IAD,MATCHED,KEEP,,United,Economy,scheduled,economy,91.16 USD + 115000 united_mileageplus,DGVMEG,"=HYPERLINK(""https://mail.google.com/mail/u/0/#all/15ed5bc77c6c6d6a"",""Your United reservation for Beijing, CN (PEK - Capital) is processing"")",unitedairlines@united.com,2017-09-30,
2017-10-10,UA352,IAD-BOS,MATCHED,KEEP,,United,Economy,scheduled,economy,91.16 USD + 115000 united_mileageplus,DGVMEG,"=HYPERLINK(""https://mail.google.com/mail/u/0/#all/15ed5bc77c6c6d6a"",""Your United reservation for Beijing, CN (PEK - Capital) is processing"")",unitedairlines@united.com,2017-09-30,
2017-11-12,AA555,BOS-PHL,MATCHED,KEEP,,American,Economy,scheduled,economy,209.69 USD,"LTSOXS,HIFOSU","=HYPERLINK(""https://mail.google.com/mail/u/0/#all/15f4cf2efba2725e"",""Your priceline itinerary for Philadelphia, PA- Sunday, November 12, 2017 (Itinerary# 137-469-932-89)"")",ItineraryAir@trans.priceline.com,2017-10-24,
2017-11-13,DL3854,PHL-JFK,MATCHED,KEEP,,Delta,Economy,scheduled,economy,209.69 USD,"LTSOXS,HIFOSU","=HYPERLINK(""https://mail.google.com/mail/u/0/#all/15f4cf2efba2725e"",""Your priceline itinerary for Philadelphia, PA- Sunday, November 12, 2017 (Itinerary# 137-469-932-89)"")",ItineraryAir@trans.priceline.com,2017-10-24,
2017-11-13,DL4010,JFK-BOS,MATCHED,KEEP,,Delta,Economy,scheduled,economy,209.69 USD,"LTSOXS,HIFOSU","=HYPERLINK(""https://mail.google.com/mail/u/0/#all/15f4cf2efba2725e"",""Your priceline itinerary for Philadelphia, PA- Sunday, November 12, 2017 (Itinerary# 137-469-932-89)"")",ItineraryAir@trans.priceline.com,2017-10-24,
2017-11-22,DL753,BOS-DTW,CSV_ONLY,KEEP,NO_EMAIL,Delta,Economy,,,,,,,,NO booking email (only Delta check-in/marketing). CSV sole source.
2017-11-26,DL1145,DTW-BOS,CSV_ONLY,KEEP,NO_EMAIL,Delta,Economy,,,,,,,,NO booking email (only Delta check-in). CSV sole source.
2017-12-19,UA2047,BOS-EWR,MATCHED,KEEP,,United,Recliner First,scheduled,economy,81.2 USD,GKNL80,"=HYPERLINK(""https://mail.google.com/mail/u/0/#all/15f70c90995492e0"",""Your United reservation for New York/Newark, NJ, US (EWR - Liberty) is processing"")",unitedairlines@united.com,2017-10-30,
2017-12-20,DL438,JFK-CUN,GMAIL_ONLY,DELETE,NEVER_TICKETED,,,scheduled,economy,181.0 USD,,"=HYPERLINK(""https://mail.google.com/mail/u/0/#all/15f70665a3762e8a"",""Fwd: Your itinerary from Google Flights"")",alexanderguo99@gmail.com,2017-10-30,"Google Flights price quote you emailed yourself; never booked. Cancun trip cancelled (Expedia hotel/activity cancellations Nov 14 2017). | Google Flights price quote you emailed yourself (""sent to yourself while searching"") — never booked"
2017-12-20,UA89,EWR-PEK,MATCHED,KEEP,,United,Lie-flat Business,scheduled,lie_flat_business,,JZQ5E4,"=HYPERLINK(""https://mail.google.com/mail/u/0/#all/1606fd429baa5d34"",""Check in now for your flight to Beijing, CN (PEK - Capital).  Confirmation JZQ5E4"")",unitedairlines@united.com,2017-12-19,
2017-12-22,DL789,CUN-JFK,GMAIL_ONLY,DELETE,NEVER_TICKETED,,,scheduled,economy,181.0 USD,,"=HYPERLINK(""https://mail.google.com/mail/u/0/#all/15f70665a3762e8a"",""Fwd: Your itinerary from Google Flights"")",alexanderguo99@gmail.com,2017-10-30,"Google Flights price quote; never booked. Cancun trip cancelled. | Google Flights price quote you emailed yourself (""sent to yourself while searching"") — never booked"
2017-12-30,SQ807,PEK-SIN,CSV_ONLY,KEEP,NO_EMAIL,Singapore,Lie-flat Business,,,,,,,,"NO EMAIL: Singapore Airlines PEK-SIN, none found. CSV sole source."
2018-01-07,UA2,SIN-SFO,MATCHED,KEEP,,United,Lie-flat Business,scheduled,lie_flat_business,,JZRTDW,"=HYPERLINK(""https://mail.google.com/mail/u/0/#all/160c9ff5b3f3d04f"",""Check in now for your flight to Boston, MA, US (BOS).  Confirmation JZRTDW"")",unitedairlines@united.com,2018-01-05,
2018-01-07,UA1865,SFO-BOS,MATCHED,KEEP,,United,Lie-flat Business,scheduled,lie_flat_business,,JZRTDW,"=HYPERLINK(""https://mail.google.com/mail/u/0/#all/160c9ff5b3f3d04f"",""Check in now for your flight to Boston, MA, US (BOS).  Confirmation JZRTDW"")",unitedairlines@united.com,2018-01-05,
2018-03-22,HU7962,BOS-PVG,CSV_ONLY,KEEP,NO_EMAIL_FOUND,Hainan,Economy,,,,,,,,HAS EMAIL (recoverable): Expedia travel confirmation Mar 28 2018 (BOS-PVG). Missed: Expedia subject not in clauses. | Thorough sender+date search found no booking email containing this flight (original 'recoverable' tag was a false match).
2018-03-29,HU7961,PVG-BOS,CSV_ONLY,KEEP,NO_EMAIL_FOUND,Hainan,Economy,,,,,,,,HAS EMAIL (recoverable): Expedia travel confirmation Mar 28 2018. Missed: Expedia. | Thorough sender+date search found no booking email containing this flight (original 'recoverable' tag was a false match).
2018-03-31,WW126,BOS-KEF,MATCHED,KEEP,,Wow,Economy,scheduled,economy,,,,,,
2018-04-02,WW125,KEF-BOS,CSV_ONLY,KEEP,HAS_EMAIL_PARTIAL,Wow,Economy,,,,,,,,HAS EMAIL: WOW air boarding pass KEF-BOS (Apr 1 2018). Boarding pass only (no fare).
2018-05-26,TP218,BOS-LIS,MATCHED,KEEP,,TAP,Economy,scheduled,economy,1171.43 USD,N3Z9IW,"=HYPERLINK(""https://mail.google.com/mail/u/0/#all/1636cc3f717d335a"",""Booking - N3Z9IW"")",no-reply@flytap.com,2018-05-17,
2018-05-27,TP1016,LIS-MAD,MATCHED,KEEP,,TAP,Economy,scheduled,economy,1171.43 USD,N3Z9IW,"=HYPERLINK(""https://mail.google.com/mail/u/0/#all/1636cc3f717d335a"",""Booking - N3Z9IW"")",no-reply@flytap.com,2018-05-17,
2018-05-28,VY1585,VLL-BCN,MATCHED,KEEP,,Vueling,Economy,scheduled,,39.99 EUR,E7WPRV,"=HYPERLINK(""https://mail.google.com/mail/u/0/#all/1636af1c58adbd49"",""Your booking confirmation - E7WPRV VLL-BCN 28 May"")",no-reply@vueling.com,2018-05-16,
2018-05-30,LH2657,BCN-MUC,MATCHED,KEEP,,Lufthansa,Economy,scheduled,economy,651.48 EUR,K8UXJQ,"=HYPERLINK(""https://mail.google.com/mail/u/0/#all/16366f1c4174d155"",""Booking Details | Departure: 30 May 2018 | BCN-BJS "")",online@booking-lufthansa.com,2018-05-16,
2018-05-30,LH722,MUC-PEK,MATCHED,KEEP,,Lufthansa,Economy,scheduled,economy,651.48 EUR,K8UXJQ,"=HYPERLINK(""https://mail.google.com/mail/u/0/#all/16366f1c4174d155"",""Booking Details | Departure: 30 May 2018 | BCN-BJS "")",online@booking-lufthansa.com,2018-05-16,
2018-06-02,MF8150,PEK-HGH,CSV_ONLY,KEEP,NO_EMAIL,Xiamen,Economy,,,,,,,,"NO EMAIL: Xiamen/Hangzhou, none found. CSV sole source."
2018-06-02,HU7178,HGH-PEK,CSV_ONLY,KEEP,NO_EMAIL,Hainan,Economy,,,,,,,,"NO EMAIL: Hainan HGH-PEK, none found. CSV sole source."
2018-06-07,UA808,PEK-IAD,MATCHED,KEEP,,United,Economy,scheduled,economy,458.61 USD,E9EEBS,"=HYPERLINK(""https://mail.google.com/mail/u/0/#all/16366f34517ac48c"",""Your United reservation for Boston, MA, US (BOS) is processing"")",unitedairlines@united.com,2018-05-15,
2018-06-07,UA352,IAD-BOS,MATCHED,KEEP,,United,Economy,scheduled,economy,458.61 USD,E9EEBS,"=HYPERLINK(""https://mail.google.com/mail/u/0/#all/16366f34517ac48c"",""Your United reservation for Boston, MA, US (BOS) is processing"")",unitedairlines@united.com,2018-05-15,
2018-10-03,UA1928,BOS-EWR,MATCHED,KEEP,,United,Economy,scheduled,economy,661.01 USD,ISXEZY,"=HYPERLINK(""https://mail.google.com/mail/u/0/#all/165537544b00aa7a"",""Your United reservation for Beijing (PEK - Capital) is processing"")",unitedairlines@united.com,2018-08-19,
2018-10-03,UA89,EWR-PEK,MATCHED,KEEP,,United,Economy,scheduled,economy,661.01 USD,ISXEZY,"=HYPERLINK(""https://mail.google.com/mail/u/0/#all/165537544b00aa7a"",""Your United reservation for Beijing (PEK - Capital) is processing"")",unitedairlines@united.com,2018-08-19,
2018-10-09,UA88,PEK-EWR,MATCHED,KEEP,,United,Economy,scheduled,economy,661.01 USD,ISXEZY,"=HYPERLINK(""https://mail.google.com/mail/u/0/#all/165537544b00aa7a"",""Your United reservation for Beijing (PEK - Capital) is processing"")",unitedairlines@united.com,2018-08-19,
2018-10-09,UA2323,EWR-BOS,MATCHED,KEEP,,United,Economy,scheduled,economy,661.01 USD,ISXEZY,"=HYPERLINK(""https://mail.google.com/mail/u/0/#all/165537544b00aa7a"",""Your United reservation for Beijing (PEK - Capital) is processing"")",unitedairlines@united.com,2018-08-19,
2018-11-23,UA449,BOS-ORD,MATCHED,KEEP,,United,Recliner First,scheduled,recliner_first,2509.63 USD,BJ9S4P,"=HYPERLINK(""https://mail.google.com/mail/u/0/#all/166d2197e47ee549"",""eTicket Itinerary and Receipt for Confirmation BJ9S4P"")",unitedairlines@united.com,2018-11-01,
2018-11-23,UA5481,ORD-NAS,MATCHED,KEEP,,United,Recliner First,scheduled,recliner_first,2509.63 USD,BJ9S4P,"=HYPERLINK(""https://mail.google.com/mail/u/0/#all/166d2197e47ee549"",""eTicket Itinerary and Receipt for Confirmation BJ9S4P"")",unitedairlines@united.com,2018-11-01,
2018-11-26,UA1539,NAS-EWR,MATCHED,KEEP,,United,Recliner First,scheduled,recliner_first,2509.63 USD,BJ9S4P,"=HYPERLINK(""https://mail.google.com/mail/u/0/#all/166d2197e47ee549"",""eTicket Itinerary and Receipt for Confirmation BJ9S4P"")",unitedairlines@united.com,2018-11-01,
2018-11-26,UA2323,EWR-BOS,MATCHED,KEEP,,United,Recliner First,scheduled,recliner_first,2509.63 USD,BJ9S4P,"=HYPERLINK(""https://mail.google.com/mail/u/0/#all/166d2197e47ee549"",""eTicket Itinerary and Receipt for Confirmation BJ9S4P"")",unitedairlines@united.com,2018-11-01,
2018-12-22,UA79,EWR-NRT,MATCHED,KEEP,,United,Economy,scheduled,economy,1469.2 USD,AE46PW,"=HYPERLINK(""https://mail.google.com/mail/u/0/#all/166ce2098d4ba644"",""Your United reservation for Tokyo, JP (NRT - Narita) is processing"")",unitedairlines@united.com,2018-11-01,
2018-12-24,NH963,HND-PEK,MATCHED,KEEP,,ANA,Economy,scheduled,economy,1469.2 USD,AE46PW,"=HYPERLINK(""https://mail.google.com/mail/u/0/#all/166ce2098d4ba644"",""Your United reservation for Tokyo, JP (NRT - Narita) is processing"")",unitedairlines@united.com,2018-11-01,
2018-12-30,CA941,PEK-DXB,MATCHED,KEEP,,Air China,Lie-flat Business,cancelled,lie_flat_business,2379.57 USD,MJRWC0,"=HYPERLINK(""https://mail.google.com/mail/u/0/#all/16758e59f81fea86"",""Orbitz travel confirmation - Dec 30 - (Itinerary # 7394694478060)"")",support@mailer.orbitz.com,2018-11-28,
2019-01-06,UA8073,DXB-YYZ,GMAIL_ONLY,DELETE,DUPLICATE,,,scheduled,,5139.53 USD,JKGZPR,"=HYPERLINK(""https://mail.google.com/mail/u/0/#all/1675bd1ea44475df"",""Fwd: eTicket Itinerary and Receipt for Confirmation JKGZPR"")",alexanderguo99@gmail.com,2018-11-28,"Duplicate/superseded: you flew AC57 DXB-YYZ on 2019-01-06 (in CSV, 0d away). This booking version not flown — DELETE."
2019-01-06,AC57,DXB-YYZ,MATCHED,KEEP,,Air Canada,Lie-flat Business,scheduled,lie_flat_business,5139.53 USD,JKGZPR,"=HYPERLINK(""https://mail.google.com/mail/u/0/#all/16758f452de38fac"",""Your United reservation for San Francisco, CA, US (SFO) is processing"")",unitedairlines@united.com,2018-11-28,
2019-01-07,UA8517,YYZ-SFO,GMAIL_ONLY,DELETE,DUPLICATE,,,scheduled,,,,,,,"Duplicate/superseded: you flew AC737 YYZ-SFO on 2019-01-07 (in CSV, 0d away). This booking version not flown — DELETE."
2019-01-07,AC737,YYZ-SFO,MATCHED,KEEP,,Air Canada,Lie-flat Business,scheduled,lie_flat_business,5139.53 USD,JKGZPR,"=HYPERLINK(""https://mail.google.com/mail/u/0/#all/16758f452de38fac"",""Your United reservation for San Francisco, CA, US (SFO) is processing"")",unitedairlines@united.com,2018-11-28,
2019-02-01,UA2360,SFO-BOS,MATCHED,KEEP,,United,Economy,scheduled,economy,212.3 USD,JK3BEQ,"=HYPERLINK(""https://mail.google.com/mail/u/0/#all/16840405e9339a01"",""Your United reservation for Boston, MA, US (BOS) is processing"")",unitedairlines@united.com,2019-01-11,
2019-03-22,DY7150,BOS-CDG,CSV_ONLY,KEEP,NO_EMAIL,Norwegian,Economy,,,,,,,,"NO EMAIL: Norwegian BOS-CDG, none found (defunct airline). CSV sole source."
2019-03-28,AF7706,CDG-NCE,MATCHED,KEEP,,Air France,Economy,scheduled,economy,136.71 EUR,M24TEF,"=HYPERLINK(""https://mail.google.com/mail/u/0/#all/1696d8fa9979fd92"",""Dear Mr Alexander Kenny Guo: Ticket and information for your trip on 03/28/2019"")",admin@ticket-airfrance.com,2019-03-11,
2019-03-31,DY7149,CDG-BOS,CSV_ONLY,KEEP,NO_EMAIL,Norwegian,Economy,,,,,,,,"NO EMAIL: Norwegian CDG-BOS, none found. CSV sole source."
2019-03-31,AF7705,NCE-CDG,MATCHED,KEEP,,Air France,Economy,scheduled,economy,136.71 EUR,M24TEF,"=HYPERLINK(""https://mail.google.com/mail/u/0/#all/1696d8fa9979fd92"",""Dear Mr Alexander Kenny Guo: Ticket and information for your trip on 03/28/2019"")",admin@ticket-airfrance.com,2019-03-11,
2019-05-24,UA700,BOS-EWR,MATCHED,KEEP,,United,Recliner First,scheduled,economy,1850.93 USD,APS5R0,"=HYPERLINK(""https://mail.google.com/mail/u/0/#all/16a4b48dffcacd3a"",""Your United reservation for Beijing (PEK - Capital) is processing"")",unitedairlines@united.com,2019-04-23,
2019-05-24,UA89,EWR-PEK,MATCHED,KEEP,,United,Economy,scheduled,economy,1850.93 USD,APS5R0,"=HYPERLINK(""https://mail.google.com/mail/u/0/#all/16a4b48dffcacd3a"",""Your United reservation for Beijing (PEK - Capital) is processing"")",unitedairlines@united.com,2019-04-23,
2019-05-30,JD5181,PEK-LJG,GMAIL_ONLY,DELETE,CANCELLED,,,cancelled,economy,1245.0 CNY,9330878659,"=HYPERLINK(""https://mail.google.com/mail/u/0/#all/16a4894bd8db5017"",""机票确认单"")",a_rsv@ctrip.com,2019-04-23,"Already cancelled in DB (cancellation detected) — trip history, never in flown CSV."
2019-05-30,CA1469,PEK-LJG,MATCHED,KEEP,,Air China,Economy,scheduled,economy,1288.0 CNY,9374265144,"=HYPERLINK(""https://mail.google.com/mail/u/0/#all/16a6582fdd0fcf9c"",""机票确认单"")",a_rsv@ctrip.com,2019-04-29,
2019-06-01,3U8818,LJG-KMG,CSV_ONLY,KEEP,RECOVERED,Sichuan,Economy,,economy,680 CNY,9330804128,"=HYPERLINK(""https://mail.google.com/mail/u/0/#all/16a4892a8d259875"",""Fwd: 机票确认单"")",alexanderguo99@gmail.com,2019-04-23,"HAS EMAIL (recoverable): 'Fwd: Flight Booking Confirmed' May 25 2019 (Lijiang-Kunming). Missed: forward. | RECOVERED: 680 CNY, economy, PNR 9330804128 (per-person). [owner_is_traveler=FALSE — verify this is yours]"
2019-06-01,MU2570,KMG-PEK,CSV_ONLY,KEEP,RECOVERED,China Eastern,Economy,,economy,730 CNY,9330804189,"=HYPERLINK(""https://mail.google.com/mail/u/0/#all/16a48929164dc2b1"",""Fwd: 机票确认单"")",alexanderguo99@gmail.com,2019-04-23,"HAS EMAIL (recoverable): 'Fwd: Flight Booking Confirmed' May 25 2019. Missed: forward. | RECOVERED: 730 CNY, economy, PNR 9330804189 (per-person). [owner_is_traveler=FALSE — verify this is yours]"
2019-06-09,UA88,PEK-EWR,MATCHED,KEEP,,United,Economy,scheduled,economy,1850.93 USD,APS5R0,"=HYPERLINK(""https://mail.google.com/mail/u/0/#all/16a4b48dffcacd3a"",""Your United reservation for Beijing (PEK - Capital) is processing"")",unitedairlines@united.com,2019-04-23,
2019-07-08,UA2165,BOS-EWR,MATCHED,KEEP,,United,Economy,scheduled,,5.6 USD + 10000 united_mileageplus,N12NBR,"=HYPERLINK(""https://mail.google.com/mail/u/0/#all/16b542124f1a4800"",""MileagePlus eTicket Itinerary and Receipt for Confirmation N12NBR"")",unitedairlines@united.com,2019-06-13,
2019-07-26,AA1416,JFK-BDA,MATCHED,KEEP,,American,Economy,scheduled,economy,315.26 USD,ZBZDUZ,"=HYPERLINK(""https://mail.google.com/mail/u/0/#all/16b6e6a082d46a7c"",""Your trip confirmation-ZBZDUZ  26JUL"")",no-reply@notify.email.aa.com,2019-06-19,
2019-07-29,AA1443,BDA-JFK,MATCHED,KEEP,,American,Economy,scheduled,economy,315.26 USD,ZBZDUZ,"=HYPERLINK(""https://mail.google.com/mail/u/0/#all/16b6e6a082d46a7c"",""Your trip confirmation-ZBZDUZ  26JUL"")",no-reply@notify.email.aa.com,2019-06-19,
2019-08-17,UA89,EWR-PEK,MATCHED,KEEP,,United,Lie-flat Business,scheduled,economy,1610.53 USD,PCL0C0,"=HYPERLINK(""https://mail.google.com/mail/u/0/#all/16a46b441d958485"",""Your United reservation for Beijing (PEK - Capital) is processing"")",unitedairlines@united.com,2019-04-22,
2019-08-25,UA889,PEK-SFO,MATCHED,KEEP,,United,Lie-flat Business,scheduled,economy,1610.53 USD,PCL0C0,"=HYPERLINK(""https://mail.google.com/mail/u/0/#all/16a46b441d958485"",""Your United reservation for Beijing (PEK - Capital) is processing"")",unitedairlines@united.com,2019-04-22,
2019-08-25,UA235,SFO-BOS,MATCHED,KEEP,,United,Economy,scheduled,economy,1610.53 USD,PCL0C0,"=HYPERLINK(""https://mail.google.com/mail/u/0/#all/16a46b441d958485"",""Your United reservation for Beijing (PEK - Capital) is processing"")",unitedairlines@united.com,2019-04-22,
2019-09-26,UA2394,BOS-EWR,CSV_ONLY,KEEP,ANCILLARY_ONLY,United,Economy,,,,,,,,ANCILLARY ONLY: only Wi-Fi/trip-survey emails; no booking receipt found. CSV sole source.
2019-09-28,UA421,EWR-BOS,MATCHED,KEEP,,United,Economy,scheduled,economy,,P93Y56,"=HYPERLINK(""https://mail.google.com/mail/u/0/#all/16d79611bbd1b587"",""Boarding pass for confirmation P93Y56"")",unitedairlines@united.com,2019-09-28,
2019-11-20,UA389,BOS-IAD,GMAIL_ONLY,DELETE,DUPLICATE,,,scheduled,economy,530.03 USD,E343VN,"=HYPERLINK(""https://mail.google.com/mail/u/0/#all/16cfe48898e837c8"",""eTicket Itinerary and Receipt for Confirmation E343VN"")",Receipts@united.com,2019-09-04,"Duplicate/superseded: you flew UA389 BOS-IAD on 2019-11-28 (in CSV, 8d away). This booking version not flown — DELETE."
2019-11-20,UA122,IAD-LHR,GMAIL_ONLY,DELETE,DUPLICATE,,,scheduled,economy,530.03 USD,E343VN,"=HYPERLINK(""https://mail.google.com/mail/u/0/#all/16cfe48898e837c8"",""eTicket Itinerary and Receipt for Confirmation E343VN"")",Receipts@united.com,2019-09-04,"Duplicate/superseded: you flew UA122 IAD-LHR on 2019-11-28 (in CSV, 8d away). This booking version not flown — DELETE."
2019-11-21,UA2400,BOS-SFO,CSV_ONLY,KEEP,ANCILLARY_ONLY,United,Economy,,,,,,,,ANCILLARY ONLY: only Wi-Fi/survey emails; no booking receipt. CSV sole source.
2019-11-23,UA768,SFO-BOS,CSV_ONLY,KEEP,ANCILLARY_ONLY,United,Economy,,,,,,,,ANCILLARY ONLY: only Wi-Fi/survey emails; no booking receipt. CSV sole source.
2019-11-24,UA8851,LHR-MUC,GMAIL_ONLY,DELETE,REBOOKED_OR_CANCELLED,,,scheduled,economy,530.03 USD,E343VN,"=HYPERLINK(""https://mail.google.com/mail/u/0/#all/16cfe48898e837c8"",""eTicket Itinerary and Receipt for Confirmation E343VN"")",Receipts@united.com,2019-09-04,"E343VN original return LHR-MUC-BOS; flew LHR-FRA-BOS (LH921/LH422 Dec 2) instead. No cancel email (silent). | E343VN: outbound flown Nov 28 (in CSV), but LHR-MUC-BOS return not flown as booked"
2019-11-24,UA8902,MUC-BOS,GMAIL_ONLY,DELETE,REBOOKED_OR_CANCELLED,,,scheduled,economy,530.03 USD,E343VN,"=HYPERLINK(""https://mail.google.com/mail/u/0/#all/16cfe48898e837c8"",""eTicket Itinerary and Receipt for Confirmation E343VN"")",Receipts@united.com,2019-09-04,"E343VN original return MUC-BOS; flew LH422 FRA-BOS instead. Silent rebooking. | E343VN: outbound flown Nov 28 (in CSV), but LHR-MUC-BOS return not flown as booked"
2019-11-28,UA389,BOS-IAD,MATCHED,KEEP,,United,Recliner First,scheduled,economy,450.13 USD,CB6QET,"=HYPERLINK(""https://mail.google.com/mail/u/0/#all/16d2822ff5be55fb"",""eTicket Itinerary and Receipt for Confirmation CB6QET"")",Receipts@united.com,2019-09-12,
2019-11-28,UA122,IAD-LHR,MATCHED,KEEP,,United,Economy,scheduled,economy,450.13 USD,CB6QET,"=HYPERLINK(""https://mail.google.com/mail/u/0/#all/16d2822ff5be55fb"",""eTicket Itinerary and Receipt for Confirmation CB6QET"")",Receipts@united.com,2019-09-12,
2019-12-02,LH921,LHR-FRA,MATCHED,KEEP,,Lufthansa,Economy,scheduled,economy,450.13 USD,CB6QET,"=HYPERLINK(""https://mail.google.com/mail/u/0/#all/16d2822ff5be55fb"",""eTicket Itinerary and Receipt for Confirmation CB6QET"")",Receipts@united.com,2019-09-12,
2019-12-02,LH422,FRA-BOS,MATCHED,KEEP,,Lufthansa,Economy,scheduled,economy,450.13 USD,CB6QET,"=HYPERLINK(""https://mail.google.com/mail/u/0/#all/16d2822ff5be55fb"",""eTicket Itinerary and Receipt for Confirmation CB6QET"")",Receipts@united.com,2019-09-12,
2019-12-18,UA1425,BOS-EWR,MATCHED,KEEP,,United,Economy,scheduled,economy,2712.25 USD,J84GEL,"=HYPERLINK(""https://mail.google.com/mail/u/0/#all/16e441c85a5462a7"",""Fw: eTicket Itinerary and Receipt for Confirmation J84GEL"")",pguo8888@yahoo.com,2019-11-07,
2019-12-18,UA1122,EWR-CPT,MATCHED,KEEP,,United,Lie-flat Business,scheduled,economy,2712.25 USD,J84GEL,"=HYPERLINK(""https://mail.google.com/mail/u/0/#all/16e441c85a5462a7"",""Fw: eTicket Itinerary and Receipt for Confirmation J84GEL"")",pguo8888@yahoo.com,2019-11-07,
2019-12-20,SA8671,CPT-PLZ,MATCHED,KEEP,,Airlink/SAA,Economy,scheduled,economy,1936.11 ZAR,MWTJRK,"=HYPERLINK(""https://mail.google.com/mail/u/0/#all/16ed32086854f0d2"",""Confirmation of Online booking at flysaa.com Ref  MWTJRK"")",webhelp@flysaa.com,2019-12-05,
2019-12-21,UA1122,EWR-CPT,GMAIL_ONLY,DELETE,DUPLICATE,,,scheduled,economy,2712.25 USD,J84GEL,"=HYPERLINK(""https://mail.google.com/mail/u/0/#all/16e441c85a5462a7"",""Fw: eTicket Itinerary and Receipt for Confirmation J84GEL"")",pguo8888@yahoo.com,2019-11-07,"Duplicate/superseded: you flew UA1122 EWR-CPT on 2019-12-18 (in CSV, 3d away). This booking version not flown — DELETE."
2019-12-28,UA1123,CPT-EWR,GMAIL_ONLY,DELETE,REBOOKED_OR_CANCELLED,,,scheduled,economy,2712.25 USD,J84GEL,"=HYPERLINK(""https://mail.google.com/mail/u/0/#all/16e441c85a5462a7"",""Fw: eTicket Itinerary and Receipt for Confirmation J84GEL"")",pguo8888@yahoo.com,2019-11-07,J84GEL original Cape Town return; flew CPT-DXB-PEK (Emirates EK771/EK308) to Beijing instead. No cancel email. | J84GEL Cape Town: return CPT-EWR-BOS not in CSV (rebooked/changed)
2019-12-28,EK771,CPT-DXB,MATCHED,KEEP,,Emirates,Lie-flat Business,scheduled,lie_flat_business,35012.93 ZAR,MKPSDW,"=HYPERLINK(""https://mail.google.com/mail/u/0/#all/16e45353b22788b4"",""Your booking is confirmed - MKPSDW"")",do-not-reply@emirates.email,2019-11-07,
2019-12-29,UA2310,EWR-BOS,GMAIL_ONLY,DELETE,REBOOKED_OR_CANCELLED,,,scheduled,economy,2712.25 USD,J84GEL,"=HYPERLINK(""https://mail.google.com/mail/u/0/#all/16e441c85a5462a7"",""Fw: eTicket Itinerary and Receipt for Confirmation J84GEL"")",pguo8888@yahoo.com,2019-11-07,J84GEL original return EWR-BOS; not flown (went to PEK via Emirates). Silent. | J84GEL Cape Town: return CPT-EWR-BOS not in CSV (rebooked/changed)
2019-12-29,EK308,DXB-PEK,MATCHED,KEEP,,Emirates,Lie-flat Business,scheduled,lie_flat_business,35012.93 ZAR,MKPSDW,"=HYPERLINK(""https://mail.google.com/mail/u/0/#all/16e45353b22788b4"",""Your booking is confirmed - MKPSDW"")",do-not-reply@emirates.email,2019-11-07,
2020-01-08,ZH9003,SZX-BKK,MATCHED,KEEP,,Shenzhen,Economy,scheduled,economy,137.12 USD,MFG82F,"=HYPERLINK(""https://mail.google.com/mail/u/0/#all/16e1ac6ec05de98c"",""Flight Booking Confirmed"")",EN_FLIGHT@trip.com,2019-10-30,
2020-01-11,XW112,DMK-KIX,MATCHED,KEEP,,NokScoot,Economy,scheduled,,3990.0 THB,B2FLQL,"=HYPERLINK(""https://mail.google.com/mail/u/0/#all/16e00d4100ebfe29"",""Your NokScoot Booking - B2FLQL"")",your-itinerary@nokscoot.com,2019-10-25,
2020-01-17,7C1301,KIX-ICN,MATCHED,KEEP,,Jeju Air,Economy,scheduled,economy,8670.0 JPY,HJETH,"=HYPERLINK(""https://mail.google.com/mail/u/0/#all/16fa168372bd99dd"",""GUO/ALEXANDERKENNY RESERVATION/ISSUE & RECEIPT"")",reservation@jejuair.net,2020-01-14,
2020-01-19,CA124,ICN-PEK,MATCHED,KEEP,,Air China,Economy,scheduled,economy,2350.0 CNY,NDYG1G,"=HYPERLINK(""https://mail.google.com/mail/u/0/#all/16f6b965b4e9f6cc"",""机票行程确认单"")",ia_rsv@ctrip.com,2020-01-03,
2020-01-19,CA1611,PEK-HRB,MATCHED,KEEP,,Air China,Economy,scheduled,economy,2350.0 CNY,NDYG1G,"=HYPERLINK(""https://mail.google.com/mail/u/0/#all/16f6b965b4e9f6cc"",""机票行程确认单"")",ia_rsv@ctrip.com,2020-01-03,
2020-01-22,CA1644,HRB-PEK,CSV_ONLY,KEEP,HAS_EMAIL_PARTIAL,Air China,Economy,,,,,,,,HAS EMAIL: Air China online check-in boarding card Jan 18 2020. Boarding pass only.
2020-01-26,UA889,PEK-SFO,MATCHED,KEEP,,United,Lie-flat Business,scheduled,lie_flat_business,3446.0 USD + 30 united_mileageplus,AM7K95,"=HYPERLINK(""https://mail.google.com/mail/u/0/#all/16fd327b21ccd565"",""Your United reservation for Boston, MA, US (BOS) is processing"")",unitedairlines@united.com,2020-01-23,
2020-01-26,UA1213,SFO-BOS,MATCHED,KEEP,,United,Lie-flat Business,scheduled,recliner_first,3446.0 USD + 30 united_mileageplus,AM7K95,"=HYPERLINK(""https://mail.google.com/mail/u/0/#all/16fd327b21ccd565"",""Your United reservation for Boston, MA, US (BOS) is processing"")",unitedairlines@united.com,2020-01-23,
2020-01-27,UA890,PVG-SFO,GMAIL_ONLY,DELETE,REBOOKED_OR_CANCELLED,,,scheduled,economy,1090.05 USD,AJR5EK,"=HYPERLINK(""https://mail.google.com/mail/u/0/#all/16fa418f3b83b75a"",""Your United reservation for Boston, MA, US (BOS) is processing"")",unitedairlines@united.com,2020-01-14,AJR5EK CANCELLED (Jan 14 'cancellation complete'). COVID; flew PEK-SFO-BOS (UA889/UA1213) Jan 26. | AJR5EK PVG-BOS Jan 2020 (COVID) — superseded; you flew a different routing
2020-01-28,UA1796,SFO-EWR,GMAIL_ONLY,DELETE,REBOOKED_OR_CANCELLED,,,scheduled,economy,1090.05 USD,AJR5EK,"=HYPERLINK(""https://mail.google.com/mail/u/0/#all/16fa418f3b83b75a"",""Your United reservation for Boston, MA, US (BOS) is processing"")",unitedairlines@united.com,2020-01-14,AJR5EK CANCELLED Jan 14. Flew UA889/UA1213 Jan 26 instead. | AJR5EK PVG-BOS Jan 2020 (COVID) — superseded; you flew a different routing
2020-01-28,UA890,PVG-SFO,GMAIL_ONLY,DELETE,REBOOKED_OR_CANCELLED,,,scheduled,premium_economy,1133.45 USD,AM7K95,"=HYPERLINK(""https://mail.google.com/mail/u/0/#all/16fa47d3caab1078"",""Your United reservation for Boston, MA, US (BOS) is processing"")",unitedairlines@united.com,2020-01-14,AM7K95 superseded COVID rebooking of AJR5EK; re-ticketed Jan 23. Flew UA889/UA1213 Jan 26. | COVID rebooking of the PVG-BOS trip (dup of AJR5EK)
2020-01-28,UA1990,EWR-BOS,GMAIL_ONLY,DELETE,REBOOKED_OR_CANCELLED,,,scheduled,economy,1090.05 USD,AJR5EK,"=HYPERLINK(""https://mail.google.com/mail/u/0/#all/16fa418f3b83b75a"",""Your United reservation for Boston, MA, US (BOS) is processing"")",unitedairlines@united.com,2020-01-14,AJR5EK CANCELLED Jan 14. Flew UA889/UA1213 Jan 26 instead. | AJR5EK PVG-BOS Jan 2020 (COVID) — superseded; you flew a different routing
2020-01-29,UA1912,SFO-IAD,GMAIL_ONLY,DELETE,REBOOKED_OR_CANCELLED,,,scheduled,economy,1133.45 USD,AM7K95,"=HYPERLINK(""https://mail.google.com/mail/u/0/#all/16fa47d3caab1078"",""Your United reservation for Boston, MA, US (BOS) is processing"")",unitedairlines@united.com,2020-01-14,AM7K95 superseded rebooking; not flown. Silent (re-ticketed). | COVID rebooking of the PVG-BOS trip (dup of AJR5EK)
2020-01-29,UA641,IAD-BOS,GMAIL_ONLY,DELETE,REBOOKED_OR_CANCELLED,,,scheduled,economy,1133.45 USD,AM7K95,"=HYPERLINK(""https://mail.google.com/mail/u/0/#all/16fa47d3caab1078"",""Your United reservation for Boston, MA, US (BOS) is processing"")",unitedairlines@united.com,2020-01-14,AM7K95 superseded rebooking; not flown. Silent. | COVID rebooking of the PVG-BOS trip (dup of AJR5EK)
2020-02-19,B6159,BOS-PHL,MATCHED,KEEP,,JetBlue,Economy,scheduled,economy,33.2 USD,LJFEBC,"=HYPERLINK(""https://mail.google.com/mail/u/0/#all/1703705d93a0c9ff"",""JetBlue booking confirmation for ALEXANDER KENNY GUO - LJFEBC"")",jetblueairways@email.jetblue.com,2020-02-11,
2020-02-19,B6660,PHL-BOS,MATCHED,KEEP,,JetBlue,Economy,scheduled,economy,33.2 USD,LJFEBC,"=HYPERLINK(""https://mail.google.com/mail/u/0/#all/1703705d93a0c9ff"",""JetBlue booking confirmation for ALEXANDER KENNY GUO - LJFEBC"")",jetblueairways@email.jetblue.com,2020-02-11,
2020-03-10,UA1078,BOS-EWR,GMAIL_ONLY,DELETE,REBOOKED_OR_CANCELLED,,,scheduled,economy,220.09 USD,M0DKXM,"=HYPERLINK(""https://mail.google.com/mail/u/0/#all/1703cbd277ed7cfc"",""eTicket Itinerary and Receipt for Confirmation M0DKXM"")",Receipts@united.com,2020-02-12,M0DKXM CANCELLED next day (Feb 13). Tampa day-trip scrapped. | M0DKXM BOS-EWR-TPA-BOS Mar 2020 (COVID) — not flown as booked
2020-03-10,UA1421,EWR-TPA,GMAIL_ONLY,DELETE,REBOOKED_OR_CANCELLED,,,scheduled,economy,220.09 USD,M0DKXM,"=HYPERLINK(""https://mail.google.com/mail/u/0/#all/1703cbd277ed7cfc"",""eTicket Itinerary and Receipt for Confirmation M0DKXM"")",Receipts@united.com,2020-02-12,M0DKXM CANCELLED Feb 13. Not flown. | M0DKXM BOS-EWR-TPA-BOS Mar 2020 (COVID) — not flown as booked
2020-03-10,UA352,TPA-BOS,GMAIL_ONLY,DELETE,REBOOKED_OR_CANCELLED,,,scheduled,economy,220.09 USD,M0DKXM,"=HYPERLINK(""https://mail.google.com/mail/u/0/#all/1703cbd277ed7cfc"",""eTicket Itinerary and Receipt for Confirmation M0DKXM"")",Receipts@united.com,2020-02-12,M0DKXM CANCELLED Feb 13. Not flown. | M0DKXM BOS-EWR-TPA-BOS Mar 2020 (COVID) — not flown as booked
2020-03-15,DL2667,BOS-DTW,CSV_ONLY,KEEP,RECOVERED,Delta,Recliner First,,international_first,202.4 USD,H9ECQY,"=HYPERLINK(""https://mail.google.com/mail/u/0/#all/170d28f06903a8bb"",""Your Flight Receipt - ALEXANDER KENNY GUO 15MAR20"")",DeltaAirLines@t.delta.com,2020-03-13,"HAS EMAIL (recoverable): Delta 'Your Flight Receipt - ALEXANDER KENNY GUO 15MAR20' Mar 13 2020. Missed: 'receipt' subject not in clauses. | RECOVERED: 202.4 USD, international_first, PNR H9ECQY (per-person)."
2020-03-21,UA2165,BOS-EWR,GMAIL_ONLY,DELETE,CANCELLED,,,cancelled,economy,1062.0 USD,GNJ6QD,"=HYPERLINK(""https://mail.google.com/mail/u/0/#all/16fee05f99f9007a"",""eTicket Itinerary and Receipt for Confirmation GNJ6QD"")",Receipts@united.com,2020-01-28,"Already cancelled in DB (cancellation detected) — trip history, never in flown CSV."
2020-03-21,UA1052,EWR-CUN,GMAIL_ONLY,DELETE,CANCELLED,,,cancelled,economy,1062.0 USD,GNJ6QD,"=HYPERLINK(""https://mail.google.com/mail/u/0/#all/16fee05f99f9007a"",""eTicket Itinerary and Receipt for Confirmation GNJ6QD"")",Receipts@united.com,2020-01-28,"Already cancelled in DB (cancellation detected) — trip history, never in flown CSV."
2020-03-24,4O580,CUN-LIM,GMAIL_ONLY,DELETE,REBOOKED_OR_CANCELLED,,,scheduled,,20192.0 MXN,D9N89J,"=HYPERLINK(""https://mail.google.com/mail/u/0/#all/16fef45640d24e2a"",""Fwd: Interjet Itinerario"")",alexanderguo99@gmail.com,2020-01-28,"Interjet D9N89J CANCELLED, refunded to voucher (Apr 3 2020). COVID border closure (Peru). | Interjet CUN-LIM Mar 24 2020 (COVID border closure) — not flown"
2020-03-30,UA887,LIM-EWR,GMAIL_ONLY,DELETE,CANCELLED,,,cancelled,economy,863.98 USD,GN9RP7,"=HYPERLINK(""https://mail.google.com/mail/u/0/#all/16fee0d3d68e710a"",""Your United reservation for Boston, MA, US (BOS) is processing"")",unitedairlines@united.com,2020-01-28,"Already cancelled in DB (cancellation detected) — trip history, never in flown CSV."
2020-03-30,UA2136,EWR-BOS,GMAIL_ONLY,DELETE,CANCELLED,,,cancelled,economy,863.98 USD,GN9RP7,"=HYPERLINK(""https://mail.google.com/mail/u/0/#all/16fee0d3d68e710a"",""Your United reservation for Boston, MA, US (BOS) is processing"")",unitedairlines@united.com,2020-01-28,"Already cancelled in DB (cancellation detected) — trip history, never in flown CSV."
2020-05-19,UA2394,BOS-EWR,GMAIL_ONLY,DELETE,REBOOKED_OR_CANCELLED,,,scheduled,economy,650.7 USD,EENYJY,"=HYPERLINK(""https://mail.google.com/mail/u/0/#all/170bb7dec21380d4"",""eTicket Itinerary and Receipt for Confirmation EENYJY"")",Receipts@united.com,2020-03-08,EENYJY CANCELLED Apr 24 2020 (COVID). HK trip not flown. | EENYJY EWR-HKG May 2020 (COVID) — not flown
2020-05-19,UA179,EWR-HKG,GMAIL_ONLY,DELETE,REBOOKED_OR_CANCELLED,,,scheduled,economy,650.7 USD,EENYJY,"=HYPERLINK(""https://mail.google.com/mail/u/0/#all/170bb7dec21380d4"",""eTicket Itinerary and Receipt for Confirmation EENYJY"")",Receipts@united.com,2020-03-08,EENYJY CANCELLED Apr 24 2020. EWR-HKG not flown. | EENYJY EWR-HKG May 2020 (COVID) — not flown
2020-05-20,UA3501,DTW-EWR,MATCHED,KEEP,,United,Recliner First,scheduled,recliner_first,435.6 USD,BMECCP,"=HYPERLINK(""https://mail.google.com/mail/u/0/#all/17210e12cada59ab"",""Your United reservation for Boston, MA, US (BOS) is processing"")",unitedairlines@united.com,2020-05-13,
2020-05-20,UA3418,EWR-BOS,MATCHED,KEEP,,United,Recliner First,scheduled,recliner_first,435.6 USD,BMECCP,"=HYPERLINK(""https://mail.google.com/mail/u/0/#all/17210e12cada59ab"",""Your United reservation for Boston, MA, US (BOS) is processing"")",unitedairlines@united.com,2020-05-13,
2020-05-21,UA3412,BOS-ORD,MATCHED,KEEP,,United,Economy,scheduled,economy,297.6 USD,BMGLJ7,"=HYPERLINK(""https://mail.google.com/mail/u/0/#all/17210efa065ad3cc"",""Your United reservation for Los Angeles, CA, US (LAX) is processing"")",unitedairlines@united.com,2020-05-13,
2020-05-21,UA1434,ORD-LAX,MATCHED,KEEP,,United,Recliner First,scheduled,economy,297.6 USD,BMGLJ7,"=HYPERLINK(""https://mail.google.com/mail/u/0/#all/17210efa065ad3cc"",""Your United reservation for Los Angeles, CA, US (LAX) is processing"")",unitedairlines@united.com,2020-05-13,
2020-07-05,UA2304,LAX-EWR,MATCHED,KEEP,,United,Lie-flat Business,scheduled,lie_flat_business,511.6 USD,MRXLG6,"=HYPERLINK(""https://mail.google.com/mail/u/0/#all/172a65bee6b0e516"",""Your United reservation for Boston, MA, US (BOS) is processing"")",unitedairlines@united.com,2020-06-11,
2020-07-05,UA3423,EWR-BOS,MATCHED,KEEP,,United,Recliner First,scheduled,recliner_first,511.6 USD,MRXLG6,"=HYPERLINK(""https://mail.google.com/mail/u/0/#all/172a65bee6b0e516"",""Your United reservation for Boston, MA, US (BOS) is processing"")",unitedairlines@united.com,2020-06-11,
2020-08-23,UA647,BOS-DEN,MATCHED,KEEP,,United,Recliner First,scheduled,economy,492.7 USD,LGTNG2,"=HYPERLINK(""https://mail.google.com/mail/u/0/#all/173fae12db59d5a2"",""Your United reservation for Anchorage, AK, US (ANC) is processing"")",unitedairlines@united.com,2020-08-17,
2020-08-23,UA2451,DEN-ANC,MATCHED,KEEP,,United,Economy,scheduled,economy,492.7 USD,LGTNG2,"=HYPERLINK(""https://mail.google.com/mail/u/0/#all/173fae12db59d5a2"",""Your United reservation for Anchorage, AK, US (ANC) is processing"")",unitedairlines@united.com,2020-08-17,
2020-08-27,UA1104,ANC-DEN,GMAIL_ONLY,DELETE,DUPLICATE,,,scheduled,economy,492.7 USD,LGTNG2,"=HYPERLINK(""https://mail.google.com/mail/u/0/#all/173fae12db59d5a2"",""Your United reservation for Anchorage, AK, US (ANC) is processing"")",unitedairlines@united.com,2020-08-17,"Duplicate/superseded: you flew UA1104 ANC-DEN on 2020-08-28 (in CSV, 1d away). This booking version not flown — DELETE."
2020-08-27,UA260,DEN-BOS,GMAIL_ONLY,DELETE,DUPLICATE,,,scheduled,economy,492.7 USD,LGTNG2,"=HYPERLINK(""https://mail.google.com/mail/u/0/#all/173fae12db59d5a2"",""Your United reservation for Anchorage, AK, US (ANC) is processing"")",unitedairlines@united.com,2020-08-17,"Duplicate/superseded: you flew UA217 DEN-BOS on 2020-08-29 (in CSV, 2d away). This booking version not flown — DELETE."
2020-08-28,UA260,DEN-BOS,GMAIL_ONLY,DELETE,DUPLICATE,,,scheduled,economy,492.7 USD,LGTNG2,"=HYPERLINK(""https://mail.google.com/mail/u/0/#all/173fae12db59d5a2"",""Your United reservation for Anchorage, AK, US (ANC) is processing"")",unitedairlines@united.com,2020-08-17,"Duplicate/superseded: you flew UA217 DEN-BOS on 2020-08-29 (in CSV, 1d away). This booking version not flown — DELETE."
2020-08-28,UA1104,ANC-DEN,MATCHED,KEEP,,United,Economy,scheduled,economy,492.7 USD,LGTNG2,"=HYPERLINK(""https://mail.google.com/mail/u/0/#all/173fae12db59d5a2"",""Your United reservation for Anchorage, AK, US (ANC) is processing"")",unitedairlines@united.com,2020-08-17,
2020-08-29,UA1104,ANC-DEN,GMAIL_ONLY,DELETE,DUPLICATE,,,scheduled,economy,,LGTNG2,"=HYPERLINK(""https://mail.google.com/mail/u/0/#all/17421df321c84a28"",""Your United reservation for Boston, MA, US (BOS) is processing"")",unitedairlines@united.com,2020-08-24,"Duplicate/superseded: you flew UA1104 ANC-DEN on 2020-08-28 (in CSV, 1d away). This booking version not flown — DELETE."
2020-08-29,UA260,DEN-BOS,GMAIL_ONLY,DELETE,DUPLICATE,,,scheduled,economy,,LGTNG2,"=HYPERLINK(""https://mail.google.com/mail/u/0/#all/17421df321c84a28"",""Your United reservation for Boston, MA, US (BOS) is processing"")",unitedairlines@united.com,2020-08-24,"Duplicate/superseded: you flew UA217 DEN-BOS on 2020-08-29 (in CSV, 0d away). This booking version not flown — DELETE."
2020-08-29,UA217,DEN-BOS,MATCHED,KEEP,,United,Economy,scheduled,,492.7 USD,LGTNG2,"=HYPERLINK(""https://mail.google.com/mail/u/0/#all/174562369b91375b"",""eTicket Itinerary and Receipt for Confirmation LGTNG2"")",Receipts@united.com,2020-09-03,
2020-10-12,UA531,BOS-SFO,GMAIL_ONLY,DELETE,DUPLICATE,,,scheduled,economy,75.0 USD,CEYYDW,"=HYPERLINK(""https://mail.google.com/mail/u/0/#all/174b398c1e6b83c1"",""Your United reservation for San Francisco, CA, US (SFO) is processing"")",unitedairlines@united.com,2020-09-21,"Duplicate/superseded: you flew UA531 BOS-SFO on 2020-10-14 (in CSV, 2d away). This booking version not flown — DELETE."
2020-10-13,UA720,SFO-DEN,GMAIL_ONLY,DELETE,CANCELLED,,,cancelled,economy,271.1 USD,CEZB3C,"=HYPERLINK(""https://mail.google.com/mail/u/0/#all/174b3a57d2ac2db2"",""eTicket Itinerary and Receipt for Confirmation CEZB3C"")",Receipts@united.com,2020-09-21,"Already cancelled in DB (cancellation detected) — trip history, never in flown CSV."
2020-10-14,UA764,DEN-BOS,GMAIL_ONLY,DELETE,CANCELLED,,,cancelled,economy,271.1 USD,CEZB3C,"=HYPERLINK(""https://mail.google.com/mail/u/0/#all/174b3a57d2ac2db2"",""eTicket Itinerary and Receipt for Confirmation CEZB3C"")",Receipts@united.com,2020-09-21,"Already cancelled in DB (cancellation detected) — trip history, never in flown CSV."
2020-10-14,UA511,BOS-IAD,GMAIL_ONLY,DELETE,REBOOKED_OR_CANCELLED,,,scheduled,economy,4.5 USD,CEYYDW,"=HYPERLINK(""https://mail.google.com/mail/u/0/#all/174627ea196af5f1"",""Your United reservation for San Francisco, CA, US (SFO) is processing"")",unitedairlines@united.com,2020-09-06,CEYYDW re-ticketed; flew BOS-SFO direct (UA531) instead of via IAD. Silent. | Oct 2020 reservation — superseded
2020-10-14,UA575,BOS-SFO,GMAIL_ONLY,DELETE,DUPLICATE,,,scheduled,economy,94.1 USD,CEYYDW,"=HYPERLINK(""https://mail.google.com/mail/u/0/#all/1744cf0029e1681d"",""Your United reservation for San Francisco, CA, US (SFO) is processing"")",unitedairlines@united.com,2020-09-01,"Duplicate/superseded: you flew UA531 BOS-SFO on 2020-10-14 (in CSV, 0d away). This booking version not flown — DELETE."
2020-10-14,UA2435,IAD-SFO,GMAIL_ONLY,DELETE,REBOOKED_OR_CANCELLED,,,scheduled,economy,4.5 USD,CEYYDW,"=HYPERLINK(""https://mail.google.com/mail/u/0/#all/174627ea196af5f1"",""Your United reservation for San Francisco, CA, US (SFO) is processing"")",unitedairlines@united.com,2020-09-06,CEYYDW re-ticketed; flew UA531 BOS-SFO + SFO-ORD-BOS instead. Silent. | Oct 2020 reservation — superseded
2020-10-14,UA531,BOS-SFO,MATCHED,KEEP,,United,Economy,scheduled,economy,94.1 USD,CEYYDW,"=HYPERLINK(""https://mail.google.com/mail/u/0/#all/1746771a744f52d5"",""eTicket Itinerary and Receipt for Confirmation CEYYDW"")",Receipts@united.com,2020-09-07,
2020-10-15,UA720,SFO-DEN,GMAIL_ONLY,DELETE,CANCELLED,,,cancelled,economy,271.1 USD,CEZB3C,"=HYPERLINK(""https://mail.google.com/mail/u/0/#all/174b3a57d2ac2db2"",""eTicket Itinerary and Receipt for Confirmation CEZB3C"")",Receipts@united.com,2020-09-21,"Already cancelled in DB (cancellation detected) — trip history, never in flown CSV."
2020-10-15,UA764,DEN-BOS,GMAIL_ONLY,DELETE,CANCELLED,,,cancelled,economy,271.1 USD,CEZB3C,"=HYPERLINK(""https://mail.google.com/mail/u/0/#all/174b3a57d2ac2db2"",""eTicket Itinerary and Receipt for Confirmation CEZB3C"")",Receipts@united.com,2020-09-21,"Already cancelled in DB (cancellation detected) — trip history, never in flown CSV."
2020-10-15,UA2356,SFO-ORD,MATCHED,KEEP,,United,Economy,scheduled,economy,176.2 USD,CEZB3C,"=HYPERLINK(""https://mail.google.com/mail/u/0/#all/174c25d0d2d5457b"",""eTicket Itinerary and Receipt for Confirmation CEZB3C"")",Receipts@united.com,2020-09-24,
2020-10-16,UA1666,SFO-BOS,GMAIL_ONLY,DELETE,REBOOKED_OR_CANCELLED,,,scheduled,economy,94.1 USD,CEZB3C,"=HYPERLINK(""https://mail.google.com/mail/u/0/#all/1744cf220336d61d"",""Your United reservation for Boston, MA, US (BOS) is processing"")",unitedairlines@united.com,2020-09-01,CEZB3C reservation CANCELLED Sep 24 2020. | Oct 2020 reservation — superseded
2020-10-17,UA664,ORD-BOS,MATCHED,KEEP,,United,Economy,scheduled,economy,176.2 USD,CEZB3C,"=HYPERLINK(""https://mail.google.com/mail/u/0/#all/174c25d0d2d5457b"",""eTicket Itinerary and Receipt for Confirmation CEZB3C"")",Receipts@united.com,2020-09-24,
2020-11-23,UA774,BOS-ORD,MATCHED,KEEP,,United,Economy,scheduled,economy,313.4 USD,D5DEFF,"=HYPERLINK(""https://mail.google.com/mail/u/0/#all/174ef89b08622c69"",""eTicket Itinerary and Receipt for Confirmation D5DEFF"")",Receipts@united.com,2020-10-03,
2020-11-23,UA219,ORD-HNL,MATCHED,KEEP,,United,Lie-flat Business,scheduled,economy,313.4 USD,D5DEFF,"=HYPERLINK(""https://mail.google.com/mail/u/0/#all/174ef89b08622c69"",""eTicket Itinerary and Receipt for Confirmation D5DEFF"")",Receipts@united.com,2020-10-03,
2020-11-30,UA252,HNL-IAH,MATCHED,KEEP,,United,Economy,scheduled,economy,258.5 USD,D5F5PT,"=HYPERLINK(""https://mail.google.com/mail/u/0/#all/175a66f08323e94d"",""eTicket Itinerary and Receipt for Confirmation D5F5PT"")",Receipts@united.com,2020-11-07,
2020-12-01,UA2426,IAH-BOS,MATCHED,KEEP,,United,Economy,scheduled,economy,258.5 USD,D5F5PT,"=HYPERLINK(""https://mail.google.com/mail/u/0/#all/175a66f08323e94d"",""eTicket Itinerary and Receipt for Confirmation D5F5PT"")",Receipts@united.com,2020-11-07,
2020-12-02,UA383,HNL-DEN,GMAIL_ONLY,DELETE,REBOOKED_OR_CANCELLED,,,scheduled,economy,,D5F5PT,"=HYPERLINK(""https://mail.google.com/mail/u/0/#all/1757ef63739a9277"",""Schedule change for reservation D5F5PT"")",notifications@united.com,2020-10-31,D5F5PT schedule-change version (HNL-DEN-BOS); flew HNL-IAH-BOS (UA252/UA2426) Nov 30 instead. | D5F5PT schedule-change (HNL-DEN-BOS) — not flown as booked
2020-12-02,UA534,HNL-LAX,GMAIL_ONLY,DELETE,REBOOKED_OR_CANCELLED,,,scheduled,economy,152.3 USD,D5F5PT,"=HYPERLINK(""https://mail.google.com/mail/u/0/#all/174ef909cb4c0601"",""eTicket Itinerary and Receipt for Confirmation D5F5PT"")",Receipts@united.com,2020-10-03,D5F5PT version (HNL-LAX-SFO); superseded by HNL-IAH-BOS (UA252/UA2426). | D5F5PT HNL-LAX-SFO Dec 2020 — superseded
2020-12-02,UA501,LAX-SFO,GMAIL_ONLY,DELETE,REBOOKED_OR_CANCELLED,,,scheduled,economy,152.3 USD,D5F5PT,"=HYPERLINK(""https://mail.google.com/mail/u/0/#all/174ef909cb4c0601"",""eTicket Itinerary and Receipt for Confirmation D5F5PT"")",Receipts@united.com,2020-10-03,D5F5PT version (LAX-SFO); superseded. Not flown. | D5F5PT HNL-LAX-SFO Dec 2020 — superseded
2020-12-02,UA385,DEN-BOS,GMAIL_ONLY,DELETE,REBOOKED_OR_CANCELLED,,,scheduled,economy,,D5F5PT,"=HYPERLINK(""https://mail.google.com/mail/u/0/#all/1757ef63739a9277"",""Schedule change for reservation D5F5PT"")",notifications@united.com,2020-10-31,D5F5PT schedule-change version; superseded. Flew UA252/UA2426. | D5F5PT schedule-change (HNL-DEN-BOS) — not flown as booked
2020-12-02,UA869,SFO-HKG,GMAIL_ONLY,DELETE,CANCELLED,,,cancelled,economy,2588.1 USD,DJHRBN,"=HYPERLINK(""https://mail.google.com/mail/u/0/#all/174ec1345ddbe363"",""Your United reservation for Shanghai (PVG) is processing"")",unitedairlines@united.com,2020-10-02,"Already cancelled in DB (cancellation detected) — trip history, never in flown CSV."
2020-12-04,HX236,HKG-PVG,GMAIL_ONLY,DELETE,CANCELLED,,,cancelled,economy,2588.1 USD,DJHRBN,"=HYPERLINK(""https://mail.google.com/mail/u/0/#all/174ec1345ddbe363"",""Your United reservation for Shanghai (PVG) is processing"")",unitedairlines@united.com,2020-10-02,"Already cancelled in DB (cancellation detected) — trip history, never in flown CSV."
2020-12-18,UA572,BOS-EWR,MATCHED,KEEP,,United,Recliner First,scheduled,recliner_first,197.1 USD,MECJ2W,"=HYPERLINK(""https://mail.google.com/mail/u/0/#all/17657f1fe6111590"",""Your United reservation for New York/Newark, NJ, US (EWR) is processing"")",unitedairlines@united.com,2020-12-12,
2020-12-19,UA1562,EWR-SKB,MATCHED,KEEP,,United,Economy,scheduled,economy,170.1 USD,ME6PBB,"=HYPERLINK(""https://mail.google.com/mail/u/0/#all/17657ee2eddca886"",""Your United reservation for St. Kitts, KN (SKB) is processing"")",unitedairlines@united.com,2020-12-12,
2021-01-16,UA815,SKB-EWR,MATCHED,KEEP,,United,Recliner First,scheduled,,481.85 USD,DEWW0C,"=HYPERLINK(""https://mail.google.com/mail/u/0/#all/1769587a48c06f97"",""eTicket Itinerary and Receipt for Confirmation DEWW0C"")",Receipts@united.com,2020-12-24,
2021-01-17,UA2411,EWR-BOS,MATCHED,KEEP,,United,Recliner First,scheduled,recliner_first,197.1 USD,DF97S4,"=HYPERLINK(""https://mail.google.com/mail/u/0/#all/17695ccfa3fa1059"",""Your United reservation for Boston, MA, US (BOS) is processing"")",unitedairlines@united.com,2020-12-24,
2021-03-12,B6261,BOS-SJU,MATCHED,KEEP,,JetBlue,Economy,scheduled,economy,283.4 USD,XHUOUO,"=HYPERLINK(""https://mail.google.com/mail/u/0/#all/177ccf41d20f3936"",""JetBlue booking confirmation for ALEXANDER KENNY  GUO  - XHUOUO"")",jetblueairways@email.jetblue.com,2021-02-22,
2021-03-15,B6262,SJU-BOS,MATCHED,KEEP,,JetBlue,Economy,scheduled,economy,283.4 USD,XHUOUO,"=HYPERLINK(""https://mail.google.com/mail/u/0/#all/177ccf41d20f3936"",""JetBlue booking confirmation for ALEXANDER KENNY  GUO  - XHUOUO"")",jetblueairways@email.jetblue.com,2021-02-22,
2021-04-27,B6807,BOS-STT,MATCHED,KEEP,,JetBlue,Economy,scheduled,economy,,YTQFJH,"=HYPERLINK(""https://mail.google.com/mail/u/0/#all/178c047412a172cd"",""JetBlue booking confirmation for ALEXANDER KENNY  GUO  - YTQFJH"")",jetblueairways@email.jetblue.com,2021-04-11,
2021-04-29,UA1784,STT-EWR,MATCHED,KEEP,,United,Economy,scheduled,economy,196.8 USD,C1YCP4,"=HYPERLINK(""https://mail.google.com/mail/u/0/#all/178746a43906b4bd"",""Your United reservation for New York/Newark, NJ, US (EWR) is processing"")",unitedairlines@united.com,2021-03-27,
2021-04-30,UA3552,BOS-EWR,GMAIL_ONLY,DELETE,REBOOKED_OR_CANCELLED,,,scheduled,economy,196.8 USD,C1YCP4,"=HYPERLINK(""https://mail.google.com/mail/u/0/#all/178746a43906b4bd"",""Your United reservation for New York/Newark, NJ, US (EWR) is processing"")",unitedairlines@united.com,2021-03-27,C1YCP4 re-ticketed; flew St Thomas/Utah trips instead. Silent. | Apr/May 2021 reservation — superseded
2021-05-04,UA235,EWR-BOS,GMAIL_ONLY,DELETE,REBOOKED_OR_CANCELLED,,,scheduled,economy,196.8 USD,C1YCP4,"=HYPERLINK(""https://mail.google.com/mail/u/0/#all/178746a43906b4bd"",""Your United reservation for New York/Newark, NJ, US (EWR) is processing"")",unitedairlines@united.com,2021-03-27,C1YCP4 re-ticketed; EWR-BOS not flown as booked. Silent. | Apr/May 2021 reservation — superseded
2021-05-04,UA473,LGA-DEN,MATCHED,KEEP,,United,Economy,scheduled,economy,196.8 USD,C1YCP4,"=HYPERLINK(""https://mail.google.com/mail/u/0/#all/178746a43906b4bd"",""Your United reservation for New York/Newark, NJ, US (EWR) is processing"")",unitedairlines@united.com,2021-03-27,
2021-05-04,UA5168,DEN-SGU,MATCHED,KEEP,,United,Economy,scheduled,economy,196.8 USD,C1YCP4,"=HYPERLINK(""https://mail.google.com/mail/u/0/#all/178746a43906b4bd"",""Your United reservation for New York/Newark, NJ, US (EWR) is processing"")",unitedairlines@united.com,2021-03-27,
2021-05-08,UA5154,SGU-DEN,MATCHED,KEEP,,United,Economy,scheduled,economy,196.8 USD,C1YCP4,"=HYPERLINK(""https://mail.google.com/mail/u/0/#all/178746a43906b4bd"",""Your United reservation for New York/Newark, NJ, US (EWR) is processing"")",unitedairlines@united.com,2021-03-27,
2021-05-08,UA215,DEN-BOS,MATCHED,KEEP,,United,Economy,scheduled,economy,196.8 USD,C1YCP4,"=HYPERLINK(""https://mail.google.com/mail/u/0/#all/178746a43906b4bd"",""Your United reservation for New York/Newark, NJ, US (EWR) is processing"")",unitedairlines@united.com,2021-03-27,
2021-05-26,UA286,BOS-EWR,GMAIL_ONLY,DELETE,DUPLICATE,,,scheduled,economy,166.8 USD,O0QGC8,"=HYPERLINK(""https://mail.google.com/mail/u/0/#all/1785c37bb590e1c4"",""Your United reservation for New York/Newark, NJ, US (EWR) is processing"")",unitedairlines@united.com,2021-03-22,"Duplicate/superseded: you flew UA495 BOS-EWR on 2021-05-26 (in CSV, 0d away). This booking version not flown — DELETE."
2021-05-26,UA495,BOS-EWR,MATCHED,KEEP,,United,Economy,scheduled,economy,166.8 USD,O0QGC8,"=HYPERLINK(""https://mail.google.com/mail/u/0/#all/1785c37bb590e1c4"",""Your United reservation for New York/Newark, NJ, US (EWR) is processing"")",unitedairlines@united.com,2021-03-22,
2021-05-27,UA1178,BOS-EWR,GMAIL_ONLY,DELETE,DUPLICATE,,,scheduled,economy,166.8 USD,O0QGC8,"=HYPERLINK(""https://mail.google.com/mail/u/0/#all/1785c37bb590e1c4"",""Your United reservation for New York/Newark, NJ, US (EWR) is processing"")",unitedairlines@united.com,2021-03-22,"Duplicate/superseded: you flew UA495 BOS-EWR on 2021-05-26 (in CSV, 1d away). This booking version not flown — DELETE."
2021-05-27,TK30,EWR-IST,MATCHED,KEEP,,Turkish,Lie-flat Business,scheduled,lie_flat_business,5.6 USD + 77000 united_mileageplus,NLVH7Y,"=HYPERLINK(""https://mail.google.com/mail/u/0/#all/178523e6d9565508"",""Your United reservation for Istanbul, TR (IST) is processing"")",unitedairlines@united.com,2021-03-20,
2021-05-28,TK2010,IST-ASR,GMAIL_ONLY,DELETE,REBOOKED_OR_CANCELLED,,,scheduled,economy,758.97 TRY,TESFKP,"=HYPERLINK(""https://mail.google.com/mail/u/0/#all/17900ce1ad4d5adb"",""Turkish Airlines - Online Ticket - Information Message"")",onlineticket@thy.com,2021-04-24,"Schedule change (THY T56YDW); flew IST-NAV (TK2004) — same region (Cappadocia), diff airport. | Turkish TK2010 IST-ASR — you flew IST-NAV instead (airport changed)"
2021-05-28,TK2006,IST-NAV,GMAIL_ONLY,DELETE,DUPLICATE,,,scheduled,economy,90.0 TRY,TESFKP,"=HYPERLINK(""https://mail.google.com/mail/u/0/#all/17900dd66d711be5"",""Turkish Airlines - Online Ticket - Information Message"")",onlineticket@thy.com,2021-04-24,"Duplicate/superseded: you flew TK2004 IST-NAV on 2021-05-31 (in CSV, 3d away). This booking version not flown — DELETE."
2021-05-31,TK2007,NAV-IST,GMAIL_ONLY,DELETE,DUPLICATE,,,scheduled,economy,839.97 TRY,T56YDW,"=HYPERLINK(""https://mail.google.com/mail/u/0/#all/17900e21b88d8368"",""Turkish Airlines - Online Ticket - Information Message"")",onlineticket@thy.com,2021-04-24,"Duplicate/superseded: you flew TK2007 NAV-IST on 2021-06-03 (in CSV, 3d away). This booking version not flown — DELETE."
2021-05-31,TK2004,IST-NAV,MATCHED,KEEP,,Turkish,Economy,scheduled,economy,,TESFKP,"=HYPERLINK(""https://mail.google.com/mail/u/0/#all/179c13d743b67ea6"",""Turkish Airlines - Online Ticket - Information Message"")",onlineticket@thy.com,2021-05-31,
2021-06-03,TK2005,NAV-IST,GMAIL_ONLY,DELETE,DUPLICATE,,,scheduled,economy,324.0 TRY,T56YDW,"=HYPERLINK(""https://mail.google.com/mail/u/0/#all/17901190ae46549a"",""Turkish Airlines - Online Ticket - Information Message"")",onlineticket@thy.com,2021-04-24,"Duplicate/superseded: you flew TK2007 NAV-IST on 2021-06-03 (in CSV, 0d away). This booking version not flown — DELETE."
2021-06-03,TK2007,NAV-IST,MATCHED,KEEP,,Turkish,Economy,scheduled,economy,,T56YDW,"=HYPERLINK(""https://mail.google.com/mail/u/0/#all/179a9aa2d591b5cf"",""THY Schedule Change Information T56YDW"")",noreply@thy.com,2021-05-26,
2021-06-04,LH1305,IST-FRA,MATCHED,KEEP,,Lufthansa,Economy,scheduled,economy,582.25 USD,O0JZ5E,"=HYPERLINK(""https://mail.google.com/mail/u/0/#all/1785c2c1645ff612"",""Your United reservation for New York/Newark, NJ, US (EWR) is processing"")",unitedairlines@united.com,2021-03-22,
2021-06-04,UA961,FRA-EWR,MATCHED,KEEP,,United,Lie-flat Business,scheduled,lie_flat_business,582.25 USD,O0JZ5E,"=HYPERLINK(""https://mail.google.com/mail/u/0/#all/1785c2c1645ff612"",""Your United reservation for New York/Newark, NJ, US (EWR) is processing"")",unitedairlines@united.com,2021-03-22,
2021-06-04,UA3433,EWR-BOS,MATCHED,KEEP,,United,Economy,scheduled,economy,166.8 USD,O0QGC8,"=HYPERLINK(""https://mail.google.com/mail/u/0/#all/1785c37bb590e1c4"",""Your United reservation for New York/Newark, NJ, US (EWR) is processing"")",unitedairlines@united.com,2021-03-22,
2021-06-06,UA1112,BOS-DEN,GMAIL_ONLY,DELETE,DUPLICATE,,,scheduled,economy,724.09 USD,PX4EN5,"=HYPERLINK(""https://mail.google.com/mail/u/0/#all/178055a24ff17a07"",""Your United reservation for Denver, CO, US (DEN) is processing"")",unitedairlines@united.com,2021-03-05,"Duplicate/superseded: you flew UA267 BOS-DEN on 2021-06-06 (in CSV, 0d away). This booking version not flown — DELETE."
2021-06-06,UA267,BOS-DEN,MATCHED,KEEP,,United,Economy,scheduled,economy,724.09 USD,PX4EN5,"=HYPERLINK(""https://mail.google.com/mail/u/0/#all/178055a24ff17a07"",""Your United reservation for Denver, CO, US (DEN) is processing"")",unitedairlines@united.com,2021-03-05,
2021-06-09,UA1736,DEN-OGG,MATCHED,KEEP,,United,Lie-flat Business,scheduled,economy,724.09 USD,PX4EN5,"=HYPERLINK(""https://mail.google.com/mail/u/0/#all/178055a24ff17a07"",""Your United reservation for Denver, CO, US (DEN) is processing"")",unitedairlines@united.com,2021-03-05,
2021-06-14,UA43,OGG-EWR,MATCHED,KEEP,,United,Lie-flat Business,scheduled,economy,724.09 USD,PX4EN5,"=HYPERLINK(""https://mail.google.com/mail/u/0/#all/178055a24ff17a07"",""Your United reservation for Denver, CO, US (DEN) is processing"")",unitedairlines@united.com,2021-03-05,
2021-06-15,UA348,OGG-ORD,GMAIL_ONLY,DELETE,REBOOKED_OR_CANCELLED,,,scheduled,economy,724.09 USD,PX4EN5,"=HYPERLINK(""https://mail.google.com/mail/u/0/#all/178055a24ff17a07"",""Your United reservation for Denver, CO, US (DEN) is processing"")",unitedairlines@united.com,2021-03-05,PX4EN5 schedule change; flew OGG-EWR-BOS (UA43/UA697) instead of via ORD. | Jun 2021 reservation — superseded
2021-06-15,UA747,EWR-BOS,GMAIL_ONLY,DELETE,DUPLICATE,,,scheduled,economy,724.09 USD,PX4EN5,"=HYPERLINK(""https://mail.google.com/mail/u/0/#all/178055a24ff17a07"",""Your United reservation for Denver, CO, US (DEN) is processing"")",unitedairlines@united.com,2021-03-05,"Duplicate/superseded: you flew UA697 EWR-BOS on 2021-06-15 (in CSV, 0d away). This booking version not flown — DELETE."
2021-06-15,UA1185,ORD-BOS,GMAIL_ONLY,DELETE,REBOOKED_OR_CANCELLED,,,scheduled,economy,724.09 USD,PX4EN5,"=HYPERLINK(""https://mail.google.com/mail/u/0/#all/178055a24ff17a07"",""Your United reservation for Denver, CO, US (DEN) is processing"")",unitedairlines@united.com,2021-03-05,PX4EN5 schedule change; flew via EWR (UA697) not ORD. Not flown. | Jun 2021 reservation — superseded
2021-06-15,UA697,EWR-BOS,MATCHED,KEEP,,United,Economy,scheduled,economy,724.09 USD,PX4EN5,"=HYPERLINK(""https://mail.google.com/mail/u/0/#all/178055a24ff17a07"",""Your United reservation for Denver, CO, US (DEN) is processing"")",unitedairlines@united.com,2021-03-05,
2021-06-29,UA477,BOS-SFO,GMAIL_ONLY,DELETE,REBOOKED_OR_CANCELLED,,,scheduled,economy,426.8 USD,I0LJVM,"=HYPERLINK(""https://mail.google.com/mail/u/0/#all/178f2a3247ba04f0"",""Your United reservation for San Francisco, CA, US (SFO) is processing"")",unitedairlines@united.com,2021-04-20,I0LJVM re-ticketed; flew BOS-IAD-SFO (UA1470/UA2435) instead of direct. Silent. | Jun 2021 reservation — superseded
2021-06-29,UA1470,BOS-IAD,MATCHED,KEEP,,United,Economy,scheduled,economy,213.4 USD,I0LJVM,"=HYPERLINK(""https://mail.google.com/mail/u/0/#all/17961f8c3b67b5de"",""eTicket Itinerary and Receipt for Confirmation I0LJVM"")",Receipts@united.com,2021-05-12,
2021-06-29,UA2435,IAD-SFO,MATCHED,KEEP,,United,Premium Economy,scheduled,economy,213.4 USD,I0LJVM,"=HYPERLINK(""https://mail.google.com/mail/u/0/#all/17961f8c3b67b5de"",""eTicket Itinerary and Receipt for Confirmation I0LJVM"")",Receipts@united.com,2021-05-12,
2021-09-04,UA1212,SFO-PVR,MATCHED,KEEP,,United,Economy,scheduled,economy,198.92 USD,CCN93R,"=HYPERLINK(""https://mail.google.com/mail/u/0/#all/17b6566572d4cdbd"",""Your United reservation for Puerto Vallarta, MX (PVR) is processing"")",unitedairlines@united.com,2021-08-20,
2021-09-06,UA1243,PVR-SFO,MATCHED,KEEP,,United,Economy,scheduled,economy,72.8 USD + 41900 united_mileageplus,CS346L,"=HYPERLINK(""https://mail.google.com/mail/u/0/#all/17b6714d3e0f0392"",""Your United reservation for San Francisco, CA, US (SFO) is processing"")",unitedairlines@united.com,2021-08-21,
2021-11-16,UA1923,SFO-SAN,MATCHED,KEEP,,United,Recliner First,scheduled,economy,123.84 USD,PLMKM4,"=HYPERLINK(""https://mail.google.com/mail/u/0/#all/17cbaee9b068de5b"",""eTicket Itinerary and Receipt for Confirmation PLMKM4"")",Receipts@united.com,2021-10-26,
2021-11-16,UA1761,SAN-SFO,MATCHED,KEEP,,United,Economy,scheduled,economy,123.84 USD,PLMKM4,"=HYPERLINK(""https://mail.google.com/mail/u/0/#all/17cbaee9b068de5b"",""eTicket Itinerary and Receipt for Confirmation PLMKM4"")",Receipts@united.com,2021-10-26,
2021-11-20,TP236,SFO-LIS,MATCHED,KEEP,,TAP,Economy,scheduled,,735.9 USD,JOY8UC,"=HYPERLINK(""https://mail.google.com/mail/u/0/#all/17bed199d95b2608"",""Booking Confirmation E-mail"")",no-reply@flytap.com,2021-09-16,
2021-11-21,TP842,LIS-FCO,MATCHED,KEEP,,TAP,Economy,scheduled,,735.9 USD,JOY8UC,"=HYPERLINK(""https://mail.google.com/mail/u/0/#all/17bed199d95b2608"",""Booking Confirmation E-mail"")",no-reply@flytap.com,2021-09-16,
2021-11-27,TP837,FCO-LIS,MATCHED,KEEP,,TAP,Economy,scheduled,,735.9 USD,JOY8UC,"=HYPERLINK(""https://mail.google.com/mail/u/0/#all/17bed199d95b2608"",""Booking Confirmation E-mail"")",no-reply@flytap.com,2021-09-16,
2021-11-27,TP237,LIS-SFO,MATCHED,KEEP,,TAP,Economy,scheduled,,735.9 USD,JOY8UC,"=HYPERLINK(""https://mail.google.com/mail/u/0/#all/17bed199d95b2608"",""Booking Confirmation E-mail"")",no-reply@flytap.com,2021-09-16,
2021-12-23,B61516,SFO-JFK,MATCHED,KEEP,,JetBlue,Lie-flat Business,scheduled,lie_flat_business,1458.0 USD,VPWOCK,"=HYPERLINK(""https://mail.google.com/mail/u/0/#all/17c2046677cf6760"",""JetBlue booking confirmation  for ALEXANDER KENNY  GUO - VPWOCK"")",jetblueairways@email.jetblue.com,2021-09-25,
2021-12-24,B6869,JFK-PUJ,MATCHED,KEEP,,JetBlue,Economy,scheduled,economy,1458.0 USD,VPWOCK,"=HYPERLINK(""https://mail.google.com/mail/u/0/#all/17c2046677cf6760"",""JetBlue booking confirmation  for ALEXANDER KENNY  GUO - VPWOCK"")",jetblueairways@email.jetblue.com,2021-09-25,
2022-01-03,UA1614,PUJ-IAD,GMAIL_ONLY,DELETE,CANCELLED,,,cancelled,lie_flat_business,,M5RKS7,"=HYPERLINK(""https://mail.google.com/mail/u/0/#all/17c758075bffbc80"",""Your United reservation for San Francisco, CA, US (SFO) is processing"")",unitedairlines@united.com,2021-10-12,"Already cancelled in DB (cancellation detected) — trip history, never in flown CSV."
2022-01-03,UA2435,IAD-SFO,GMAIL_ONLY,DELETE,CANCELLED,,,cancelled,recliner_first,,M5RKS7,"=HYPERLINK(""https://mail.google.com/mail/u/0/#all/17c758075bffbc80"",""Your United reservation for San Francisco, CA, US (SFO) is processing"")",unitedairlines@united.com,2021-10-12,"Already cancelled in DB (cancellation detected) — trip history, never in flown CSV."
2022-01-03,UA524,PUJ-IAH,MATCHED,KEEP,,United,Recliner First,scheduled,lie_flat_business,1486.35 USD,M5RKS7,"=HYPERLINK(""https://mail.google.com/mail/u/0/#all/17c20b2dd4f40a9e"",""eTicket Itinerary and Receipt for Confirmation M5RKS7"")",Receipts@united.com,2021-09-26,
2022-01-03,UA1778,IAH-AUS,MATCHED,KEEP,,United,Recliner First,scheduled,economy,89.46 USD,PJ72RR,"=HYPERLINK(""https://mail.google.com/mail/u/0/#all/17dcc03ec74925ad"",""eTicket Itinerary and Receipt for Confirmation PJ72RR"")",Receipts@united.com,2021-12-18,
2022-01-04,UA1853,IAH-SFO,GMAIL_ONLY,DELETE,REBOOKED_OR_CANCELLED,,,scheduled,recliner_first,1486.35 USD,M5RKS7,"=HYPERLINK(""https://mail.google.com/mail/u/0/#all/17c20b2dd4f40a9e"",""eTicket Itinerary and Receipt for Confirmation M5RKS7"")",Receipts@united.com,2021-09-26,M5RKS7 re-ticketed -> LGN3PW; flew PUJ-IAH-AUS then AUS-SFO. Dup IAH-SFO capture. | M5RKS7 two IAH-SFO options same day — superseded
2022-01-04,UA2621,IAH-SFO,GMAIL_ONLY,DELETE,REBOOKED_OR_CANCELLED,,,scheduled,recliner_first,1486.35 USD,M5RKS7,"=HYPERLINK(""https://mail.google.com/mail/u/0/#all/17c20b2dd4f40a9e"",""eTicket Itinerary and Receipt for Confirmation M5RKS7"")",Receipts@united.com,2021-09-26,M5RKS7 duplicate IAH-SFO option; not flown. Silent. | M5RKS7 two IAH-SFO options same day — superseded
2022-01-06,UA2123,AUS-SFO,MATCHED,KEEP,,United,Recliner First,scheduled,economy,86.56 USD,PJLDZX,"=HYPERLINK(""https://mail.google.com/mail/u/0/#all/17dcc073490eb11a"",""eTicket Itinerary and Receipt for Confirmation PJLDZX"")",Receipts@united.com,2021-12-18,
2022-02-05,UA1485,SFO-ORD,GMAIL_ONLY,DELETE,REBOOKED_OR_CANCELLED,,,scheduled,recliner_first,241.39 USD,LF11CR,"=HYPERLINK(""https://mail.google.com/mail/u/0/#all/17e4f7c0ac089660"",""Your United reservation for San Francisco, CA, US (SFO) is processing"")",unitedairlines@united.com,2022-01-12,LF11CR CANCELLED (Jan 12 2022); flew SFO-IAH-SJO (UA1484/UA1096) Feb 5. | SFO-ORD-SJO Feb 5 (processing) — superseded by Feb 26 booking
2022-02-05,UA1135,ORD-SJO,GMAIL_ONLY,DELETE,REBOOKED_OR_CANCELLED,,,scheduled,economy,241.39 USD,LF11CR,"=HYPERLINK(""https://mail.google.com/mail/u/0/#all/17e4f7c0ac089660"",""Your United reservation for San Francisco, CA, US (SFO) is processing"")",unitedairlines@united.com,2022-01-12,LF11CR CANCELLED Jan 12; flew via IAH not ORD. Not flown. | SFO-ORD-SJO Feb 5 (processing) — superseded by Feb 26 booking
2022-02-05,UA1484,SFO-IAH,MATCHED,KEEP,,United,Economy,scheduled,economy,241.39 USD,LF11CR,"=HYPERLINK(""https://mail.google.com/mail/u/0/#all/17e4f7c0ac089660"",""Your United reservation for San Francisco, CA, US (SFO) is processing"")",unitedairlines@united.com,2022-01-12,
2022-02-05,UA1096,IAH-SJO,MATCHED,KEEP,,United,Recliner First,scheduled,economy,241.39 USD,LF11CR,"=HYPERLINK(""https://mail.google.com/mail/u/0/#all/17e4f7c0ac089660"",""Your United reservation for San Francisco, CA, US (SFO) is processing"")",unitedairlines@united.com,2022-01-12,
2022-02-09,UA1172,SJO-IAH,MATCHED,KEEP,,United,Recliner First,scheduled,economy,241.39 USD,LF11CR,"=HYPERLINK(""https://mail.google.com/mail/u/0/#all/17e4f7c0ac089660"",""Your United reservation for San Francisco, CA, US (SFO) is processing"")",unitedairlines@united.com,2022-01-12,
2022-02-09,UA547,IAH-SFO,MATCHED,KEEP,,United,Economy,scheduled,economy,241.39 USD,LF11CR,"=HYPERLINK(""https://mail.google.com/mail/u/0/#all/17e4f7c0ac089660"",""Your United reservation for San Francisco, CA, US (SFO) is processing"")",unitedairlines@united.com,2022-01-12,
2022-02-24,LH455,SFO-FRA,MATCHED,KEEP,,Lufthansa,International First,scheduled,,100.6 USD + 174000 avianca_lifemiles,27JO5K,"=HYPERLINK(""https://mail.google.com/mail/u/0/#all/17f14b9de5ba770a"",""You’ve redeemed LifeMiles!"")",lifemiles@noti.lifemiles.com,2022-02-19,
2022-02-26,UA1485,SFO-ORD,GMAIL_ONLY,DELETE,REBOOKED_OR_CANCELLED,,,scheduled,economy,181.16 USD,JZGY6Q,"=HYPERLINK(""https://mail.google.com/mail/u/0/#all/17e4d4b0f4833244"",""eTicket Itinerary and Receipt for Confirmation JZGY6Q"")",Receipts@united.com,2022-01-12,JZGY6Q superseded version of Costa Rica trip; flew via IAH Feb 5. Silent. | JZGY6Q SFO-ORD-SJO Feb 26 — not in CSV (rebooked/cancelled Costa Rica)
2022-02-26,UA1135,ORD-SJO,GMAIL_ONLY,DELETE,REBOOKED_OR_CANCELLED,,,scheduled,economy,181.16 USD,JZGY6Q,"=HYPERLINK(""https://mail.google.com/mail/u/0/#all/17e4d4b0f4833244"",""eTicket Itinerary and Receipt for Confirmation JZGY6Q"")",Receipts@united.com,2022-01-12,JZGY6Q superseded version; not flown. Silent. | JZGY6Q SFO-ORD-SJO Feb 26 — not in CSV (rebooked/cancelled Costa Rica)
2022-02-27,UA59,FRA-SFO,MATCHED,KEEP,,United,Economy,scheduled,economy,134.97 USD + 32100 united_mileageplus,GMWH97,"=HYPERLINK(""https://mail.google.com/mail/u/0/#all/17f14c0043183b9e"",""Your United reservation for San Francisco, CA, US (SFO) is processing"")",unitedairlines@united.com,2022-02-19,
2022-04-01,UA4805,SFO-SLC,GMAIL_ONLY,DELETE,DUPLICATE,,,scheduled,economy,437.2 USD,NHSNXG,"=HYPERLINK(""https://mail.google.com/mail/u/0/#all/17e564e37fe372b4"",""eTicket Itinerary and Receipt for Confirmation NHSNXG"")",Receipts@united.com,2022-01-13,"Duplicate/superseded: you flew UA4710 SFO-SLC on 2022-04-01 (in CSV, 0d away). This booking version not flown — DELETE."
2022-04-01,UA4710,SFO-SLC,MATCHED,KEEP,,United,Recliner First,scheduled,economy,5.6 USD + 7300 united_mileageplus,JVLT6M,"=HYPERLINK(""https://mail.google.com/mail/u/0/#all/17e4c65e65f1595e"",""eTicket Itinerary and Receipt for Confirmation JVLT6M"")",Receipts@united.com,2022-01-11,
2022-04-05,UA5736,SLC-SFO,MATCHED,KEEP,,United,Recliner First,scheduled,economy,5.6 USD + 7300 united_mileageplus,JVLT6M,"=HYPERLINK(""https://mail.google.com/mail/u/0/#all/17e4c65e65f1595e"",""eTicket Itinerary and Receipt for Confirmation JVLT6M"")",Receipts@united.com,2022-01-11,
2022-04-12,UA2341,SFO-LAS,MATCHED,KEEP,,United,Economy,scheduled,economy,11.2 USD + 11000 united_mileageplus,E069NX,"=HYPERLINK(""https://mail.google.com/mail/u/0/#all/17f86315eda952f8"",""Your United reservation for Las Vegas, NV, US (LAS) is processing"")",unitedairlines@united.com,2022-03-13,
2022-04-13,UA1852,LAS-SFO,GMAIL_ONLY,DELETE,DUPLICATE,,,scheduled,economy,11.2 USD + 11000 united_mileageplus,E069NX,"=HYPERLINK(""https://mail.google.com/mail/u/0/#all/17f86315eda952f8"",""Your United reservation for Las Vegas, NV, US (LAS) is processing"")",unitedairlines@united.com,2022-03-13,"Duplicate/superseded: you flew UA1728 LAS-SFO on 2022-04-13 (in CSV, 0d away). This booking version not flown — DELETE."
2022-04-13,UA1728,LAS-SFO,MATCHED,KEEP,,United,Economy,scheduled,economy,11.2 USD + 11000 united_mileageplus,E069NX,"=HYPERLINK(""https://mail.google.com/mail/u/0/#all/17f86315eda952f8"",""Your United reservation for Las Vegas, NV, US (LAS) is processing"")",unitedairlines@united.com,2022-03-13,
2022-05-19,UA1723,SFO-KOA,MATCHED,KEEP,,United,Economy,scheduled,economy,297.0 USD,LGN3PW,"=HYPERLINK(""https://mail.google.com/mail/u/0/#all/17f95107f6e77d33"",""Your United reservation for Kona, HI, US (KOA) is processing"")",unitedairlines@united.com,2022-03-16,
2022-05-23,UA435,KOA-SFO,GMAIL_ONLY,DELETE,DUPLICATE,,,scheduled,economy,297.0 USD,LGN3PW,"=HYPERLINK(""https://mail.google.com/mail/u/0/#all/17f95107f6e77d33"",""Your United reservation for Kona, HI, US (KOA) is processing"")",unitedairlines@united.com,2022-03-16,"Duplicate/superseded: you flew UA1724 KOA-SFO on 2022-05-23 (in CSV, 0d away). This booking version not flown — DELETE."
2022-05-23,UA1724,KOA-SFO,MATCHED,KEEP,,United,Economy,scheduled,economy,297.0 USD,LGN3PW,"=HYPERLINK(""https://mail.google.com/mail/u/0/#all/17f95107f6e77d33"",""Your United reservation for Kona, HI, US (KOA) is processing"")",unitedairlines@united.com,2022-03-16,
2022-06-14,UA522,SFO-JFK,MATCHED,KEEP,,United,Economy,scheduled,economy,222.2 USD,FYT1MS,"=HYPERLINK(""https://mail.google.com/mail/u/0/#all/17f3b26ca3ad9474"",""eTicket Itinerary and Receipt for Confirmation FYT1MS"")",Receipts@united.com,2022-02-27,
2022-06-21,UA395,EWR-SFO,MATCHED,KEEP,,United,Premium Economy,scheduled,economy,222.2 USD,FYT1MS,"=HYPERLINK(""https://mail.google.com/mail/u/0/#all/17f3b26ca3ad9474"",""eTicket Itinerary and Receipt for Confirmation FYT1MS"")",Receipts@united.com,2022-02-27,
2022-07-29,UA1449,SFO-EWR,MATCHED,KEEP,,United,Lie-flat Business,scheduled,premium_economy,1192.2 USD,C9GWYC,"=HYPERLINK(""https://mail.google.com/mail/u/0/#all/181dc604c4a193c2"",""eTicket Itinerary and Receipt for Confirmation C9GWYC"")",Receipts@united.com,2022-07-08,
2022-08-04,UA1257,EWR-SFO,MATCHED,KEEP,,United,Premium Economy,scheduled,premium_economy,1192.2 USD,C9GWYC,"=HYPERLINK(""https://mail.google.com/mail/u/0/#all/181dc604c4a193c2"",""eTicket Itinerary and Receipt for Confirmation C9GWYC"")",Receipts@united.com,2022-07-08,
2022-10-07,AS3431,SJC-PSP,MATCHED,KEEP,,Alaska,Economy,cancelled,economy,10975 chase_ur,WLZRUO,"=HYPERLINK(""https://mail.google.com/mail/u/0/#all/18266a7e4cf3d661"",""Travel Reservation Center Trip ID # FPTDR5X9M"")",donotreply@urtravel.chase.com,2022-08-04,
2022-10-08,UA2475,SFO-PSP,GMAIL_ONLY,DELETE,CANCELLED,,,cancelled,economy,,DNGT9M,"=HYPERLINK(""https://mail.google.com/mail/u/0/#all/18264bc8d2147792"",""Your United reservation for Palm Springs, CA, US (PSP) is processing"")",unitedairlines@united.com,2022-08-03,"Already cancelled in DB (cancellation detected) — trip history, never in flown CSV."
2022-10-10,UA5997,PSP-SFO,GMAIL_ONLY,DELETE,CANCELLED,,,cancelled,economy,,DNGT9M,"=HYPERLINK(""https://mail.google.com/mail/u/0/#all/18264bc8d2147792"",""Your United reservation for Palm Springs, CA, US (PSP) is processing"")",unitedairlines@united.com,2022-08-03,"Already cancelled in DB (cancellation detected) — trip history, never in flown CSV."
2022-10-10,AS3428,PSP-SJC,MATCHED,KEEP,,Alaska,Economy,cancelled,economy,10975 chase_ur,WLZRUO,"=HYPERLINK(""https://mail.google.com/mail/u/0/#all/18266a7e4cf3d661"",""Travel Reservation Center Trip ID # FPTDR5X9M"")",donotreply@urtravel.chase.com,2022-08-04,
2022-10-13,LH459,SFO-MUC,MATCHED,KEEP,,Lufthansa,Economy,scheduled,economy,440.27 USD,PNTT9Y,"=HYPERLINK(""https://mail.google.com/mail/u/0/#all/1822967f8c44a140"",""Booking details | Departure: 13 October 2022 | SFO-LIS"")",online@booking.lufthansa.com,2022-07-23,
2022-10-14,LH1780,MUC-LIS,MATCHED,KEEP,,Lufthansa,Economy,scheduled,economy,440.27 USD,PNTT9Y,"=HYPERLINK(""https://mail.google.com/mail/u/0/#all/1822967f8c44a140"",""Booking details | Departure: 13 October 2022 | SFO-LIS"")",online@booking.lufthansa.com,2022-07-23,
2022-10-19,LH1497,LIS-FRA,GMAIL_ONLY,DELETE,REBOOKED_OR_CANCELLED,,,scheduled,economy,440.27 USD,PNTT9Y,"=HYPERLINK(""https://mail.google.com/mail/u/0/#all/1822967f8c44a140"",""Booking details | Departure: 13 October 2022 | SFO-LIS"")",online@booking.lufthansa.com,2022-07-23,Rebooked return; flew LIS-MUC-SFO (LH1781/LH458) instead of via FRA. Silent. | Lufthansa LIS-FRA-SFO return Oct 2022 — not in CSV
2022-10-19,LH454,FRA-SFO,GMAIL_ONLY,DELETE,REBOOKED_OR_CANCELLED,,,scheduled,economy,440.27 USD,PNTT9Y,"=HYPERLINK(""https://mail.google.com/mail/u/0/#all/1822967f8c44a140"",""Booking details | Departure: 13 October 2022 | SFO-LIS"")",online@booking.lufthansa.com,2022-07-23,Rebooked return FRA-SFO; flew MUC-SFO (LH458) instead. Silent. | Lufthansa LIS-FRA-SFO return Oct 2022 — not in CSV
2022-10-19,LH1781,LIS-MUC,MATCHED,KEEP,,Lufthansa,Economy,scheduled,economy,440.27 USD,PNTT9Y,"=HYPERLINK(""https://mail.google.com/mail/u/0/#all/1822967f8c44a140"",""Booking details | Departure: 13 October 2022 | SFO-LIS"")",online@booking.lufthansa.com,2022-07-23,
2022-10-19,LH458,MUC-SFO,MATCHED,KEEP,,Lufthansa,Economy,scheduled,economy,440.27 USD,PNTT9Y,"=HYPERLINK(""https://mail.google.com/mail/u/0/#all/1822967f8c44a140"",""Booking details | Departure: 13 October 2022 | SFO-LIS"")",online@booking.lufthansa.com,2022-07-23,
2022-11-10,UA29,SFO-SIN,MATCHED,KEEP,,United,Economy,cancelled,economy,936.87 USD,DWRXQD,"=HYPERLINK(""https://mail.google.com/mail/u/0/#all/180e06fc9c517a9b"",""eTicket Itinerary and Receipt for Confirmation DWRXQD"")",Receipts@united.com,2022-05-20,
2022-11-25,VJ812,SIN-SGN,MATCHED,KEEP,,VietJet,Economy,scheduled,economy,63.08 USD,XMX69H,"=HYPERLINK(""https://mail.google.com/mail/u/0/#all/182d3542f6257653"",""VietJet Air - RESERVATION #XMX69H ITINERARY"")",noreply.itinerary@vietjetair.com,2022-08-25,
2022-11-27,3K552,SGN-SIN,MATCHED,KEEP,,JetStar,Economy,scheduled,,,QNYFTQ,"=HYPERLINK(""https://mail.google.com/mail/u/0/#all/182d357dfba19a77"",""Fwd: Jetstar Booking Confirmation Email"")",alexanderguo99@gmail.com,2022-08-24,
2022-11-28,UA2,SIN-SFO,MATCHED,KEEP,,United,Economy,cancelled,economy,936.87 USD,DWRXQD,"=HYPERLINK(""https://mail.google.com/mail/u/0/#all/180e06fc9c517a9b"",""eTicket Itinerary and Receipt for Confirmation DWRXQD"")",Receipts@united.com,2022-05-20,
2022-12-10,UA300,SFO-HNL,MATCHED,KEEP,,United,Premium Economy,scheduled,economy,122.16 USD,EF10FH,"=HYPERLINK(""https://mail.google.com/mail/u/0/#all/183905d8c24f0abf"",""eTicket Itinerary and Receipt for Confirmation EF10FH"")",Receipts@united.com,2022-09-30,
2022-12-11,NZ9,HNL-AKL,MATCHED,KEEP,,Air New Zealand,Economy,scheduled,,82.2 USD + 35000 avianca_lifemiles,4W8WJG,"=HYPERLINK(""https://mail.google.com/mail/u/0/#all/1838d1de5d9b9792"",""You’ve redeemed LifeMiles!"")",lifemiles@confirmation.lifemiles.com,2022-09-30,
2022-12-18,NZ527,AKL-CHC,MATCHED,KEEP,,Air New Zealand,Economy,scheduled,economy,,TXNG8H,"=HYPERLINK(""https://mail.google.com/mail/u/0/#all/1845ffec87d2fac8"",""Information to plan your trip to Christchurch - booking ref TXNG8H"")",AirNZ@digitalcomms.airnz.co.nz,2022-11-10,
2022-12-24,NZ1266,ZQN-AKL,MATCHED,KEEP,,Air New Zealand,Economy,scheduled,economy,,CX3EFH,"=HYPERLINK(""https://mail.google.com/mail/u/0/#all/1845ffebd3f58b44"",""Information to plan your trip to Auckland - booking ref CX3EFH"")",AirNZ@digitalcomms.airnz.co.nz,2022-11-10,
2022-12-27,UA916,AKL-SFO,MATCHED,KEEP,,United,Lie-flat Business,scheduled,premium_economy,1322.48 USD,LHGKMB,"=HYPERLINK(""https://mail.google.com/mail/u/0/#all/1843f3d40921d706"",""Your United reservation for San Francisco, CA, US (SFO) is processing"")",unitedairlines@united.com,2022-11-03,
2022-12-27,UA2037,SFO-TPA,MATCHED,KEEP,,United,Economy,scheduled,economy,514.7 USD,LHG94D,"=HYPERLINK(""https://mail.google.com/mail/u/0/#all/1843f3d8094c8d66"",""eTicket Itinerary and Receipt for Confirmation LHG94D"")",Receipts@united.com,2022-11-03,
2023-01-01,JQ208,MEL-SIN,GMAIL_ONLY,DELETE,REBOOKED_OR_CANCELLED,,,scheduled,,1000.0 AUD,67890ABC,"=HYPERLINK(""https://mail.google.com/mail/u/0/#all/182d34e453a5b641"",""Jetstar Booking Confirmation Email"")",noreply@jetstar.com,2022-08-25,"PARSE ERROR: this Jetstar email (PNR QNYFTQ) is actually 3K552 SGN-SIN Nov 27 2022 (Vietnam->Singapore, w/ Rachel Tee) — already flown & in CSV. JQ208 MEL-SIN Jan 2023 was hallucinated by the parser. DELETE. | Jetstar MEL-SIN / SIN-MEL — not in CSV"
2023-01-02,UA599,TPA-EWR,GMAIL_ONLY,DELETE,OTHER_PEOPLE,,,scheduled,economy,845.7 USD,L797R2,"=HYPERLINK(""https://mail.google.com/mail/u/0/#all/1843f5654ae05301"",""eTicket Itinerary and Receipt for Confirmation L797R2"")",Receipts@united.com,2022-11-03,"NOT YOURS: sister (GUO/COURTNEY) + mom (YING/KUI), PNR L797R2. You flew UA1538 TPA-SFO Jan 2. | L797R2 TPA-EWR — passengers are Courtney & Ying Kui, not you"
2023-01-02,UA1538,TPA-SFO,MATCHED,KEEP,,United,Economy,scheduled,economy,514.7 USD,L7NG6B,"=HYPERLINK(""https://mail.google.com/mail/u/0/#all/1843f52855a607e9"",""eTicket Itinerary and Receipt for Confirmation L7NG6B"")",Receipts@united.com,2022-11-03,
2023-01-08,JQ207,SIN-MEL,GMAIL_ONLY,DELETE,REBOOKED_OR_CANCELLED,,,scheduled,,1000.0 AUD,67890ABC,"=HYPERLINK(""https://mail.google.com/mail/u/0/#all/182d34e453a5b641"",""Jetstar Booking Confirmation Email"")",noreply@jetstar.com,2022-08-25,"PARSE ERROR: same Jetstar email (QNYFTQ = 3K552 SGN-SIN Nov 2022). JQ207 SIN-MEL Jan 2023 is a parser hallucination, never existed. DELETE. | Jetstar MEL-SIN / SIN-MEL — not in CSV"
2023-01-16,UA2321,SFO-EWR,MATCHED,KEEP,,United,Lie-flat Business,scheduled,premium_economy,616.9 USD,ID0HMR,"=HYPERLINK(""https://mail.google.com/mail/u/0/#all/185b290c167b70d7"",""eTicket Itinerary and Receipt for Confirmation ID0HMR"")",Receipts@united.com,2023-01-14,
2023-01-17,UA2059,SFO-EWR,GMAIL_ONLY,DELETE,DUPLICATE,,,scheduled,premium_economy,616.9 USD,ID0HMR,"=HYPERLINK(""https://mail.google.com/mail/u/0/#all/185b1ee91b5f450f"",""eTicket Itinerary and Receipt for Confirmation ID0HMR"")",Receipts@united.com,2023-01-14,"Duplicate/superseded: you flew UA2321 SFO-EWR on 2023-01-16 (in CSV, 1d away). This booking version not flown — DELETE."
2023-01-20,UA731,PHL-SFO,MATCHED,KEEP,,United,Economy,scheduled,economy,246.7 USD,ID443E,"=HYPERLINK(""https://mail.google.com/mail/u/0/#all/185b1e745bd97a6a"",""eTicket Itinerary and Receipt for Confirmation ID443E"")",Receipts@united.com,2023-01-14,
2023-02-04,AS2011,SFO-PHX,MATCHED,KEEP,,Alaska,Economy,scheduled,economy,68.9 USD + 5512 chase_ur,KCYMZG,"=HYPERLINK(""https://mail.google.com/mail/u/0/#all/185a9f9f5eebb392"",""Fwd: Travel Reservation Center Trip ID # N3XQM568B"")",emszhai98@gmail.com,2023-01-12,
2023-02-05,UA1893,PHX-SFO,MATCHED,KEEP,,United,Economy,scheduled,economy,170.7 USD,CQPBZ7,"=HYPERLINK(""https://mail.google.com/mail/u/0/#all/185a4ba329d29b55"",""eTicket Itinerary and Receipt for Confirmation CQPBZ7"")",Receipts@united.com,2023-01-12,
2023-03-02,UA2059,SFO-EWR,MATCHED,KEEP,,United,Economy,scheduled,economy,277.8 USD,EQ4L01,"=HYPERLINK(""https://mail.google.com/mail/u/0/#all/185a8f1efad677a3"",""eTicket Itinerary and Receipt for Confirmation EQ4L01"")",Receipts@united.com,2023-01-12,
2023-03-03,UA1065,EWR-MEX,MATCHED,KEEP,,United,Economy,scheduled,economy,40.71 USD + 17500 united_mileageplus,EBKD6L,"=HYPERLINK(""https://mail.google.com/mail/u/0/#all/185a8002403c4cde"",""eTicket Itinerary and Receipt for Confirmation EBKD6L"")",Receipts@united.com,2023-01-12,
2023-03-04,UA412,SFO-MEX,GMAIL_ONLY,DELETE,REBOOKED_OR_CANCELLED,,,scheduled,economy,81.42 USD + 35000 united_mileageplus,CKDSXW,"=HYPERLINK(""https://mail.google.com/mail/u/0/#all/185a3fdd65db40fd"",""Your United reservation for Mexico City, MX (MEX) is processing"")",unitedairlines@united.com,2023-01-11,Rebooked; flew EWR-MEX (UA1065) Mar 3 instead of SFO-MEX direct. | SFO-MEX Mar 2023 reservation — superseded
2023-03-06,Y45200,MEX-OAK,MATCHED,KEEP,,Volaris,Economy,scheduled,economy,6382.0 MXN,GB6BTM,"=HYPERLINK(""https://mail.google.com/mail/u/0/#all/185a4a7ee785db61"",""My Itinerary - Volaris reservations"")",notificaciones@volaris.com,2023-01-12,
2023-03-24,UA1200,SFO-LAX,MATCHED,KEEP,,United,Economy,scheduled,economy,1147.2 USD,CRQ9MX,"=HYPERLINK(""https://mail.google.com/mail/u/0/#all/186cf279561a1a79"",""eTicket Itinerary and Receipt for Confirmation CRQ9MX"")",Receipts@united.com,2023-03-11,
2023-03-25,UA923,LAX-LHR,MATCHED,KEEP,,United,Lie-flat Business,scheduled,lie_flat_business,11.2 USD + 124400 united_mileageplus,OL2VFN,"=HYPERLINK(""https://mail.google.com/mail/u/0/#all/186c7414ef98a58d"",""eTicket Itinerary and Receipt for Confirmation OL2VFN"")",Receipts@united.com,2023-03-09,
2023-03-26,UA930,SFO-LHR,GMAIL_ONLY,DELETE,CANCELLED,,,cancelled,economy,11.2 USD + 60000 united_mileageplus,LMGDWM,"=HYPERLINK(""https://mail.google.com/mail/u/0/#all/1867d0bc62f9b62d"",""Your United reservation for London, GB (LHR) is processing"")",unitedairlines@united.com,2023-02-23,"Already cancelled in DB (cancellation detected) — trip history, never in flown CSV."
2023-03-26,UA901,SFO-LHR,GMAIL_ONLY,DELETE,REBOOKED_OR_CANCELLED,,,scheduled,economy,11.2 USD + 46000 united_mileageplus,ND5JSD,"=HYPERLINK(""https://mail.google.com/mail/u/0/#all/1868005eb8c72001"",""Your United reservation for London, GB (LHR) is processing"")",unitedairlines@united.com,2023-02-23,Rebooked; flew SFO-LAX-LHR (UA1200/UA923) Mar 24-25 instead of SFO-LHR direct. | SFO-LHR Mar 2023 reservation — superseded
2023-03-29,UA921,LHR-EWR,MATCHED,KEEP,,United,Premium Economy,scheduled,economy,185.65 USD + 22700 united_mileageplus,JVD2XB,"=HYPERLINK(""https://mail.google.com/mail/u/0/#all/1867b1d851ef6901"",""eTicket Itinerary and Receipt for Confirmation JVD2XB"")",Receipts@united.com,2023-02-22,
2023-03-30,UA2385,SFO-SEA,GMAIL_ONLY,DELETE,REBOOKED_OR_CANCELLED,,,scheduled,economy,207.8 USD,F4D2ZN,"=HYPERLINK(""https://mail.google.com/mail/u/0/#all/18672b2cb411a8e0"",""eTicket Itinerary and Receipt for Confirmation F4D2ZN"")",Receipts@united.com,2023-02-21,F4D2ZN re-ticketed; flew EWR-SEA (UA1989) Mar 31 instead of SFO-SEA. Silent. | F4D2ZN SFO-SEA — not in CSV
2023-03-31,UA1989,EWR-SEA,MATCHED,KEEP,,United,Economy,scheduled,economy,5.6 USD + 24300 united_mileageplus,IF21K2,"=HYPERLINK(""https://mail.google.com/mail/u/0/#all/186781eed180a20b"",""eTicket Itinerary and Receipt for Confirmation IF21K2"")",Receipts@united.com,2023-02-22,
2023-04-01,AS1042,SEA-SFO,MATCHED,KEEP,,Alaska,Economy,scheduled,economy,197.8 USD,YPPZUT,"=HYPERLINK(""https://mail.google.com/mail/u/0/#all/1867bd8ca3e61c0e"",""Your confirmation receipt: YPPZUT for your flight to San Francisco on 4/1/23."")",service@ifly.alaskaair.com,2023-02-22,
2023-04-05,DL3879,OAK-SLC,MATCHED,KEEP,,Delta,Economy,scheduled,economy,28448 chase_ur,"HQS65K,HQHXCM","=HYPERLINK(""https://mail.google.com/mail/u/0/#all/1861b8a1c623541a"",""Travel Reservation Center Trip ID # 9PCGFMS5D"")",donotreply@urtravel.chase.com,2023-02-04,
2023-04-06,UA1216,SFO-DEN,GMAIL_ONLY,DELETE,REBOOKED_OR_CANCELLED,,,scheduled,economy,11.2 USD + 23800 united_mileageplus,LPKJDX,"=HYPERLINK(""https://mail.google.com/mail/u/0/#all/1860b544fe4a35d0"",""eTicket Itinerary and Receipt for Confirmation LPKJDX"")",Receipts@united.com,2023-01-31,LPKJDX CANCELLED Feb 2023; flew OAK-SLC (DL3879) Apr 5 instead. | LPKJDX SFO-DEN — not in CSV
2023-04-09,DL2924,SLC-OAK,MATCHED,KEEP,,Delta,Economy,scheduled,economy,28448 chase_ur,"HQS65K,HQHXCM","=HYPERLINK(""https://mail.google.com/mail/u/0/#all/1861b8a1c623541a"",""Travel Reservation Center Trip ID # 9PCGFMS5D"")",donotreply@urtravel.chase.com,2023-02-04,
2023-04-22,UA1110,SFO-LAX,MATCHED,KEEP,,United,Recliner First,scheduled,economy,165.32 USD,GPPXKD,"=HYPERLINK(""https://mail.google.com/mail/u/0/#all/18779af79cee3d9b"",""Fwd: eTicket Itinerary and Receipt for Confirmation GPPXKD"")",bmorioka17@gmail.com,2023-04-13,
2023-04-22,UA1006,LAX-LAS,MATCHED,KEEP,,United,Recliner First,scheduled,economy,165.32 USD,GPPXKD,"=HYPERLINK(""https://mail.google.com/mail/u/0/#all/18779af79cee3d9b"",""Fwd: eTicket Itinerary and Receipt for Confirmation GPPXKD"")",bmorioka17@gmail.com,2023-04-13,
2023-04-22,F92081,LAS-SFO,MATCHED,KEEP,,Frontier,Economy,scheduled,,83.96 USD,ZGL9KA,"=HYPERLINK(""https://mail.google.com/mail/u/0/#all/1877b74110d44344"",""Fwd: Your Flight Confirmation Code ZGL9KA"")",bmorioka17@gmail.com,2023-04-13,
2023-05-11,UA805,SFO-ICN,CSV_ONLY,KEEP,RECOVERED,United,Economy,,economy,5.6 USD + 35000 united_mileageplus,M85E9W,"=HYPERLINK(""https://mail.google.com/mail/u/0/#all/187f2434991a23bb"",""Your reservation has been canceled (M85E9W)"")",Receipts@united.com,2023-05-06,"HAS EMAIL (complex): reservation M85E9W canceled then reinstated & flown; Asiana ICN-PEK boarding pass exists. | RECOVERED: 5.6 USD + 35000 united_mileageplus, economy, PNR M85E9W (per-person)."
2023-05-11,BR27,SFO-TPE,GMAIL_ONLY,DELETE,REBOOKED_OR_CANCELLED,,,scheduled,economy,11.2 USD + 77000 united_mileageplus,CPF7T7,"=HYPERLINK(""https://mail.google.com/mail/u/0/#all/1861ba1b464a3b91"",""eTicket Itinerary and Receipt for Confirmation CPF7T7"")",Receipts@united.com,2023-02-04,CPF7T7 CANCELLED Feb 4 2023 ('cancellation complete'). May Asia trip rebooked; flew SFO-ICN (UA805) May 11. | CPF7T7 BR27 SFO-TPE — not in CSV
2023-05-12,BR716,TPE-PEK,GMAIL_ONLY,DELETE,REBOOKED_OR_CANCELLED,,,scheduled,economy,33.6 USD + 33000 united_mileageplus,CPJV0J,"=HYPERLINK(""https://mail.google.com/mail/u/0/#all/1861ba4c0c8e2b8b"",""eTicket Itinerary and Receipt for Confirmation CPJV0J"")",Receipts@united.com,2023-02-04,CPJV0J CANCELLED Feb 4-8 2023. Flew ICN-PEK (OZ335) May 14 instead of TPE-PEK. | CPJV0J BR716 TPE-PEK May 12 — superseded by May 14
2023-05-13,NH931,NRT-SZX,GMAIL_ONLY,DELETE,REBOOKED_OR_CANCELLED,,,scheduled,economy,70.2 USD + 33000 united_mileageplus,M1JXTQ,"=HYPERLINK(""https://mail.google.com/mail/u/0/#all/18634888abf785dc"",""eTicket Itinerary and Receipt for Confirmation M1JXTQ"")",Receipts@united.com,2023-02-08,M1JXTQ CANCELLED Feb 8-9 2023 ('important message re M1JXTQ'). Flew SFO-ICN-PEK instead of via NRT/SZX. | M1JXTQ NRT-SZX-PEK — not in CSV
2023-05-13,CA1398,SZX-PEK,GMAIL_ONLY,DELETE,REBOOKED_OR_CANCELLED,,,scheduled,economy,70.2 USD + 33000 united_mileageplus,M1JXTQ,"=HYPERLINK(""https://mail.google.com/mail/u/0/#all/18634888abf785dc"",""eTicket Itinerary and Receipt for Confirmation M1JXTQ"")",Receipts@united.com,2023-02-08,M1JXTQ CANCELLED Feb 2023. Flew ICN-PEK (OZ335) May 14. | M1JXTQ NRT-SZX-PEK — not in CSV
2023-05-14,BR716,TPE-PEK,GMAIL_ONLY,DELETE,REBOOKED_OR_CANCELLED,,,scheduled,economy,33.6 USD + 33000 united_mileageplus,C83397,"=HYPERLINK(""https://mail.google.com/mail/u/0/#all/1861b9b243622379"",""eTicket Itinerary and Receipt for Confirmation C83397"")",Receipts@united.com,2023-02-04,C83397 CANCELLED Feb 2023 (dup rebooking of CPJV0J). Flew ICN-PEK (OZ335). | C83397 BR716 TPE-PEK May 14 — dup of May 12
2023-05-14,OZ335,ICN-PEK,MATCHED,KEEP,,Asiana,Economy,scheduled,economy,21.4 USD + 8800 united_mileageplus,O248XV,"=HYPERLINK(""https://mail.google.com/mail/u/0/#all/186e90e5a2ca16bb"",""eTicket Itinerary and Receipt for Confirmation O248XV"")",Receipts@united.com,2023-03-16,
2023-05-26,CA1431,PEK-CKG,CSV_ONLY,KEEP,HAS_EMAIL_PARTIAL,Air China,Economy,,,,,,,,HAS EMAIL: Air China flight-change notice (国航航班变更通知) May 30 2023; booking likely via Ctrip. Partly recoverable.
2023-06-25,CA8680,PKX-PVG,MATCHED,KEEP,,Air China,Economy,scheduled,economy,7.2 USD + 8000 united_mileageplus,FFMSJ5,"=HYPERLINK(""https://mail.google.com/mail/u/0/#all/187f2e947cb46ff1"",""eTicket Itinerary and Receipt for Confirmation FFMSJ5"")",Receipts@united.com,2023-05-06,
2023-06-27,CA8680,PKX-PVG,GMAIL_ONLY,DELETE,DUPLICATE,,,scheduled,economy,14.0 USD,FFMSJ5,"=HYPERLINK(""https://mail.google.com/mail/u/0/#all/188af46b7deffa1f"",""eTicket Itinerary and Receipt for Confirmation FFMSJ5"")",Receipts@united.com,2023-06-12,Same PNR (FFMSJ5) as flown CA8680 PKX-PVG Jun 25 — schedule-changed/re-issued. This 6/27 copy is the superseded duplicate. DELETE.
2023-07-02,CA1502,SHA-PEK,CSV_ONLY,KEEP,HAS_EMAIL_PARTIAL,Air China,Economy,,,,,,,,HAS EMAIL: Air China change notice; Lanzhou trip (Hyatt confirms). Booking likely Ctrip. Partly recoverable.
2023-07-02,CA1221,PEK-LHW,CSV_ONLY,KEEP,HAS_EMAIL_PARTIAL,Air China,Economy,,,,,,,,HAS EMAIL: Air China change notice; Lanzhou leg. Booking likely Ctrip. Partly recoverable.
2023-07-09,ZH9236,XNN-SZX,MATCHED,KEEP,,Shenzhen,Economy,scheduled,economy,7.2 USD + 16500 united_mileageplus,E5EWNY,"=HYPERLINK(""https://mail.google.com/mail/u/0/#all/187f285525f87367"",""eTicket Itinerary and Receipt for Confirmation E5EWNY"")",Receipts@united.com,2023-05-06,
2023-07-10,HX612,HKG-KIX,MATCHED,KEEP,,Hong Kong,Economy,scheduled,economy,7773.0 HKD,E3JE7N,"=HYPERLINK(""https://mail.google.com/mail/u/0/#all/187f26cb362cfd13"",""Your United reservation for San Francisco, CA, US (SFO) is processing"")",unitedairlines@united.com,2023-05-06,
2023-07-11,UA34,KIX-SFO,MATCHED,KEEP,,United,Premium Economy,scheduled,economy,7773.0 HKD,E3JE7N,"=HYPERLINK(""https://mail.google.com/mail/u/0/#all/187f26cb362cfd13"",""Your United reservation for San Francisco, CA, US (SFO) is processing"")",unitedairlines@united.com,2023-05-06,
2023-08-05,DL2310,SFO-SEA,CSV_ONLY,KEEP,RECOVERED,Delta,Economy,,basic_economy,78.9 USD,H8IO5P,"=HYPERLINK(""https://mail.google.com/mail/u/0/#all/1895c90dcf196d61"",""Your Flight Receipt - ALEXANDER KENNY GUO 05AUG23"")",,,"HAS EMAIL (recoverable): Delta 'Your Flight Receipt' (group: Jingquan Sun, Alan Perez 05AUG23; yours likely too). Missed: 'receipt' subject + others' names. | RECOVERED: 78.9 USD, basic_economy, PNR H8IO5P (per-person)."
2023-08-07,UA737,SEA-SFO,MATCHED,KEEP,,United,Economy,scheduled,economy,178.9 USD,CWSCZD,"=HYPERLINK(""https://mail.google.com/mail/u/0/#all/1895c9dfcd3875ff"",""eTicket Itinerary and Receipt for Confirmation CWSCZD"")",Receipts@united.com,2023-07-15,
2023-09-18,UA930,SFO-LHR,MATCHED,KEEP,,United,Economy,cancelled,economy,849.85 USD,J2ZD59,"=HYPERLINK(""https://mail.google.com/mail/u/0/#all/1898089339972558"",""eTicket Itinerary and Receipt for Confirmation J2ZD59"")",Receipts@united.com,2023-07-22,
2023-09-19,AF1281,LHR-CDG,GMAIL_ONLY,DELETE,REBOOKED_OR_CANCELLED,,,scheduled,economy,,SKOVFD,"=HYPERLINK(""https://mail.google.com/mail/u/0/#all/189809434ca2561c"",""Dear Mr. Alexander Kenny Guo: Ticket and information for your trip on 19/09/2023"")",admin@ticket-airfrance.com,2023-07-23,"Air France e-ticket; NOT flown — you flew BA326 (dep 20:35, operated by British Airways) same day; AF1281 (dep 17:35) was the superseded/rebooked-away flight. DELETE."
2023-09-19,BA326,LHR-CDG,MATCHED,KEEP,,British Airways,Economy,scheduled,economy,,SKOVFD,"=HYPERLINK(""https://mail.google.com/mail/u/0/#all/18aae5ff273b5942"",""Dear Alexander Kenny Guo: Ticket and information for your trip on 19/09/2023"")",admin@ticket-airfrance.com,2023-09-19,
2023-09-25,CA856,LHR-PEK,GMAIL_ONLY,DELETE,REBOOKED_OR_CANCELLED,,,scheduled,economy,515.61 GBP,MFJ40L,"=HYPERLINK(""https://mail.google.com/mail/u/0/#all/189dc55618d779c3"",""Confirmation Email from Air China"")",no-reply@amadeus.com,2023-08-09,"Air China LHR-PEK (booked Aug 2023, via Amadeus); NOT flown — flew LHR-SFO (UA939) Sep 25. Cancelled/changed Beijing plan. | Air China PEK-LHR round trip (amadeus) — not in CSV"
2023-09-25,UA939,LHR-SFO,MATCHED,KEEP,,United,Economy,scheduled,economy,194.15 USD + 29800 united_mileageplus,BXCJBH,"=HYPERLINK(""https://mail.google.com/mail/u/0/#all/18abd8784842b83c"",""eTicket Itinerary and Receipt for Confirmation BXCJBH"")",Receipts@united.com,2023-09-22,
2023-09-26,UA949,LHR-SFO,GMAIL_ONLY,DELETE,CANCELLED,,,cancelled,economy,849.85 USD,J2ZD59,"=HYPERLINK(""https://mail.google.com/mail/u/0/#all/1898089339972558"",""eTicket Itinerary and Receipt for Confirmation J2ZD59"")",Receipts@united.com,2023-07-22,"Already cancelled in DB (cancellation detected) — trip history, never in flown CSV."
2023-09-28,TK290,SFO-IST,GMAIL_ONLY,DELETE,REBOOKED_OR_CANCELLED,,,scheduled,economy,1855.1 USD,VUGJWK,"=HYPERLINK(""https://mail.google.com/mail/u/0/#all/18acc4cee97babe2"",""Turkish Airlines - Online Ticket - Information Message"")",onlineticket@thy.com,2023-09-25,Rebooked; flew SFO-HKG (UA877) Sep 30 instead of SFO-IST-PEK. | Turkish TK290/TK88 SFO-IST-PEK — not in CSV (rebooked)
2023-09-29,TK88,IST-PEK,GMAIL_ONLY,DELETE,REBOOKED_OR_CANCELLED,,,scheduled,economy,1855.1 USD,VUGJWK,"=HYPERLINK(""https://mail.google.com/mail/u/0/#all/18acc4cee97babe2"",""Turkish Airlines - Online Ticket - Information Message"")",onlineticket@thy.com,2023-09-25,Rebooked; flew SFO-HKG (UA877) instead. Not flown. | Turkish TK290/TK88 SFO-IST-PEK — not in CSV (rebooked)
2023-09-30,UA877,SFO-HKG,MATCHED,KEEP,,United,Economy,scheduled,economy,5.6 USD + 55000 united_mileageplus,CM98C0,"=HYPERLINK(""https://mail.google.com/mail/u/0/#all/18ad967ffa5caf0d"",""eTicket Itinerary and Receipt for Confirmation CM98C0"")",Receipts@united.com,2023-09-27,
2023-10-11,UA35,SFO-KIX,GMAIL_ONLY,DELETE,CANCELLED,,,cancelled,economy,5.6 USD + 55000 united_mileageplus,D91M6Q,"=HYPERLINK(""https://mail.google.com/mail/u/0/#all/18ac173f5e0c2573"",""eTicket Itinerary and Receipt for Confirmation D91M6Q"")",Receipts@united.com,2023-09-23,"Already cancelled in DB (cancellation detected) — trip history, never in flown CSV."
2023-10-12,HU474,KIX-PEK,GMAIL_ONLY,DELETE,CANCELLED,,,cancelled,economy,18100.0 JPY,MGXWL5,"=HYPERLINK(""https://mail.google.com/mail/u/0/#all/18ac1787d54aae77"",""Booking confirmation"")",no-reply@amadeus.com,2023-09-23,"Already cancelled in DB (cancellation detected) — trip history, never in flown CSV."
2023-11-13,CA109,PEK-HKG,CSV_ONLY,KEEP,NO_EMAIL,Air China,Economy,,,,,,,,"NO EMAIL: Air China PEK-HKG, none found. CSV sole source."
2023-11-15,CA116,HKG-PEK,CSV_ONLY,KEEP,NO_EMAIL,Air China,Economy,,,,,,,,"NO EMAIL: Air China HKG-PEK, none found. CSV sole source."
2023-11-20,JD5251,PKX-XMN,CSV_ONLY,KEEP,NO_EMAIL,Beijing Capital,Economy,,,,,,,,"NO EMAIL: Beijing Capital PKX-XMN, none found. CSV sole source."
2023-11-23,CZ8876,XMN-PKX,CSV_ONLY,KEEP,NO_EMAIL,China Southern,Economy,,,,,,,,"NO EMAIL: China Southern XMN-PKX, none found. CSV sole source."
2023-12-08,LO92,PEK-WAW,CSV_ONLY,KEEP,RECOVERED,LOT,Economy,,economy,2900 CNY,LTOIVO,"=HYPERLINK(""https://mail.google.com/mail/u/0/#all/18bd93da2f2a2cb5"",""GUO/ALEXANDER KENNY 08DEC PEK WAW"")",eticket@amadeus.com,2023-11-16,"HAS EMAIL (recoverable): LOT booking LTOIVO (LOT.com e-ticket + Amadeus 'Booking confirmation LTOIVO' Oct 19 2023; LifeMiles redemption). Missed: LOT/Amadeus. | RECOVERED: 2900 CNY, economy, PNR LTOIVO (per-person)."
2023-12-08,LO279,WAW-LHR,CSV_ONLY,KEEP,RECOVERED,LOT,Economy,,economy,2900 CNY,LTOIVO,"=HYPERLINK(""https://mail.google.com/mail/u/0/#all/18bd93da2f2a2cb5"",""GUO/ALEXANDER KENNY 08DEC PEK WAW"")",eticket@amadeus.com,2023-11-16,"HAS EMAIL (recoverable): LOT LTOIVO (LO 279, LOT.com/Amadeus). Missed: LOT/Amadeus. | RECOVERED: 2900 CNY, economy, PNR LTOIVO (per-person)."
2023-12-09,CA855,PEK-LHR,GMAIL_ONLY,DELETE,REBOOKED_OR_CANCELLED,,,scheduled,economy,515.61 GBP,MFJ40L,"=HYPERLINK(""https://mail.google.com/mail/u/0/#all/189dc55618d779c3"",""Confirmation Email from Air China"")",no-reply@amadeus.com,2023-08-09,Rebooked; flew PEK-WAW-LHR (LO92/LO279) Dec 8 on LOT instead. Not flown — DELETE. | Air China PEK-LHR round trip (amadeus) — not in CSV
2023-12-13,FR1374,STN-PRG,MATCHED,KEEP,,Ryanair,Economy,scheduled,,,XJV3KZ,"=HYPERLINK(""https://mail.google.com/mail/u/0/#all/18b6c97cac73d834"",""Ryanair Travel Itinerary"")",Itinerary@ryanair.com,2023-10-26,
2023-12-16,LO526,PRG-WAW,CSV_ONLY,KEEP,RECOVERED,LOT,Economy,,economy,134 USD,LTOIVO,"=HYPERLINK(""https://mail.google.com/mail/u/0/#all/18bd93da13f76a4d"",""GUO/ALEXANDER KENNY 16DEC PRG WAW"")",eticket@amadeus.com,2023-11-16,"HAS EMAIL (recoverable): LOT LTOIVO (LO 526 PRG-WAW, LOT.com/Amadeus). Missed: LOT/Amadeus. | RECOVERED: 134 USD, economy, PNR LTOIVO (per-person)."
2023-12-17,LO91,WAW-PEK,MATCHED,KEEP,,LOT,Economy,scheduled,economy,,LTOIVO,"=HYPERLINK(""https://mail.google.com/mail/u/0/#all/18c731ee9dd5d667"",""Your Email Confirmation"")",lot_mobile_checkin@amadeus.com,2023-12-16,
2023-12-25,HU7479,PEK-SYX,CSV_ONLY,KEEP,NO_EMAIL,Hainan,Economy,,,,,,,,"NO EMAIL: Hainan Sanya, none found. CSV sole source."
2023-12-28,HU7280,SYX-PEK,CSV_ONLY,KEEP,NO_EMAIL,Hainan,Economy,,,,,,,,"NO EMAIL: Hainan Sanya, none found. CSV sole source."
2024-01-02,MS956,PEK-CAI,CSV_ONLY,KEEP,RECOVERED,EgyptAir,Economy,,economy,587.78 USD,JXVOUU,"=HYPERLINK(""https://mail.google.com/mail/u/0/#all/18ae2d3932315037"",""YOUR ELECTRONIC DOCUMENT(S)"")",eticket@amadeus.com,2023-09-29,"HAS EMAIL (recoverable): EgyptAir 'YOUR ELECTRONIC DOCUMENT(S)' Sep 29 2023 (PEK-CAI). Missed: EgyptAir subject. | RECOVERED: 587.78 USD, economy, PNR JXVOUU (per-person)."
2024-01-02,MS701,CAI-AMM,MATCHED,KEEP,,EgyptAir,Economy,scheduled,economy,,JXVOUU,"=HYPERLINK(""https://mail.google.com/mail/u/0/#all/18cbb9fe8c1c33f8"",""Egyptair Boarding Pass Confirmation"")",egyptairtravelinfo@egyptair.com,2023-12-30,
2024-01-08,FR3405,AMM-PFO,MATCHED,KEEP,,Ryanair,Economy,scheduled,,44.09 USD,RDJ3XR,"=HYPERLINK(""https://mail.google.com/mail/u/0/#all/18c26636cc43da19"",""Ryanair Travel Itinerary"")",Itinerary@ryanair.com,2023-12-01,
2024-01-09,FR9301,AQJ-SOF,GMAIL_ONLY,DELETE,REBOOKED_OR_CANCELLED,,,scheduled,,51.79 USD,OH12YF,"=HYPERLINK(""https://mail.google.com/mail/u/0/#all/18b6044770876d3c"",""Ryanair Travel Itinerary"")",Itinerary@ryanair.com,2023-10-24,Rebooked; flew AMM-PFO (FR3405) + PFO-STN (FR3134) Jan 8-9 instead of via Sofia. | Ryanair AQJ-SOF Jan 2024 — not in CSV
2024-01-09,FR2691,SOF-STN,GMAIL_ONLY,DELETE,REBOOKED_OR_CANCELLED,,,scheduled,,150.94 USD,MWQZNX,"=HYPERLINK(""https://mail.google.com/mail/u/0/#all/18b604a3b3bc65f9"",""Ryanair Travel Itinerary"")",Itinerary@ryanair.com,2023-10-24,Rebooked; flew PFO-STN (FR3134) instead of SOF-STN. Not flown. | Ryanair SOF-STN Jan 2024 — not in CSV
2024-01-09,FR3134,PFO-STN,MATCHED,KEEP,,Ryanair,Economy,scheduled,,51.79 USD,OH12YF,"=HYPERLINK(""https://mail.google.com/mail/u/0/#all/18c26636379ddc1b"",""Ryanair Travel Itinerary"")",Itinerary@ryanair.com,2023-12-01,
2024-01-19,TP203,LIS-EWR,CSV_ONLY,KEEP,RECOVERED,TAP,Economy,,economy,270.0 EUR,NWC553,"=HYPERLINK(""https://mail.google.com/mail/u/0/#all/18a9ff51f5b3a9c3"",""TAP Booking Confirmation E-mail"")",,,"HAS EMAIL (recoverable): TAP Air Portugal 'Booking Confirmation E-mail' Sep 16 2023 (LIS-EWR). Missed: cap/not-run. | RECOVERED: 270.0 EUR, economy, PNR NWC553 (per-person). 270 EUR booking total; per-person uncertain (multi-pax booking)"
2024-01-19,TP1335,LGW-LIS,MATCHED,KEEP,,TAP,Economy,scheduled,,,NWC553,"=HYPERLINK(""https://mail.google.com/mail/u/0/#all/18c6323a5afa4dc4"",""Reservation Change"")",no-reply@info.flytap.com,2023-12-13,
2024-01-22,UA1527,EWR-SFO,MATCHED,KEEP,,United,Economy,scheduled,economy,,HWBTLT,"=HYPERLINK(""https://mail.google.com/mail/u/0/#all/18ae247f2266bbf0"",""Your United reservation for San Francisco, CA, US (SFO) is processing"")",unitedairlines@united.com,2023-09-29,
2024-01-29,UA871,SFO-TPE,MATCHED,KEEP,,United,Lie-flat Business,scheduled,economy,569.2 USD,MJETB0,"=HYPERLINK(""https://mail.google.com/mail/u/0/#all/18bdc3d7164c8fed"",""Your United reservation for Taipei (TPE) is processing"")",unitedairlines@united.com,2023-11-17,
2024-02-01,CA186,TPE-PEK,MATCHED,KEEP,,Air China,Economy,scheduled,economy,1582.0 CNY,231129225903370392,"=HYPERLINK(""https://mail.google.com/mail/u/0/#all/18c1b9cbbede7921"",""出票成功确认"")",appcustomerservice@airchina.com,2023-11-29,
2024-02-28,CA1687,PEK-DDG,GMAIL_ONLY,DELETE,REBOOKED_OR_CANCELLED,,,scheduled,economy,1050.0 CNY,240216121846800743,"=HYPERLINK(""https://mail.google.com/mail/u/0/#all/18db0293069757df"",""出票成功确认"")",appcustomerservice@airchina.com,2024-02-16,Rebooked; flew PEK-YNJ (CA1613) Feb 29 — changed destination Dandong->Yanji. | Air China CA1687 PEK-DDG — you flew PEK-YNJ instead (destination changed)
2024-02-29,CA1613,PEK-YNJ,MATCHED,KEEP,,Air China,Economy,scheduled,economy,1050.0 CNY,240216121846800743,"=HYPERLINK(""https://mail.google.com/mail/u/0/#all/18db0293069757df"",""出票成功确认"")",appcustomerservice@airchina.com,2024-02-16,
2024-03-02,CA1648,CGQ-PEK,MATCHED,KEEP,,Air China,Economy,scheduled,economy,1050.0 CNY,240216121846800743,"=HYPERLINK(""https://mail.google.com/mail/u/0/#all/18db0293069757df"",""出票成功确认"")",appcustomerservice@airchina.com,2024-02-16,
2024-03-06,CA1901,PEK-URC,CSV_ONLY,KEEP,NO_EMAIL_FOUND,Air China,Economy,,,,,,,,HAS EMAIL (recoverable): Air China app '出票成功确认' Feb 16 2024 (Xinjiang trip). Missed: Air China app + cap. | Thorough sender+date search found no booking email containing this flight (original 'recoverable' tag was a false match).
2024-03-06,CZ6613,URC-KJI,CSV_ONLY,KEEP,NO_EMAIL_FOUND,China Southern,Economy,,,,,,,,HAS EMAIL (recoverable): part of Xinjiang trip booked via Air China app (出票成功 Feb 16 2024). | Thorough sender+date search found no booking email containing this flight (original 'recoverable' tag was a false match).
2024-03-10,CZ6614,KJI-URC,CSV_ONLY,KEEP,NO_EMAIL_FOUND,China Southern,Economy,,,,,,,,"HAS EMAIL (recoverable): Xinjiang trip, Air China app (出票成功 Feb 2024). | Thorough sender+date search found no booking email containing this flight (original 'recoverable' tag was a false match)."
2024-03-10,CZ6909,URC-PKX,CSV_ONLY,KEEP,NO_EMAIL_FOUND,China Southern,Economy,,,,,,,,"HAS EMAIL (recoverable): Xinjiang trip, Air China app (出票成功 Feb 2024). | Thorough sender+date search found no booking email containing this flight (original 'recoverable' tag was a false match)."
2024-03-31,CA1883,PEK-PVG,GMAIL_ONLY,DELETE,REBOOKED_OR_CANCELLED,,,scheduled,economy,818.6 USD,PV806S,"=HYPERLINK(""https://mail.google.com/mail/u/0/#all/18d5693a83b7eecf"",""eTicket Itinerary and Receipt for Confirmation PV806S"")",Receipts@united.com,2024-01-29,PV806S schedule change Feb 8 2024 -> re-ticketed CM9S9P; flew UA889 PEK-SFO direct Apr 1. | PV806S CA1883/UA858 — you flew UA889 PEK-SFO instead
2024-04-01,UA858,PVG-SFO,GMAIL_ONLY,DELETE,REBOOKED_OR_CANCELLED,,,scheduled,economy,818.6 USD,PV806S,"=HYPERLINK(""https://mail.google.com/mail/u/0/#all/18d5693a83b7eecf"",""eTicket Itinerary and Receipt for Confirmation PV806S"")",Receipts@united.com,2024-01-29,PV806S (PVG-SFO) superseded; flew UA889 PEK-SFO direct Apr 1. | PV806S CA1883/UA858 — you flew UA889 PEK-SFO instead
2024-04-01,UA889,PEK-SFO,MATCHED,KEEP,,United,Economy,scheduled,economy,,PV806S,"=HYPERLINK(""https://mail.google.com/mail/u/0/#all/18e943af1e315379"",""Boarding pass for PV806S"")",unitedairlines@united.com,2024-03-31,
2024-04-04,UA1367,SFO-IAH,GMAIL_ONLY,DELETE,DUPLICATE,,,scheduled,economy,401.8 USD,N37DLW,"=HYPERLINK(""https://mail.google.com/mail/u/0/#all/18d52e4a97416721"",""eTicket Itinerary and Receipt for Confirmation N37DLW"")",Receipts@united.com,2024-01-28,"Duplicate/superseded: you flew UA1982 SFO-IAH on 2024-04-04 (in CSV, 0d away). This booking version not flown — DELETE."
2024-04-04,UA1982,SFO-IAH,MATCHED,KEEP,,United,Economy,scheduled,economy,401.8 USD,N37DLW,"=HYPERLINK(""https://mail.google.com/mail/u/0/#all/18d52e4a97416721"",""eTicket Itinerary and Receipt for Confirmation N37DLW"")",Receipts@united.com,2024-01-28,
2024-04-04,UA854,IAH-LIM,MATCHED,KEEP,,United,Economy,scheduled,economy,401.8 USD,N37DLW,"=HYPERLINK(""https://mail.google.com/mail/u/0/#all/18d52e4a97416721"",""eTicket Itinerary and Receipt for Confirmation N37DLW"")",Receipts@united.com,2024-01-28,
2024-04-07,LA2019,LIM-CUZ,MATCHED,KEEP,,LATAM,Economy,scheduled,,98.1 USD,D7RVHW,"=HYPERLINK(""https://mail.google.com/mail/u/0/#all/18db30294f435dcf"",""Itinerary Confirmation"")",jetsmart@mg.jetsmart.com,2024-02-16,
2024-04-10,LA2610,CUZ-LIM,MATCHED,KEEP,,LATAM,Economy,scheduled,,,LA5444546PPFA,"=HYPERLINK(""https://mail.google.com/mail/u/0/#all/18ea61d73273e736"",""Vuelo a Lima a la vista..."")",info@info.latam.com,2024-04-03,
2024-04-10,UA887,LIM-EWR,MATCHED,KEEP,,United,Economy,scheduled,economy,54.35 USD,LY3PZM,"=HYPERLINK(""https://mail.google.com/mail/u/0/#all/18d56cea9754b1be"",""eTicket Itinerary and Receipt for Confirmation LY3PZM"")",Receipts@united.com,2024-01-29,
2024-04-11,UA855,LIM-IAH,GMAIL_ONLY,DELETE,REBOOKED_OR_CANCELLED,,,scheduled,economy,54.35 USD,LY3PZM,"=HYPERLINK(""https://mail.google.com/mail/u/0/#all/18d52dae16e5a05e"",""eTicket Itinerary and Receipt for Confirmation LY3PZM"")",Receipts@united.com,2024-01-28,LY3PZM schedule-change version of Peru return; flew LIM-EWR-LHR (UA887/UA110) Apr 10-11 instead. | LY3PZM LIM-IAH-LHR Apr 11 — superseded (schedule change)
2024-04-11,UA880,IAH-LHR,GMAIL_ONLY,DELETE,REBOOKED_OR_CANCELLED,,,scheduled,economy,54.35 USD,LY3PZM,"=HYPERLINK(""https://mail.google.com/mail/u/0/#all/18d52dae16e5a05e"",""eTicket Itinerary and Receipt for Confirmation LY3PZM"")",Receipts@united.com,2024-01-28,LY3PZM (IAH-LHR) superseded; flew EWR-LHR (UA110) Apr 11. | LY3PZM LIM-IAH-LHR Apr 11 — superseded (schedule change)
2024-04-11,UA110,EWR-LHR,MATCHED,KEEP,,United,Economy,scheduled,economy,54.35 USD,LY3PZM,"=HYPERLINK(""https://mail.google.com/mail/u/0/#all/18d56cea9754b1be"",""eTicket Itinerary and Receipt for Confirmation LY3PZM"")",Receipts@united.com,2024-01-29,
2024-04-12,UA855,LIM-IAH,GMAIL_ONLY,DELETE,REBOOKED_OR_CANCELLED,,,scheduled,economy,54.35 USD + 40000 united_mileageplus,LY3PZM,"=HYPERLINK(""https://mail.google.com/mail/u/0/#all/18d4dad677fa0cd7"",""eTicket Itinerary and Receipt for Confirmation LY3PZM"")",Receipts@united.com,2024-01-27,LY3PZM dup schedule-change version; flew via EWR. Not flown. | LY3PZM LIM-IAH-DEN-LHR Apr 12 — dup of Apr 11 (same PNR)
2024-04-12,UA1256,IAH-DEN,GMAIL_ONLY,DELETE,REBOOKED_OR_CANCELLED,,,scheduled,economy,54.35 USD + 40000 united_mileageplus,LY3PZM,"=HYPERLINK(""https://mail.google.com/mail/u/0/#all/18d4dad677fa0cd7"",""eTicket Itinerary and Receipt for Confirmation LY3PZM"")",Receipts@united.com,2024-01-27,LY3PZM (IAH-DEN) superseded version; not flown. | LY3PZM LIM-IAH-DEN-LHR Apr 12 — dup of Apr 11 (same PNR)
2024-04-12,UA27,DEN-LHR,GMAIL_ONLY,DELETE,REBOOKED_OR_CANCELLED,,,scheduled,economy,54.35 USD + 40000 united_mileageplus,LY3PZM,"=HYPERLINK(""https://mail.google.com/mail/u/0/#all/18d4dad677fa0cd7"",""eTicket Itinerary and Receipt for Confirmation LY3PZM"")",Receipts@united.com,2024-01-27,LY3PZM (DEN-LHR) superseded; flew EWR-LHR (UA110) instead. | LY3PZM LIM-IAH-DEN-LHR Apr 12 — dup of Apr 11 (same PNR)
2024-04-21,CA856,LHR-PEK,GMAIL_ONLY,DELETE,DUPLICATE,,,scheduled,economy,3228.0 CNY,240203115248838899,"=HYPERLINK(""https://mail.google.com/mail/u/0/#all/18d6d1fa79531b0a"",""出票成功确认"")",appcustomerservice@airchina.com,2024-02-03,"Duplicate/superseded: you flew CA856 LHR-PEK on 2024-04-23 (in CSV, 2d away). This booking version not flown — DELETE."
2024-04-23,CA856,LHR-PEK,MATCHED,KEEP,,Air China,Economy,scheduled,economy,3085.0 CNY,240415031921787838,"=HYPERLINK(""https://mail.google.com/mail/u/0/#all/18ede11f9a06e401"",""出票成功确认"")",appcustomerservice@airchina.com,2024-04-15,
2024-05-03,CA925,PEK-NRT,MATCHED,KEEP,,Air China,Economy,scheduled,economy,1680.0 CNY,PX7HWC,"=HYPERLINK(""https://mail.google.com/mail/u/0/#all/18f1a9deeef91802"",""行程确认单（附件：英文出行单）"")",ia_rsv@trip.com,2024-04-26,
2024-05-03,NH8,NRT-SFO,MATCHED,KEEP,,ANA,Lie-flat Business,scheduled,lie_flat_business,285.2 USD + 45000 virgin_flying_club,E9POIP,"=HYPERLINK(""https://mail.google.com/mail/u/0/#all/18f159507828d532"",""Virgin Atlantic Airways e-Ticket E9POIP"")",virginatlantic@service.virginatlantic.com,2024-04-25,
2024-05-10,VS20,SFO-LHR,MATCHED,KEEP,,Virgin Atlantic,Economy,scheduled,economy,152.8 USD + 15000 virgin_flying_club,CPWH3V,"=HYPERLINK(""https://mail.google.com/mail/u/0/#all/18f1aa97413cb634"",""Virgin Atlantic Airways e-Ticket CPWH3V"")",virginatlantic@service.virginatlantic.com,2024-04-26,
2024-05-14,CA856,LHR-PEK,MATCHED,KEEP,,Air China,Economy,scheduled,economy,3071.0 CNY,240426213601877939,"=HYPERLINK(""https://mail.google.com/mail/u/0/#all/18f1aa7884b86b42"",""出票成功确认"")",appcustomerservice@airchina.com,2024-04-26,
2024-06-24,OM224,PEK-UBN,MATCHED,KEEP,,MIAT,Economy,scheduled,economy,1385.0 CNY,5FONGD,"=HYPERLINK(""https://mail.google.com/mail/u/0/#all/18d6d953c58cbc92"",""行程确认单（附件：英文出行单）"")",ia_rsv@trip.com,2024-02-03,
2024-06-27,OM223,UBN-PEK,MATCHED,KEEP,,MIAT,Economy,scheduled,economy,1030.0 CNY,5FO35H,"=HYPERLINK(""https://mail.google.com/mail/u/0/#all/18d6d6ea2a1a6345"",""行程确认单（附件：英文出行单）"")",ia_rsv@trip.com,2024-02-03,
2024-06-28,CA925,PEK-NRT,MATCHED,KEEP,,Air China,Economy,scheduled,economy,1870.0 CNY,240203120614839831,"=HYPERLINK(""https://mail.google.com/mail/u/0/#all/18d6d28edd66f9a5"",""出票成功确认"")",appcustomerservice@airchina.com,2024-02-03,
2024-06-28,ZG2,NRT-HNL,MATCHED,KEEP,,ZIPAIR,Economy,scheduled,,,2PV8NF,"=HYPERLINK(""https://mail.google.com/mail/u/0/#all/18d6d44084df48e9"",""ZIPAIR - Booking Itinerary #2PV8NF"")",no-reply@zipair.net,2024-02-03,
2024-07-01,HA343,HNL-LIH,MATCHED,KEEP,,Hawaiian,Economy,scheduled,,25.0 USD,5TLQHQ,"=HYPERLINK(""https://mail.google.com/mail/u/0/#all/1906bcec33102c46"",""Reservation Confirmation 5TLQHQ"")",noreply@notify.hawaiianairlines.com,2024-07-01,
2024-07-03,UA1746,LIH-SFO,MATCHED,KEEP,,United,Economy,cancelled,economy,,DF3999,"=HYPERLINK(""https://mail.google.com/mail/u/0/#all/18df8475ea101326"",""Your United reservation for San Francisco, CA, US (SFO) is processing"")",unitedairlines@united.com,2024-03-01,
2024-07-04,LA2037,LIM-CUZ,GMAIL_ONLY,DELETE,REBOOKED_OR_CANCELLED,,,scheduled,economy,76.19 USD,EZEBBT,"=HYPERLINK(""https://mail.google.com/mail/u/0/#all/18eb927d2c9849e0"",""You purchased your trip to Cusco"")",info@info.latam.com,2024-04-07,Not in CSV; you flew the CSV version (CSV is source of truth). Rebooked/superseded — not flown.
2024-07-11,WS1523,SFO-YYC,MATCHED,KEEP,,Westjet,Economy,scheduled,economy,106.48 USD,SVSZFG,"=HYPERLINK(""https://mail.google.com/mail/u/0/#all/18de0b98d0d79b68"",""Your itinerary and receipt - July 11 CALGARY INTL AB, CANADA for MR ALEXANDER GUO"")",noreply@itinerary.westjet.com,2024-02-25,
2024-07-14,WS1508,YYC-SFO,MATCHED,KEEP,,Westjet,Economy,scheduled,economy,96.31 CAD,AUQWVK,"=HYPERLINK(""https://mail.google.com/mail/u/0/#all/18de0ba9a88408e8"",""Your itinerary and receipt - July 14 SAN FRANCISCO, CA for MR ALEXANDER GUO"")",noreply@itinerary.westjet.com,2024-02-25,
2024-07-18,F92486,SFO-LAS,MATCHED,KEEP,,Frontier,Economy,scheduled,,51.98 USD,HK552B,"=HYPERLINK(""https://mail.google.com/mail/u/0/#all/18e6f9821f27bd29"",""Your Flight Confirmation Code HK552B"")",flights@emails.flyfrontier.com,2024-03-24,
2024-07-21,UA574,LAS-SFO,GMAIL_ONLY,DELETE,REBOOKED_OR_CANCELLED,,,scheduled,economy,5.6 USD,DFDJE7,"=HYPERLINK(""https://mail.google.com/mail/u/0/#all/18e6f9149beeae06"",""eTicket Itinerary and Receipt for Confirmation DFDJE7"")",Receipts@united.com,2024-03-24,Not in CSV; you flew the CSV version (CSV is source of truth). Rebooked/superseded — not flown.
2024-07-21,UA2449,LAS-DEN,GMAIL_ONLY,DELETE,REBOOKED_OR_CANCELLED,,,scheduled,economy,5.6 USD + 40000 united_mileageplus,DFDJE7,"=HYPERLINK(""https://mail.google.com/mail/u/0/#all/18df834b9cf45339"",""eTicket Itinerary and Receipt for Confirmation DFDJE7"")",Receipts@united.com,2024-02-29,Not in CSV; you flew the CSV version (CSV is source of truth). Rebooked/superseded — not flown.
2024-07-21,UA930,SFO-LHR,MATCHED,KEEP,,United,Economy,scheduled,economy,5.6 USD,DFDJE7,"=HYPERLINK(""https://mail.google.com/mail/u/0/#all/18e6f9149beeae06"",""eTicket Itinerary and Receipt for Confirmation DFDJE7"")",Receipts@united.com,2024-03-24,
2024-07-22,UA262,DEN-LHR,GMAIL_ONLY,DELETE,REBOOKED_OR_CANCELLED,,,scheduled,economy,5.6 USD + 40000 united_mileageplus,DFDJE7,"=HYPERLINK(""https://mail.google.com/mail/u/0/#all/18df834b9cf45339"",""eTicket Itinerary and Receipt for Confirmation DFDJE7"")",Receipts@united.com,2024-02-29,Not in CSV; you flew the CSV version (CSV is source of truth). Rebooked/superseded — not flown.
2024-08-22,EY12,LHR-AUH,MATCHED,KEEP,,Etihad,Economy,scheduled,economy,,TUM4NM,"=HYPERLINK(""https://mail.google.com/mail/u/0/#all/191e0eddfd1f7d44"",""Your boarding pass for your flight on 12 September"")",noreply@etihad.com,2024-09-11,
2024-08-22,EY888,AUH-PKX,MATCHED,KEEP,,Etihad,Economy,scheduled,economy,,TUM4NM,"=HYPERLINK(""https://mail.google.com/mail/u/0/#all/191e0eddfd1f7d44"",""Your boarding pass for your flight on 12 September"")",noreply@etihad.com,2024-09-11,
2024-09-05,CA1953,PEK-DYG,MATCHED,KEEP,,Air China,Economy,scheduled,economy,1060.0 CNY,240802000921445350,"=HYPERLINK(""https://mail.google.com/mail/u/0/#all/1910eb93c2dd79e7"",""出票成功确认"")",appcustomerservice@airchina.com,2024-08-02,
2024-09-09,KN5822,HJJ-PKX,CSV_ONLY,KEEP,NO_EMAIL_FOUND,China United,Economy,,,,,,,,Flown after the original backfill cap; booking email not yet searched — investigate (Part B). | Thorough sender+date search found no booking email containing this flight (original 'recoverable' tag was a false match).
2024-09-12,EY889,PKX-AUH,MATCHED,KEEP,,Etihad,Economy,scheduled,economy,,TUM4NM,"=HYPERLINK(""https://mail.google.com/mail/u/0/#all/191e0eddfd1f7d44"",""Your boarding pass for your flight on 12 September"")",noreply@etihad.com,2024-09-11,
2024-09-13,EY11,AUH-LHR,MATCHED,KEEP,,Etihad,Economy,scheduled,economy,,TUM4NM,"=HYPERLINK(""https://mail.google.com/mail/u/0/#all/191e0eddfd1f7d44"",""Your boarding pass for your flight on 12 September"")",noreply@etihad.com,2024-09-11,
2024-12-17,U28313,LGW-MXP,MATCHED,KEEP,,EasyJet,Economy,scheduled,,,K84KF4T,"=HYPERLINK(""https://mail.google.com/mail/u/0/#all/1933a8b0590cc53b"",""Your booking K84KF4T: Alexander, online check-in is open for your trip to Milan"")",bookings@info.easyjet.com,2024-11-17,
2024-12-19,CA950,MXP-PEK,CSV_ONLY,KEEP,RECOVERED,Air China,Economy,,economy,109.8 USD,LifeMiles award,"=HYPERLINK(""https://mail.google.com/mail/u/0/#all/191ebbec2c139023"",""You've redeemed lifemiles!"")",,,"Flown after the original backfill cap; booking email not yet searched — investigate (Part B). | RECOVERED: 109.8 USD, economy, PNR LifeMiles award (per-person). LifeMiles award; $109.80 taxes/fees (miles count not shown)"
2024-12-19,CA848,LGW-PVG,GMAIL_ONLY,DELETE,REBOOKED_OR_CANCELLED,,,scheduled,,,PXHE0Q,"=HYPERLINK(""https://mail.google.com/mail/u/0/#all/191e567150e15b60"",""GUO/ALEXANDER 19DEC2024 LGW PVG"")",itinerary@amadeus.com,2024-09-12,"PXHE0Q LGW-PVG (Avianca-booked Sep 2024, w/ Emily Zhai); you flew LGW-MXP-PEK (U28313/CA950) per CSV. Rebooked-away."
2024-12-20,CA1508,SHA-PEK,GMAIL_ONLY,DELETE,REBOOKED_OR_CANCELLED,,,scheduled,,,PXHE0Q,"=HYPERLINK(""https://mail.google.com/mail/u/0/#all/191e567150e15b60"",""GUO/ALEXANDER 19DEC2024 LGW PVG"")",itinerary@amadeus.com,2024-09-12,PXHE0Q SHA-PEK leg; you flew via Milan (CA950 MXP-PEK). Not flown.
2024-12-30,A67778,PKX-CSX,CSV_ONLY,KEEP,NO_EMAIL_FOUND,Hunan,Economy,,,,,,,,Flown after the original backfill cap; booking email not yet searched — investigate (Part B). | Thorough sender+date search found no booking email containing this flight (original 'recoverable' tag was a false match).
2025-01-03,HO1860,CAN-PVG,MATCHED,KEEP,,Juneyao,Economy,cancelled,economy,3737.0 CNY,34991315244,"=HYPERLINK(""https://mail.google.com/mail/u/0/#all/191df41faa000b51"",""行程确认单（附件：英文出行单）"")",ia_rsv@trip.com,2024-09-11,
2025-01-04,HO1657,PVG-ATH,MATCHED,KEEP,,Juneyao,Economy,scheduled,economy,3737.0 CNY,34991315244,"=HYPERLINK(""https://mail.google.com/mail/u/0/#all/191df41faa000b51"",""行程确认单（附件：英文出行单）"")",ia_rsv@trip.com,2024-09-11,
2025-01-07,VY8101,ATH-BCN,MATCHED,KEEP,,Vueling,Economy,scheduled,,171.26 EUR,UI9UMZ,"=HYPERLINK(""https://mail.google.com/mail/u/0/#all/191e1de2cdac6813"",""Your booking confirmation UI9UMZ -  ATH-AGP 07 january"")",no-reply@comms.vueling.com,2024-09-11,
2025-01-07,VY2119,BCN-AGP,MATCHED,KEEP,,Vueling,Economy,scheduled,,171.26 EUR,UI9UMZ,"=HYPERLINK(""https://mail.google.com/mail/u/0/#all/191e1de2cdac6813"",""Your booking confirmation UI9UMZ -  ATH-AGP 07 january"")",no-reply@comms.vueling.com,2024-09-11,
2025-01-11,BA421,AGP-LHR,MATCHED,KEEP,,British Airways,Economy,scheduled,economy,36.18 EUR,PAXIDB,"=HYPERLINK(""https://mail.google.com/mail/u/0/#all/191e1dc7e7900795"",""Your e-ticket receipt PAXIDB: 11 Jan 2025 17:20"")",BA.e-ticket@email.ba.com,2024-09-11,
2025-02-23,BA8456,AMS-LCY,MATCHED,KEEP,,British Airways,Economy,scheduled,economy,31.0 USD + 5250 ba_avios,PSC2UZ,"=HYPERLINK(""https://mail.google.com/mail/u/0/#all/193a8a75449c553a"",""Your e-ticket receipt PSC2UZ: 23 Feb 2025 18:15"")",BA.e-ticket@email.ba.com,2024-12-08,
2025-03-20,W46902,LGW-NAP,MATCHED,KEEP,,Wizz,Economy,scheduled,economy,,WMHPVG,"=HYPERLINK(""https://mail.google.com/mail/u/0/#all/194f1a4458768fa4"",""Naples flight booking details"")",noreply@booking.com,2025-02-10,
2025-03-25,FR1833,NAP-STN,MATCHED,KEEP,,Ryanair,Economy,scheduled,,,JN8LKS,"=HYPERLINK(""https://mail.google.com/mail/u/0/#all/194f19f4cb38b7fe"",""Ryanair Travel Itinerary"")",Itinerary@ryanair.com,2025-02-10,
2025-04-01,RK8853,STN-MLA,MATCHED,KEEP,,Ryanair,Economy,scheduled,,,FRI9YG,"=HYPERLINK(""https://mail.google.com/mail/u/0/#all/19553a120b71993a"",""Ryanair Travel Itinerary"")",Itinerary@ryanair.com,2025-03-01,
2025-04-04,RK4207,MLA-STN,MATCHED,KEEP,,Ryanair,Economy,scheduled,,,TQB87J,"=HYPERLINK(""https://mail.google.com/mail/u/0/#all/19553a3adeb84fc4"",""Ryanair Travel Itinerary"")",Itinerary@ryanair.com,2025-03-01,
2025-04-09,RK8528,STN-OZZ,MATCHED,KEEP,,Ryanair,Economy,scheduled,,,PQRQSW,"=HYPERLINK(""https://mail.google.com/mail/u/0/#all/193acd42b97c409a"",""Ryanair Travel Itinerary"")",Itinerary@ryanair.com,2024-12-09,
2025-04-15,FR961,AGA-TFS,MATCHED,KEEP,,Ryanair,Economy,scheduled,,,ST3MRA,"=HYPERLINK(""https://mail.google.com/mail/u/0/#all/1939ceeed4ca08bb"",""Ryanair Travel Itinerary"")",Itinerary@ryanair.com,2024-12-06,
2025-04-16,UA249,TFS-EWR,MATCHED,KEEP,,United,Economy,scheduled,economy,32.21 USD + 25000 united_mileageplus,NYCV24,"=HYPERLINK(""https://mail.google.com/mail/u/0/#all/1939cf3a3dfbe35d"",""Your United Airlines booking confirmation – NYCV24"")",notifications@united.com,2024-12-06,
2025-04-21,AS33,JFK-SFO,MATCHED,KEEP,,Alaska,Economy,scheduled,economy,153.1 USD,KBAUVF,"=HYPERLINK(""https://mail.google.com/mail/u/0/#all/193b60959354ae7f"",""Your confirmation receipt: KBAUVF for your flight on 4/21/25."")",service@ifly.alaskaair.com,2024-12-11,
2025-04-23,UA1665,SFO-BOS,MATCHED,KEEP,,United,Economy,scheduled,economy,179.48 USD,IB4JK5,"=HYPERLINK(""https://mail.google.com/mail/u/0/#all/193b2de35da4936f"",""eTicket Itinerary and Receipt for Confirmation IB4JK5"")",Receipts@united.com,2024-12-10,
2025-04-27,VS158,BOS-LHR,MATCHED,KEEP,,Virgin Atlantic,Economy,scheduled,economy,144.2 USD + 12000 virgin_flying_club,FBE8N7,"=HYPERLINK(""https://mail.google.com/mail/u/0/#all/193962dc00957905"",""Virgin Atlantic Airways e-Ticket FBE8N7"")",virginatlantic@service.virginatlantic.com,2024-12-05,
2025-05-21,PC1170,STN-SAW,MATCHED,KEEP,,Pegasus,Economy,scheduled,economy,57.0 USD,40-650818951,"=HYPERLINK(""https://mail.google.com/mail/u/0/#all/194cde9b67971cef"",""Istanbul flight booking awaiting confirmation"")",noreply@booking.com,2025-02-03,
2025-05-21,PC318,SAW-TBS,MATCHED,KEEP,,Pegasus,Economy,scheduled,,,9M9ZG4,"=HYPERLINK(""https://mail.google.com/mail/u/0/#all/194cdefee8753c90"",""Online Ticket Reservation from Pegasus Airlines"")",pegasus@flypgs.com,2025-02-04,
2025-05-26,BA891,TBS-LHR,MATCHED,KEEP,,British Airways,Economy,scheduled,economy,93.86 EUR,TMYJ3N,"=HYPERLINK(""https://mail.google.com/mail/u/0/#all/194cde8870b348cf"",""Your e-ticket receipt TMYJ3N: 26 May 2025 07:30"")",BA.e-ticket@email.ba.com,2025-02-03,
2025-05-30,BA754,LHR-BSL,MATCHED,KEEP,,British Airways,Economy,scheduled,economy,52.32 GBP,XETPLO,"=HYPERLINK(""https://mail.google.com/mail/u/0/#all/196a21825c1aebb6"",""Your e-ticket receipt XETPLO: 30 May 2025 15:40"")",BA.e-ticket@email.ba.com,2025-05-05,
2025-06-03,U28484,BSL-LGW,CSV_ONLY,KEEP,NO_EMAIL_FOUND,EasyJet,Economy,,,,,,,,Flown after the original backfill cap; booking email not yet searched — investigate (Part B). | Thorough sender+date search found no booking email containing this flight (original 'recoverable' tag was a false match).
2025-06-06,U24662,SEN-CDG,MATCHED,KEEP,,EasyJet,Economy,scheduled,,,K9GKKDW,"=HYPERLINK(""https://mail.google.com/mail/u/0/#all/1973bbb2e7a19c6e"",""Your booking K9GKKDW: Alexander, it's nearly time to fly to Paris"")",donotreply@marketing.easyjet.com,2025-06-04,
2025-06-09,U24661,CDG-SEN,MATCHED,KEEP,,EasyJet,Economy,scheduled,,,K9GKKDW,"=HYPERLINK(""https://mail.google.com/mail/u/0/#all/19749e40147bec12"",""Your booking K9GKKDW: Alexander, it's nearly time to fly to London"")",donotreply@marketing.easyjet.com,2025-06-07,
2025-11-07,FR6325,STN-VLC,MATCHED,KEEP,,Ryanair,Economy,scheduled,,,Z4Q44U,"=HYPERLINK(""https://mail.google.com/mail/u/0/#all/199b65874acd0ea6"",""Ryanair Travel Itinerary"")",Itinerary@ryanair.com,2025-10-05,
2025-11-10,FR6324,VLC-STN,MATCHED,KEEP,,Ryanair,Economy,scheduled,,,ZRDM3S,"=HYPERLINK(""https://mail.google.com/mail/u/0/#all/199b65ab513a6e9a"",""Itinerari de Viatge Ryanair"")",Itinerary@ryanair.com,2025-10-05,
2025-12-12,BA3654,LCY-MAD,GMAIL_ONLY,DELETE,DUPLICATE,,,scheduled,,114.57 GBP,9NYJFD,"=HYPERLINK(""https://mail.google.com/mail/u/0/#all/1992edeea67c3160"",""Iberia Billete - Ticket - GUO/ALEXANDER"")",ETServer@iberia.es,2025-09-09,"Iberia-issued codeshare of flown BA3270 LCY-MAD (CSV, same day). Duplicate."
2025-12-12,BA3270,LCY-MAD,MATCHED,KEEP,,British Airways,Economy,scheduled,economy,229.14 GBP,9NYJFD,"=HYPERLINK(""https://mail.google.com/mail/u/0/#all/1992edeecb6caac8"",""Booking confirmation"")",ibcom.webmaster1@iberia.com,2025-09-09,
2025-12-13,CA898,MAD-PEK,MATCHED,KEEP,,Air China,Economy,scheduled,economy,918.2 USD + 61214 chase_ur,PEY9YN,"=HYPERLINK(""https://mail.google.com/mail/u/0/#all/19921a1670fa36b7"",""Travel Reservation Center Trip ID # 1006716764"")",donotreply@chasetravel.com,2025-09-07,
2025-12-17,CZ8853,PKX-HGH,CSV_ONLY,KEEP,NO_EMAIL_FOUND,China Southern,Economy,,,,,,,,Flown after the original backfill cap; booking email not yet searched — investigate (Part B). | Thorough sender+date search found no booking email containing this flight (original 'recoverable' tag was a false match).
2025-12-25,CZ3104,PKX-CAN,CSV_ONLY,KEEP,RECOVERED,China Southern,Lie-flat Business,,business,1152.1 USD,PGJF30,"=HYPERLINK(""https://mail.google.com/mail/u/0/#all/19b32b461d89e70d"",""Trip.com Flight Booking Confirmed: Beijing-Guangzhou"")",,,"Flown after the original backfill cap; booking email not yet searched — investigate (Part B). | RECOVERED: 1152.1 USD, business, PNR PGJF30 (per-person). $1152.10/person ($2304.20 ÷ 2 pax); booking total covers PKX-CAN-SYD (both legs)"
2025-12-25,CZ325,CAN-SYD,CSV_ONLY,KEEP,RECOVERED,China Southern,Lie-flat Business,,business,1152.1 USD,PGJF30,"=HYPERLINK(""https://mail.google.com/mail/u/0/#all/19b32b461d89e70d"",""Trip.com Flight Booking Confirmed: Beijing-Guangzhou"")",,,"Flown after the original backfill cap; booking email not yet searched — investigate (Part B). | RECOVERED: 1152.1 USD, business, PNR PGJF30 (per-person). same PGJF30 booking ($1152.10/person covers both legs)"
2025-12-25,CA402,ICN-TFU,GMAIL_ONLY,DELETE,REBOOKED_OR_CANCELLED,,,scheduled,economy,454.8 USD + 30320 chase_ur,MJ5N4W,"=HYPERLINK(""https://mail.google.com/mail/u/0/#all/198e85addebe6ed1"",""Travel Reservation Center Trip ID # 1006252340"")",donotreply@chasetravel.com,2025-08-26,Rebooked; you flew CZ3104 PKX-CAN + CZ325 CAN-SYD to Sydney (CSV) instead of ICN-TFU-SYD. Not flown.
2025-12-25,3U3891,TFU-SYD,GMAIL_ONLY,DELETE,REBOOKED_OR_CANCELLED,,,scheduled,lie_flat_business,2621.8 USD,PXF5KX,"=HYPERLINK(""https://mail.google.com/mail/u/0/#all/198c9dcc506f2f86"",""Flight Booking Confirmed (Booking No.: 1658106375006739)"")",en_flight_noreply@trip.com,2025-08-20,Rebooked; you flew CZ325 CAN-SYD (CSV) instead of TFU-SYD. Not flown.
2026-01-01,VA884,SYD-MEL,MATCHED,KEEP,,Virgin Australia,Economy,scheduled,economy,91.0 USD,SAQORE,"=HYPERLINK(""https://mail.google.com/mail/u/0/#all/198cccf22567c953"",""Flight Booking Confirmed (Booking No.: 1658106385934739)"")",en_flight_noreply@trip.com,2025-08-21,
2026-01-04,CA166,MEL-PEK,MATCHED,KEEP,,Air China,Economy,scheduled,economy,365.95 USD,MY4CFC,"=HYPERLINK(""https://mail.google.com/mail/u/0/#all/198cc68e38acf09e"",""Flight Booking Confirmed (Booking No.: 1658106385818387)"")",en_flight_noreply@trip.com,2025-08-21,
2026-01-05,CA1883,PEK-PVG,GMAIL_ONLY,DELETE,REBOOKED_OR_CANCELLED,,,scheduled,economy,365.95 USD,MY4CFC,"=HYPERLINK(""https://mail.google.com/mail/u/0/#all/198cc68e38acf09e"",""Flight Booking Confirmed (Booking No.: 1658106385818387)"")",en_flight_noreply@trip.com,2025-08-21,Rebooked; you flew the CSV routing (not PEK-PVG Jan 5). Trip.com booking superseded — not flown.
2026-01-06,UO826,HKG-OKA,CSV_ONLY,KEEP,RECOVERED,HK Express,Economy,,economy,78.16 USD,1680005077,"=HYPERLINK(""https://mail.google.com/mail/u/0/#all/19b3731b959ad636"",""Booking confirmation with Agoda"")",,,"Flown after the original backfill cap; booking email not yet searched — investigate (Part B). | RECOVERED: 78.16 USD, economy, PNR 1680005077 (per-person)."
2026-01-06,9C6977,PVG-OKA,GMAIL_ONLY,DELETE,REBOOKED_OR_CANCELLED,,,scheduled,,98.3 USD,BHSCYVX,"=HYPERLINK(""https://mail.google.com/mail/u/0/#all/198ccdc043beedf6"",""Spring Airlines Booking Confirmation"")",springairlines@postmaster.springairlines.com,2025-08-21,Rebooked; you flew UO826 HKG-OKA (CSV) instead of PVG-OKA. Not flown.
2026-01-10,HX234,HKG-PVG,GMAIL_ONLY,DELETE,DUPLICATE,,,scheduled,economy,147.5 USD,1658109656542803,"=HYPERLINK(""https://mail.google.com/mail/u/0/#all/19ba0e09c10d9b16"",""Payment Successful"")",SGEN_FLT_NoReply@trip.com,2026-01-09,Within-booking duplicate: the same booking created HX234 HKG-PVG (matched to your flown CSV flight) AND HKG-SHA (SHA=PVG=Shanghai). This is the dup copy.
2026-01-10,HX657,OKA-HKG,MATCHED,KEEP,,Hong Kong,Economy,scheduled,economy,147.5 USD,1658109656542803,"=HYPERLINK(""https://mail.google.com/mail/u/0/#all/19ba0e09c10d9b16"",""Payment Successful"")",SGEN_FLT_NoReply@trip.com,2026-01-09,
2026-01-10,HX234,HKG-PVG,MATCHED,KEEP,,Hong Kong,Economy,scheduled,,147.5 USD,1658109656542803,"=HYPERLINK(""https://mail.google.com/mail/u/0/#all/19ba0e09c10d9b16"",""Payment Successful"")",SGEN_FLT_NoReply@trip.com,2026-01-09,
2026-01-11,MM210,OKA-KIX,GMAIL_ONLY,DELETE,REBOOKED_OR_CANCELLED,,,scheduled,,,1658109225297043,"=HYPERLINK(""https://mail.google.com/mail/u/0/#all/19baa2edc823aacd"",""Your flight departs soon - track flight status"")",en_flight_noreply@trip.com,2026-01-10,"Rebooked; you flew the CSV Japan routing (JL86 PVG-HND), not OKA-KIX. Not flown."
2026-01-11,9C6566,KIX-PVG,GMAIL_ONLY,DELETE,REBOOKED_OR_CANCELLED,,,scheduled,,,1658109225297043,"=HYPERLINK(""https://mail.google.com/mail/u/0/#all/19bab38bb224e7af"",""Your flight departs soon - track flight status"")",en_flight_noreply@trip.com,2026-01-11,"Rebooked; you flew CSV routing (JL86 PVG-HND), not KIX-PVG. Not flown."
2026-01-11,6J26,OKA-HND,GMAIL_ONLY,DELETE,REBOOKED_OR_CANCELLED,,,scheduled,economy,,198126625,"=HYPERLINK(""https://mail.google.com/mail/u/0/#all/1992edc2cae13904"",""Tokyo flight booking details"")",noreply@booking.com,2025-09-09,"Rebooked; you flew JL86 PVG-HND (CSV), not OKA-HND. Not flown."
2026-01-11,JL86,PVG-HND,MATCHED,KEEP,,Japan,Economy,scheduled,economy,331.1 USD + 22073 chase_ur,BG7DQH,"=HYPERLINK(""https://mail.google.com/mail/u/0/#all/19ba117dbe0cce25"",""Travel Reservation Center Trip ID # 1011837812"")",donotreply@chasetravel.com,2026-01-09,
2026-01-12,JL45,HND-CDG,CSV_ONLY,KEEP,RECOVERED,Japan,Lie-flat Business,,business,75000 aa_aadvantage,AA award,"=HYPERLINK(""https://mail.google.com/mail/u/0/#all/198fc528ef497154"",""Your trip confirmation (HND - CDG)"")",,,"Flown after the original backfill cap; booking email not yet searched — investigate (Part B). | RECOVERED: 75000 aa_aadvantage, business, PNR AA award (per-person). 75,000 AAdvantage miles + £19.80 taxes"
2026-01-12,BA315,CDG-LHR,MATCHED,KEEP,,British Airways,Economy,scheduled,economy,74.65 EUR,ZI5ORA,"=HYPERLINK(""https://mail.google.com/mail/u/0/#all/1992ee0468f0cf58"",""Your booking confirmation ZI5ORA"")",BritishAirways@crm.ba.com,2025-09-09,
2026-03-05,FR9142,STN-FAO,MATCHED,KEEP,,Ryanair,Economy,scheduled,,,K34LQA,"=HYPERLINK(""https://mail.google.com/mail/u/0/#all/19bce4bffa2a1281"",""Ryanair Travel Itinerary"")",Itinerary@ryanair.com,2026-01-17,
2026-03-10,U28534,FAO-LGW,CSV_ONLY,KEEP,NO_EMAIL_FOUND,Easyjet,Economy,,,,,,,,Flown after the original backfill cap; booking email not yet searched — investigate (Part B). | Thorough sender+date search found no booking email containing this flight (original 'recoverable' tag was a false match).
2026-04-02,FR168,STN-TRS,MATCHED,KEEP,,Ryanair,Economy,scheduled,,,Y6KTPH,"=HYPERLINK(""https://mail.google.com/mail/u/0/#all/19be2a8e6ee29410"",""Ryanair Travel Itinerary"")",Itinerary@ryanair.com,2026-01-21,
2026-04-07,FR169,TRS-STN,MATCHED,KEEP,,Ryanair,Economy,scheduled,,,OV5KHZ,"=HYPERLINK(""https://mail.google.com/mail/u/0/#all/19be2b03f4ccc5a1"",""Itinerario di Viaggio Ryanair"")",Itinerary@ryanair.com,2026-01-21,
2026-04-28,VS11,LHR-BOS,MATCHED,KEEP,,Virgin Atlantic,Economy,scheduled,economy,290.19 GBP + 12000 virgin_flying_club,EMVEOZ,"=HYPERLINK(""https://mail.google.com/mail/u/0/#all/19cfde8db468869f"",""Virgin Atlantic Airways e-Ticket EMVEOZ"")",virginatlantic@service.virginatlantic.com,2026-03-17,
2026-05-09,VS46,JFK-LHR,MATCHED,KEEP,,Virgin Atlantic,Economy,scheduled,economy,290.19 GBP + 12000 virgin_flying_club,EMVEOZ,"=HYPERLINK(""https://mail.google.com/mail/u/0/#all/19cfde8db468869f"",""Virgin Atlantic Airways e-Ticket EMVEOZ"")",virginatlantic@service.virginatlantic.com,2026-03-17,
2026-06-19,TK1244,STN-IST,MATCHED,KEEP,,Turkish,Economy,scheduled,economy,400.26 GBP,R63XWW,"=HYPERLINK(""https://mail.google.com/mail/u/0/#all/19c16d03126fefdf"",""Turkish Airlines - Ticket Details"")",onlineticket@mail.turkishairlines.com,2026-02-01,
2026-06-20,TK352,IST-ALA,MATCHED,KEEP,,Turkish,Economy,scheduled,economy,400.26 GBP,R63XWW,"=HYPERLINK(""https://mail.google.com/mail/u/0/#all/19c16d03126fefdf"",""Turkish Airlines - Ticket Details"")",onlineticket@mail.turkishairlines.com,2026-02-01,
2026-06-28,TK353,ALA-IST,MATCHED,KEEP,,Turkish,Economy,scheduled,economy,400.26 GBP,R63XWW,"=HYPERLINK(""https://mail.google.com/mail/u/0/#all/19c16d03126fefdf"",""Turkish Airlines - Ticket Details"")",onlineticket@mail.turkishairlines.com,2026-02-01,
2026-06-28,TK1243,IST-STN,MATCHED,KEEP,,Turkish,Economy,scheduled,economy,400.26 GBP,R63XWW,"=HYPERLINK(""https://mail.google.com/mail/u/0/#all/19c16d03126fefdf"",""Turkish Airlines - Ticket Details"")",onlineticket@mail.turkishairlines.com,2026-02-01,
2026-09-11,JD432,LHR-TAO,GMAIL_ONLY,KEEP,REAL_FUTURE,,,scheduled,economy,329.24 GBP,40-940155974,"=HYPERLINK(""https://mail.google.com/mail/u/0/#all/19d877c1bfa2db51"",""Qingdao flight booking confirmed"")",noreply@booking.com,2026-04-13,"Real future booking LHR-TAO (Sep 2026), beyond the CSV's 2026-06-28 end. Booked, not yet logged in CSV."
2026-09-28,9C7205,PKX-CJU,GMAIL_ONLY,KEEP,REAL_FUTURE,,,scheduled,,165.0 USD,BKAZQOB,"=HYPERLINK(""https://mail.google.com/mail/u/0/#all/19d4ddfee842e8f2"",""Spring Airlines Booking Confirmation"")",springairlines@postmaster.springairlines.com,2026-04-02,"Real future booking PKX-CJU (Sep 2026), beyond CSV end."
2026-10-02,TW165,CJU-SIN,GMAIL_ONLY,KEEP,REAL_FUTURE,,,scheduled,economy,210.79 USD,1658111861777875,"=HYPERLINK(""https://mail.google.com/mail/u/0/#all/19d7eeb88946b11c"",""Payment Successful"")",en_flight_noreply@trip.com,2026-04-11,"Real future booking CJU-SIN (Oct 2026), beyond CSV end."
2026-10-04,SQ308,SIN-LHR,GMAIL_ONLY,KEEP,REAL_FUTURE,,,scheduled,lie_flat_business,108.9 CAD + 80000 ac_aeroplan,CTKYAF,"=HYPERLINK(""https://mail.google.com/mail/u/0/#all/19d1d2637eb1a73d"",""Air Canada - 04 Oct 2026: Singapore - London (Booking Reference: CTKYAF)"")",confirmation@aircanada.ca,2026-03-24,"Real future booking SIN-LHR (Oct 2026), beyond CSV end."
