{"type": "FeatureCollection", "features": [{"type": "Feature", "geometry": {"type": "LineString", "coordinates": [[77.040497, 43.3521], [76.980689, 43.362705], [76.92086, 43.373278], [76.861011, 43.38382], [76.801141, 43.39433], [76.74125, 43.404809], [76.681339, 43.415257], [76.621407, 43.425673], [76.561454, 43.436058], [76.501481, 43.446411], [76.441488, 43.456733], [76.381474, 43.467023], [76.32144, 43.477282], [76.261386, 43.487509], [76.201311, 43.497705], [76.141216, 43.507869], [76.081101, 43.518002], [76.020966, 43.528102], [75.960811, 43.538172], [75.900636, 43.548209], [75.840441, 43.558215], [75.780226, 43.568189], [75.719991, 43.578131], [75.659737, 43.588042], [75.599462, 43.597921], [75.539168, 43.607768], [75.478855, 43.617583], [75.418521, 43.627366], [75.358169, 43.637118], [75.297796, 43.646837], [75.237405, 43.656525], [75.176994, 43.666181], [75.116563, 43.675805], [75.056113, 43.685396], [74.995644, 43.694956], [74.935156, 43.704484], [74.874649, 43.71398], [74.814123, 43.723444], [74.753577, 43.732875], [74.693013, 43.742275], [74.63243, 43.751642], [74.571828, 43.760977], [74.511207, 43.770281], [74.450567, 43.779552], [74.389908, 43.78879], [74.329231, 43.797997], [74.268536, 43.807171], [74.207821, 43.816313], [74.147089, 43.825423], [74.086338, 43.8345], [74.025568, 43.843546], [73.96478, 43.852558], [73.903974, 43.861539], [73.84315, 43.870487], [73.782307, 43.879403], [73.721446, 43.888286], [73.660568, 43.897137], [73.599671, 43.905955], [73.538756, 43.914741], [73.477823, 43.923494], [73.416873, 43.932215], [73.355905, 43.940904], [73.294919, 43.949559], [73.233915, 43.958183], [73.172894, 43.966773], [73.111855, 43.975331], [73.050799, 43.983857], [72.989725, 43.992349], [72.928634, 44.00081], [72.867526, 44.009237], [72.8064, 44.017632], [72.745257, 44.025994], [72.684097, 44.034323], [72.62292, 44.042619], [72.561726, 44.050883], [72.500514, 44.059114], [72.439286, 44.067312], [72.378041, 44.075477], [72.316779, 44.08361], [72.255501, 44.091709], [72.194205, 44.099776], [72.132894, 44.10781], [72.071565, 44.115811], [72.01022, 44.123778], [71.948859, 44.131713], [71.887481, 44.139615], [71.826086, 44.147484], [71.764676, 44.15532], [71.703249, 44.163123], [71.641806, 44.170893], [71.580347, 44.17863], [71.518872, 44.186334], [71.457381, 44.194004], [71.395875, 44.201642], [71.334352, 44.209246], [71.272813, 44.216817], [71.211259, 44.224355], [71.149689, 44.23186], [71.088103, 44.239332], [71.026502, 44.24677], [70.964885, 44.254176], [70.903253, 44.261548], [70.841606, 44.268886], [70.779943, 44.276192], [70.718265, 44.283464], [70.656572, 44.290703], [70.594864, 44.297908], [70.53314, 44.30508], [70.471402, 44.312219], [70.409649, 44.319324], [70.34788, 44.326396], [70.286097, 44.333435], [70.2243, 44.34044], [70.162487, 44.347411], [70.10066, 44.354349], [70.038819, 44.361254], [69.976963, 44.368125], [69.915092, 44.374963], [69.853207, 44.381767], [69.791308, 44.388538], [69.729395, 44.395275], [69.667467, 44.401978], [69.605525, 44.408648], [69.54357, 44.415284], [69.4816, 44.421887], [69.419616, 44.428456], [69.357619, 44.434992], [69.295607, 44.441493], [69.233582, 44.447961], [69.171544, 44.454396], [69.109492, 44.460796], [69.047426, 44.467163], [68.985347, 44.473496], [68.923254, 44.479796], [68.861148, 44.486061], [68.799029, 44.492293], [68.736896, 44.498491], [68.674751, 44.504655], [68.612592, 44.510786], [68.550421, 44.516882], [68.488236, 44.522945], [68.426039, 44.528974], [68.363829, 44.534969], [68.301606, 44.54093], [68.23937, 44.546857], [68.177122, 44.55275], [68.114861, 44.55861], [68.052588, 44.564435], [67.990302, 44.570226], [67.928005, 44.575984], [67.865694, 44.581707], [67.803372, 44.587396], [67.741038, 44.593052], [67.678691, 44.598673], [67.616333, 44.60426], [67.553962, 44.609814], [67.49158, 44.615333], [67.429186, 44.620818], [67.36678, 44.626269], [67.304363, 44.631686], [67.241934, 44.637068], [67.179493, 44.642417], [67.117041, 44.647732], [67.054578, 44.653012], [66.992103, 44.658258], [66.929617, 44.66347], [66.86712, 44.668648], [66.804612, 44.673791], [66.742093, 44.6789], [66.679563, 44.683976], [66.617022, 44.689016], [66.554471, 44.694023], [66.491908, 44.698995], [66.429335, 44.703933], [66.366751, 44.708837], [66.304157, 44.713706], [66.241552, 44.718541], [66.178937, 44.723342], [66.116311, 44.728109], [66.053676, 44.732841], [65.99103, 44.737539], [65.928374, 44.742202], [65.865708, 44.746831], [65.803032, 44.751425], [65.740346, 44.755986], [65.67765, 44.760511], [65.614944, 44.765003], [65.552229, 44.76946], [65.489504, 44.773882], [65.42677, 44.77827], [65.364026, 44.782624], [65.301273, 44.786943], [65.238511, 44.791227], [65.175739, 44.795477], [65.112958, 44.799693], [65.050168, 44.803874], [64.987369, 44.80802], [64.924561, 44.812132], [64.861744, 44.81621], [64.798918, 44.820252], [64.736084, 44.824261], [64.673241, 44.828234], [64.610389, 44.832174], [64.547529, 44.836078], [64.48466, 44.839948], [64.421783, 44.843783], [64.358897, 44.847584], [64.296004, 44.85135], [64.233102, 44.855081], [64.170192, 44.858778], [64.107274, 44.86244], [64.044348, 44.866068], [63.981414, 44.86966], [63.918473, 44.873218], [63.855524, 44.876742], [63.792567, 44.88023], [63.729602, 44.883684], [63.66663, 44.887103], [63.603651, 44.890488], [63.540664, 44.893838], [63.47767, 44.897153], [63.414669, 44.900433], [63.351661, 44.903678], [63.288645, 44.906889], [63.225623, 44.910065], [63.162594, 44.913206], [63.099558, 44.916313], [63.036515, 44.919384], [62.973465, 44.922421], [62.910409, 44.925423], [62.847347, 44.92839], [62.784277, 44.931322], [62.721202, 44.93422], [62.65812, 44.937083], [62.595032, 44.93991], [62.531938, 44.942703], [62.468838, 44.945461], [62.405731, 44.948185], [62.342619, 44.950873], [62.279501, 44.953526], [62.216377, 44.956145], [62.153248, 44.958729], [62.090113, 44.961277], [62.026972, 44.963791], [61.963826, 44.96627], [61.900674, 44.968714], [61.837517, 44.971123], [61.774355, 44.973497], [61.711188, 44.975837], [61.648015, 44.978141], [61.584838, 44.98041], [61.521655, 44.982645], [61.458468, 44.984844], [61.395276, 44.987009], [61.332079, 44.989138], [61.268878, 44.991233], [61.205672, 44.993292], [61.142461, 44.995317], [61.079246, 44.997306], [61.016027, 44.999261], [60.952804, 45.001181], [60.889576, 45.003065], [60.826344, 45.004915], [60.763108, 45.006729], [60.699868, 45.008509], [60.636625, 45.010253], [60.573377, 45.011963], [60.510126, 45.013637], [60.446871, 45.015277], [60.383613, 45.016881], [60.320351, 45.018451], [60.257086, 45.019985], [60.193817, 45.021484], [60.130545, 45.022949], [60.06727, 45.024378], [60.003992, 45.025772], [59.940711, 45.027131], [59.877426, 45.028455], [59.814139, 45.029744], [59.750849, 45.030998], [59.687557, 45.032216], [59.624262, 45.0334], [59.560964, 45.034549], [59.497663, 45.035662], [59.434361, 45.036741], [59.371056, 45.037784], [59.307748, 45.038792], [59.244439, 45.039765], [59.181127, 45.040703], [59.117813, 45.041606], [59.054498, 45.042474], [58.99118, 45.043307], [58.927861, 45.044105], [58.86454, 45.044867], [58.801217, 45.045595], [58.737893, 45.046287], [58.674567, 45.046944], [58.61124, 45.047566], [58.547912, 45.048153], [58.484582, 45.048705], [58.421251, 45.049222], [58.357919, 45.049704], [58.294586, 45.05015], [58.231252, 45.050562], [58.167917, 45.050938], [58.104582, 45.051279], [58.041245, 45.051585], [57.977908, 45.051856], [57.914571, 45.052092], [57.851233, 45.052292], [57.787894, 45.052458], [57.724556, 45.052588], [57.661217, 45.052684], [57.597877, 45.052744], [57.534538, 45.052769], [57.471199, 45.052759], [57.40786, 45.052713], [57.344521, 45.052633], [57.281182, 45.052518], [57.217843, 45.052367], [57.154505, 45.052181], [57.091167, 45.05196], [57.02783, 45.051704], [56.964493, 45.051413], [56.901157, 45.051087], [56.837822, 45.050726], [56.774488, 45.050329], [56.711154, 45.049897], [56.647822, 45.049431], [56.584491, 45.048929], [56.52116, 45.048392], [56.457831, 45.04782], [56.394504, 45.047213], [56.331177, 45.04657], [56.267853, 45.045893], [56.204529, 45.04518], [56.141207, 45.044433], [56.077887, 45.04365], [56.014569, 45.042832], [55.951253, 45.041979], [55.887938, 45.041091], [55.824626, 45.040168], [55.761315, 45.039209], [55.698007, 45.038216], [55.634701, 45.037188], [55.571397, 45.036124], [55.508096, 45.035025], [55.444797, 45.033892], [55.381501, 45.032723], [55.318207, 45.031519], [55.254916, 45.03028], [55.191628, 45.029006], [55.128342, 45.027697], [55.06506, 45.026353], [55.00178, 45.024973], [54.938504, 45.023559], [54.87523, 45.02211], [54.81196, 45.020625], [54.748694, 45.019106], [54.68543, 45.017551], [54.62217, 45.015962], [54.558914, 45.014337], [54.495661, 45.012678], [54.432412, 45.010983], [54.369167, 45.009253], [54.305925, 45.007489], [54.242688, 45.005689], [54.179454, 45.003854], [54.116225, 45.001984], [54.053, 45.00008], [53.989779, 44.99814], [53.926562, 44.996165], [53.86335, 44.994156], [53.800142, 44.992111], [53.736938, 44.990031], [53.673739, 44.987916], [53.610545, 44.985767], [53.547356, 44.983582], [53.484172, 44.981363], [53.420992, 44.979108], [53.357817, 44.976819], [53.294648, 44.974494], [53.231484, 44.972135], [53.168324, 44.969741], [53.10517, 44.967311], [53.042022, 44.964847], [52.978879, 44.962348], [52.915741, 44.959814], [52.852609, 44.957245], [52.789483, 44.954642], [52.726363, 44.952003], [52.663248, 44.949329], [52.600139, 44.946621], [52.537036, 44.943878], [52.47394, 44.9411], [52.410849, 44.938287], [52.347764, 44.935439], [52.284686, 44.932556], [52.221614, 44.929639], [52.158549, 44.926686], [52.09549, 44.923699], [52.032438, 44.920677], [51.969392, 44.91762], [51.906353, 44.914529], [51.843321, 44.911402], [51.780296, 44.908241], [51.717277, 44.905045], [51.654266, 44.901814], [51.591262, 44.898549], [51.528265, 44.895248], [51.465275, 44.891913], [51.402292, 44.888544], [51.339317, 44.885139], [51.27635, 44.8817], [51.21339, 44.878226], [51.150437, 44.874717], [51.087492, 44.871174], [51.024555, 44.867596], [50.961626, 44.863983], [50.898705, 44.860336], [50.835792, 44.856654], [50.772886, 44.852937], [50.709989, 44.849186], [50.6471, 44.8454], [50.58422, 44.841579], [50.521347, 44.837724], [50.458483, 44.833834], [50.395628, 44.82991], [50.332781, 44.825951], [50.269943, 44.821957], [50.207114, 44.817929], [50.144293, 44.813866], [50.081481, 44.809769], [50.018678, 44.805637], [49.955884, 44.801471], [49.893099, 44.79727], [49.830324, 44.793035], [49.767557, 44.788765], [49.7048, 44.78446], [49.642052, 44.780121], [49.579314, 44.775748], [49.516585, 44.77134], [49.453866, 44.766898], [49.391156, 44.762421], [49.328457, 44.75791], [49.265766, 44.753364], [49.203086, 44.748784], [49.140416, 44.74417], [49.077756, 44.739521], [49.015105, 44.734838], [48.952465, 44.730121], [48.889836, 44.725369], [48.827216, 44.720583], [48.764607, 44.715762], [48.702008, 44.710907], [48.63942, 44.706018], [48.576842, 44.701094], [48.514275, 44.696137], [48.451719, 44.691145], [48.389173, 44.686118], [48.326638, 44.681058], [48.264115, 44.675963], [48.201602, 44.670834], [48.1391, 44.665671], [48.07661, 44.660473], [48.01413, 44.655242], [47.951662, 44.649976], [47.889205, 44.644676], [47.82676, 44.639342], [47.764326, 44.633974], [47.701904, 44.628571], [47.639493, 44.623135], [47.577094, 44.617664], [47.514707, 44.612159], [47.452331, 44.606621], [47.389968, 44.601048], [47.327616, 44.595441], [47.265277, 44.5898], [47.202949, 44.584125], [47.140634, 44.578416], [47.078331, 44.572673], [47.01604, 44.566896], [46.953761, 44.561085], [46.891495, 44.55524], [46.829242, 44.549362], [46.767001, 44.543449], [46.704773, 44.537502], [46.642557, 44.531522], [46.580354, 44.525507], [46.518164, 44.519459], [46.455987, 44.513377], [46.393823, 44.507261], [46.331672, 44.501111], [46.269534, 44.494927], [46.207409, 44.488709], [46.145298, 44.482458], [46.083199, 44.476173], [46.021114, 44.469854], [45.959043, 44.463502], [45.896985, 44.457115], [45.834941, 44.450695], [45.77291, 44.444242], [45.710893, 44.437754], [45.648889, 44.431233], [45.5869, 44.424678], [45.524924, 44.41809], [45.462962, 44.411468], [45.401015, 44.404812], [45.339081, 44.398123], [45.277162, 44.3914], [45.215257, 44.384644], [45.153366, 44.377854], [45.091489, 44.371031], [45.029627, 44.364174], [44.967779, 44.357283], [44.905946, 44.350359], [44.844127, 44.343402], [44.782323, 44.336411], [44.720534, 44.329386], [44.658759, 44.322329], [44.597, 44.315237], [44.535255, 44.308113], [44.473525, 44.300955], [44.411811, 44.293764], [44.350111, 44.286539], [44.288427, 44.279281], [44.226757, 44.27199], [44.165103, 44.264665], [44.103465, 44.257307], [44.041842, 44.249916], [43.980234, 44.242492], [43.918642, 44.235034], [43.857065, 44.227544], [43.795504, 44.22002], [43.733959, 44.212462], [43.672429, 44.204872], [43.610916, 44.197249], [43.549418, 44.189592], [43.487936, 44.181902], [43.42647, 44.17418], [43.365021, 44.166424], [43.303587, 44.158635], [43.24217, 44.150813], [43.180769, 44.142958], [43.119384, 44.13507], [43.058015, 44.127149], [42.996663, 44.119195], [42.935328, 44.111208], [42.874009, 44.103189], [42.812706, 44.095136], [42.751421, 44.08705], [42.690152, 44.078932], [42.6289, 44.07078], [42.567664, 44.062596], [42.506446, 44.054379], [42.445244, 44.046129], [42.38406, 44.037847], [42.322893, 44.029532], [42.261742, 44.021183], [42.200609, 44.012803], [42.139494, 44.004389], [42.078395, 43.995943], [42.017314, 43.987464], [41.95625, 43.978952], [41.895204, 43.970408], [41.834175, 43.961831], [41.773164, 43.953222], [41.712171, 43.94458], [41.651195, 43.935905], [41.590237, 43.927198], [41.529297, 43.918459], [41.468375, 43.909687], [41.40747, 43.900882], [41.346584, 43.892045], [41.285716, 43.883175], [41.224865, 43.874274], [41.164033, 43.865339], [41.103219, 43.856373], [41.042424, 43.847373], [40.981646, 43.838342], [40.920887, 43.829278], [40.860147, 43.820182], [40.799425, 43.811054], [40.738721, 43.801893], [40.678036, 43.7927], [40.61737, 43.783475], [40.556722, 43.774218], [40.496093, 43.764928], [40.435483, 43.755607], [40.374892, 43.746253], [40.314319, 43.736867], [40.253766, 43.727449], [40.193232, 43.717999], [40.132716, 43.708517], [40.07222, 43.699003], [40.011743, 43.689456], [39.951285, 43.679878], [39.890846, 43.670268], [39.830427, 43.660626], [39.770027, 43.650952], [39.709647, 43.641246], [39.649286, 43.631508], [39.588944, 43.621738], [39.528622, 43.611936], [39.46832, 43.602103], [39.408037, 43.592237], [39.347774, 43.58234], [39.287531, 43.572411], [39.227308, 43.562451], [39.167104, 43.552458], [39.106921, 43.542434], [39.046757, 43.532378], [38.986613, 43.522291], [38.92649, 43.512172], [38.866387, 43.502021], [38.806303, 43.491839], [38.74624, 43.481625], [38.686198, 43.47138], [38.626175, 43.461103], [38.566173, 43.450794], [38.506192, 43.440454], [38.44623, 43.430083], [38.38629, 43.41968], [38.326369, 43.409246], [38.26647, 43.39878], [38.206591, 43.388283], [38.146733, 43.377754], [38.086895, 43.367194], [38.027079, 43.356603], [37.967283, 43.345981], [37.907508, 43.335327], [37.847754, 43.324642], [37.788021, 43.313926], [37.728309, 43.303179], [37.668618, 43.2924], [37.608948, 43.281591], [37.549299, 43.27075], [37.489672, 43.259878], [37.430066, 43.248975], [37.370481, 43.238041], [37.310917, 43.227076], [37.251375, 43.216079], [37.191854, 43.205052], [37.132354, 43.193994], [37.072877, 43.182905], [37.01342, 43.171785], [36.953986, 43.160634], [36.894573, 43.149452], [36.835181, 43.13824], [36.775812, 43.126996], [36.716464, 43.115722], [36.657138, 43.104417], [36.597833, 43.093081], [36.538551, 43.081714], [36.479291, 43.070317], [36.420052, 43.058889], [36.360836, 43.04743], [36.301642, 43.035941], [36.24247, 43.024421], [36.18332, 43.01287], [36.124192, 43.001289], [36.065086, 42.989677], [36.006003, 42.978035], [35.946942, 42.966362], [35.887903, 42.954659], [35.828887, 42.942925], [35.769893, 42.931161], [35.710922, 42.919366], [35.651973, 42.907541], [35.593047, 42.895686], [35.534144, 42.8838], [35.475263, 42.871884], [35.416404, 42.859938], [35.357569, 42.847961], [35.298756, 42.835954], [35.239966, 42.823917], [35.181199, 42.81185], [35.122454, 42.799753], [35.063733, 42.787625], [35.005034, 42.775468], [34.946359, 42.76328], [34.887707, 42.751062], [34.829077, 42.738814], [34.770471, 42.726536], [34.711888, 42.714228], [34.653328, 42.70189], [34.594791, 42.689522], [34.536278, 42.677125], [34.477787, 42.664697], [34.41932, 42.652239], [34.360877, 42.639752], [34.302457, 42.627235], [34.24406, 42.614688], [34.185687, 42.602111], [34.127337, 42.589504], [34.069011, 42.576868], [34.010708, 42.564202], [33.952429, 42.551506], [33.894174, 42.538781], [33.835942, 42.526026], [33.777734, 42.513241], [33.71955, 42.500427], [33.66139, 42.487583], [33.603253, 42.47471], [33.54514, 42.461807], [33.487052, 42.448875], [33.428987, 42.435913], [33.370946, 42.422922], [33.312929, 42.409901], [33.254936, 42.396851], [33.196967, 42.383772], [33.139022, 42.370663], [33.081101, 42.357525], [33.023205, 42.344358], [32.965332, 42.331162], [32.907484, 42.317936], [32.84966, 42.304681], [32.79186, 42.291397], [32.734085, 42.278084], [32.676334, 42.264742], [32.618607, 42.25137], [32.560905, 42.23797], [32.503227, 42.22454], [32.445574, 42.211082], [32.387945, 42.197594], [32.330341, 42.184078], [32.272761, 42.170532], [32.215206, 42.156958], [32.157676, 42.143355], [32.10017, 42.129722], [32.042689, 42.116061], [31.985232, 42.102372], [31.927801, 42.088653], [31.870394, 42.074906], [31.813011, 42.06113], [31.755654, 42.047325], [31.698322, 42.033491], [31.641014, 42.019629], [31.583731, 42.005738], [31.526474, 41.991819], [31.469241, 41.977871], [31.412033, 41.963895], [31.35485, 41.94989], [31.297693, 41.935856], [31.24056, 41.921794], [31.183453, 41.907704], [31.12637, 41.893585], [31.069313, 41.879437], [31.012281, 41.865262], [30.955274, 41.851058], [30.898293, 41.836825], [30.841336, 41.822565], [30.784405, 41.808276], [30.7275, 41.793959], [30.670619, 41.779614], [30.613764, 41.76524], [30.556935, 41.750838], [30.500131, 41.736409], [30.443352, 41.721951], [30.386599, 41.707465], [30.329871, 41.692951], [30.273169, 41.678409], [30.216492, 41.663839], [30.159841, 41.649241], [30.103216, 41.634615], [30.046616, 41.619961], [29.990042, 41.605279], [29.933493, 41.590569], [29.87697, 41.575832], [29.820473, 41.561067], [29.764002, 41.546274], [29.707556, 41.531453], [29.651136, 41.516604], [29.594742, 41.501728], [29.538374, 41.486824], [29.482032, 41.471892], [29.425715, 41.456933], [29.369425, 41.441946], [29.31316, 41.426932], [29.256922, 41.41189], [29.200709, 41.396821], [29.144522, 41.381724], [29.088361, 41.366599], [29.032227, 41.351448], [28.976118, 41.336268], [28.920035, 41.321062], [28.863979, 41.305828], [28.807948, 41.290567], [28.751944, 41.275278]]}, "properties": {"start_iata": "ALA", "start_name": "Almaty Airport", "start_city_country": "Alma-ata, Kazakhstan", "end_iata": "IST", "end_name": "Istanbul Airport", "end_city_country": "Istanbul, Turkey", "dist": 2443, "dur": 315.0, "domint": "International", "count": 2, "earliest_date": "2026-06-20", "latest_date": "2026-06-28", "date_string": "2026-06-20 00:00:00;2026-06-28 00:00:00", "class_hist": "Economy,2", "airline_hist": "Turkish,2", "flight_string": "TK352;TK353", "origin_hist": "IST,1;ALA,1"}}, {"type": "Feature", "geometry": {"type": "LineString", "coordinates": [[-71.005203, 42.3643], [-70.956571, 42.39116], [-70.907897, 42.418], [-70.859181, 42.444819], [-70.810424, 42.471617], [-70.761625, 42.498394], [-70.712785, 42.52515], [-70.663902, 42.551886], [-70.614979, 42.5786], [-70.566013, 42.605293], [-70.517006, 42.631965], [-70.467956, 42.658616], [-70.418865, 42.685246], [-70.369732, 42.711855], [-70.320557, 42.738443], [-70.27134, 42.765009], [-70.222081, 42.791554], [-70.17278, 42.818078], [-70.123436, 42.84458], [-70.074051, 42.871061], [-70.024623, 42.89752], [-69.975153, 42.923958], [-69.92564, 42.950375], [-69.876086, 42.97677], [-69.826488, 43.003143], [-69.776849, 43.029495], [-69.727167, 43.055825], [-69.677442, 43.082133], [-69.627675, 43.10842], [-69.577866, 43.134684], [-69.528013, 43.160927], [-69.478118, 43.187148], [-69.428181, 43.213348], [-69.3782, 43.239525], [-69.328177, 43.26568], [-69.278111, 43.291813], [-69.228002, 43.317925], [-69.17785, 43.344014], [-69.127655, 43.370081], [-69.077417, 43.396125], [-69.027137, 43.422148], [-68.976813, 43.448148], [-68.926446, 43.474127], [-68.876036, 43.500082], [-68.825582, 43.526016], [-68.775086, 43.551927], [-68.724546, 43.577815], [-68.673963, 43.603681], [-68.623336, 43.629525], [-68.572666, 43.655346], [-68.521953, 43.681144], [-68.471196, 43.70692], [-68.420396, 43.732673], [-68.369552, 43.758404], [-68.318665, 43.784111], [-68.267734, 43.809796], [-68.216759, 43.835458], [-68.165741, 43.861097], [-68.114679, 43.886714], [-68.063573, 43.912307], [-68.012423, 43.937877], [-67.96123, 43.963424], [-67.909992, 43.988949], [-67.858711, 44.01445], [-67.807386, 44.039928], [-67.756017, 44.065382], [-67.704604, 44.090814], [-67.653146, 44.116222], [-67.601645, 44.141607], [-67.550099, 44.166969], [-67.49851, 44.192307], [-67.446876, 44.217622], [-67.395198, 44.242913], [-67.343475, 44.268181], [-67.291709, 44.293425], [-67.239898, 44.318646], [-67.188042, 44.343843], [-67.136142, 44.369016], [-67.084198, 44.394166], [-67.032209, 44.419291], [-66.980176, 44.444394], [-66.928098, 44.469472], [-66.875975, 44.494526], [-66.823808, 44.519557], [-66.771596, 44.544563], [-66.71934, 44.569546], [-66.667039, 44.594504], [-66.614693, 44.619438], [-66.562302, 44.644349], [-66.509866, 44.669235], [-66.457386, 44.694097], [-66.40486, 44.718934], [-66.35229, 44.743748], [-66.299675, 44.768537], [-66.247014, 44.793301], [-66.194309, 44.818042], [-66.141558, 44.842758], [-66.088763, 44.867449], [-66.035922, 44.892116], [-65.983036, 44.916758], [-65.930105, 44.941375], [-65.877129, 44.965968], [-65.824107, 44.990537], [-65.771041, 45.01508], [-65.717928, 45.039599], [-65.664771, 45.064093], [-65.611568, 45.088562], [-65.558319, 45.113006], [-65.505026, 45.137425], [-65.451686, 45.161819], [-65.398301, 45.186188], [-65.344871, 45.210532], [-65.291395, 45.234851], [-65.237873, 45.259145], [-65.184306, 45.283413], [-65.130693, 45.307657], [-65.077035, 45.331875], [-65.02333, 45.356067], [-64.96958, 45.380235], [-64.915784, 45.404376], [-64.861942, 45.428493], [-64.808055, 45.452584], [-64.754121, 45.476649], [-64.700142, 45.500689], [-64.646117, 45.524703], [-64.592045, 45.548692], [-64.537928, 45.572654], [-64.483765, 45.596591], [-64.429556, 45.620503], [-64.3753, 45.644388], [-64.320999, 45.668247], [-64.266651, 45.692081], [-64.212257, 45.715888], [-64.157817, 45.73967], [-64.103331, 45.763425], [-64.048798, 45.787155], [-63.99422, 45.810858], [-63.939595, 45.834535], [-63.884923, 45.858186], [-63.830205, 45.88181], [-63.775441, 45.905409], [-63.720631, 45.92898], [-63.665774, 45.952526], [-63.61087, 45.976045], [-63.555921, 45.999537], [-63.500924, 46.023003], [-63.445881, 46.046443], [-63.390792, 46.069855], [-63.335656, 46.093241], [-63.280473, 46.116601], [-63.225244, 46.139933], [-63.169968, 46.163239], [-63.114645, 46.186518], [-63.059276, 46.20977], [-63.00386, 46.232995], [-62.948397, 46.256194], [-62.892888, 46.279365], [-62.837332, 46.302509], [-62.781729, 46.325626], [-62.726079, 46.348715], [-62.670382, 46.371778], [-62.614638, 46.394813], [-62.558847, 46.417821], [-62.50301, 46.440802], [-62.447126, 46.463756], [-62.391194, 46.486681], [-62.335216, 46.50958], [-62.27919, 46.532451], [-62.223118, 46.555294], [-62.166998, 46.57811], [-62.110832, 46.600898], [-62.054618, 46.623659], [-61.998357, 46.646391], [-61.942049, 46.669096], [-61.885694, 46.691774], [-61.829292, 46.714423], [-61.772843, 46.737044], [-61.716346, 46.759638], [-61.659802, 46.782203], [-61.603211, 46.80474], [-61.546573, 46.82725], [-61.489888, 46.849731], [-61.433155, 46.872184], [-61.376374, 46.894608], [-61.319547, 46.917005], [-61.262672, 46.939373], [-61.20575, 46.961713], [-61.14878, 46.984024], [-61.091763, 47.006307], [-61.034699, 47.028561], [-60.977587, 47.050787], [-60.920428, 47.072984], [-60.863221, 47.095153], [-60.805967, 47.117293], [-60.748665, 47.139404], [-60.691316, 47.161487], [-60.633919, 47.18354], [-60.576475, 47.205565], [-60.518983, 47.227561], [-60.461444, 47.249528], [-60.403857, 47.271466], [-60.346223, 47.293375], [-60.28854, 47.315254], [-60.230811, 47.337105], [-60.173034, 47.358926], [-60.115209, 47.380719], [-60.057336, 47.402482], [-59.999416, 47.424215], [-59.941448, 47.445919], [-59.883432, 47.467594], [-59.825369, 47.48924], [-59.767258, 47.510855], [-59.709099, 47.532442], [-59.650893, 47.553998], [-59.592639, 47.575526], [-59.534337, 47.597023], [-59.475988, 47.618491], [-59.41759, 47.639928], [-59.359145, 47.661336], [-59.300652, 47.682715], [-59.242111, 47.704063], [-59.183523, 47.725381], [-59.124887, 47.746669], [-59.066203, 47.767927], [-59.007471, 47.789156], [-58.948691, 47.810353], [-58.889864, 47.831521], [-58.830988, 47.852659], [-58.772065, 47.873766], [-58.713094, 47.894843], [-58.654075, 47.915889], [-58.595008, 47.936905], [-58.535894, 47.957891], [-58.476731, 47.978846], [-58.417521, 47.99977], [-58.358263, 48.020664], [-58.298957, 48.041527], [-58.239603, 48.06236], [-58.180201, 48.083161], [-58.120751, 48.103932], [-58.061254, 48.124672], [-58.001708, 48.145381], [-57.942115, 48.16606], [-57.882474, 48.186707], [-57.822785, 48.207323], [-57.763048, 48.227908], [-57.703263, 48.248462], [-57.64343, 48.268985], [-57.583549, 48.289476], [-57.52362, 48.309936], [-57.463644, 48.330365], [-57.403619, 48.350763], [-57.343547, 48.371129], [-57.283427, 48.391464], [-57.223259, 48.411767], [-57.163043, 48.432038], [-57.102779, 48.452278], [-57.042467, 48.472487], [-56.982108, 48.492663], [-56.9217, 48.512808], [-56.861245, 48.532921], [-56.800742, 48.553002], [-56.74019, 48.573052], [-56.679591, 48.593069], [-56.618945, 48.613055], [-56.55825, 48.633008], [-56.497507, 48.652929], [-56.436717, 48.672819], [-56.375879, 48.692676], [-56.314993, 48.7125], [-56.254059, 48.732293], [-56.193077, 48.752053], [-56.132048, 48.771781], [-56.070971, 48.791476], [-56.009845, 48.811139], [-55.948673, 48.83077], [-55.887452, 48.850368], [-55.826184, 48.869933], [-55.764868, 48.889466], [-55.703504, 48.908966], [-55.642092, 48.928433], [-55.580633, 48.947868], [-55.519126, 48.967269], [-55.457571, 48.986638], [-55.395968, 49.005974], [-55.334318, 49.025277], [-55.272621, 49.044547], [-55.210875, 49.063783], [-55.149082, 49.082987], [-55.087241, 49.102157], [-55.025353, 49.121295], [-54.963417, 49.140399], [-54.901433, 49.159469], [-54.839402, 49.178507], [-54.777324, 49.197511], [-54.715197, 49.216481], [-54.653024, 49.235418], [-54.590802, 49.254321], [-54.528534, 49.273191], [-54.466217, 49.292027], [-54.403854, 49.31083], [-54.341443, 49.329598], [-54.278984, 49.348333], [-54.216478, 49.367034], [-54.153925, 49.385702], [-54.091324, 49.404335], [-54.028676, 49.422934], [-53.965981, 49.4415], [-53.903238, 49.460031], [-53.840448, 49.478528], [-53.777611, 49.496991], [-53.714726, 49.515419], [-53.651794, 49.533814], [-53.588815, 49.552174], [-53.525789, 49.5705], [-53.462716, 49.588791], [-53.399595, 49.607048], [-53.336428, 49.625271], [-53.273213, 49.643458], [-53.209951, 49.661612], [-53.146643, 49.67973], [-53.083287, 49.697814], [-53.019884, 49.715863], [-52.956434, 49.733878], [-52.892938, 49.751857], [-52.829394, 49.769802], [-52.765803, 49.787712], [-52.702166, 49.805587], [-52.638482, 49.823427], [-52.574751, 49.841231], [-52.510973, 49.859001], [-52.447148, 49.876735], [-52.383277, 49.894434], [-52.319359, 49.912098], [-52.255395, 49.929727], [-52.191383, 49.94732], [-52.127325, 49.964878], [-52.063221, 49.982401], [-51.99907, 49.999888], [-51.934873, 50.017339], [-51.870629, 50.034755], [-51.806338, 50.052135], [-51.742001, 50.069479], [-51.677618, 50.086788], [-51.613189, 50.104061], [-51.548713, 50.121298], [-51.484191, 50.138499], [-51.419622, 50.155665], [-51.355008, 50.172794], [-51.290347, 50.189887], [-51.22564, 50.206945], [-51.160887, 50.223966], [-51.096088, 50.240951], [-51.031243, 50.2579], [-50.966352, 50.274812], [-50.901416, 50.291689], [-50.836433, 50.308528], [-50.771404, 50.325332], [-50.70633, 50.342099], [-50.641209, 50.35883], [-50.576043, 50.375524], [-50.510831, 50.392181], [-50.445574, 50.408802], [-50.380271, 50.425386], [-50.314922, 50.441934], [-50.249528, 50.458444], [-50.184089, 50.474918], [-50.118603, 50.491355], [-50.053073, 50.507755], [-49.987497, 50.524118], [-49.921876, 50.540444], [-49.856209, 50.556733], [-49.790498, 50.572985], [-49.724741, 50.5892], [-49.658939, 50.605378], [-49.593092, 50.621518], [-49.5272, 50.637621], [-49.461263, 50.653687], [-49.395281, 50.669716], [-49.329254, 50.685707], [-49.263182, 50.70166], [-49.197065, 50.717576], [-49.130904, 50.733455], [-49.064698, 50.749295], [-48.998447, 50.765099], [-48.932152, 50.780864], [-48.865812, 50.796592], [-48.799428, 50.812282], [-48.732999, 50.827934], [-48.666526, 50.843548], [-48.600008, 50.859125], [-48.533447, 50.874663], [-48.466841, 50.890163], [-48.40019, 50.905625], [-48.333496, 50.92105], [-48.266758, 50.936436], [-48.199975, 50.951783], [-48.133149, 50.967093], [-48.066279, 50.982364], [-47.999365, 50.997597], [-47.932407, 51.012792], [-47.865406, 51.027948], [-47.79836, 51.043065], [-47.731272, 51.058144], [-47.664139, 51.073185], [-47.596964, 51.088187], [-47.529744, 51.10315], [-47.462482, 51.118074], [-47.395176, 51.13296], [-47.327827, 51.147807], [-47.260435, 51.162615], [-47.192999, 51.177384], [-47.125521, 51.192115], [-47.057999, 51.206806], [-46.990435, 51.221458], [-46.922828, 51.236072], [-46.855178, 51.250646], [-46.787485, 51.265181], [-46.71975, 51.279677], [-46.651972, 51.294133], [-46.584151, 51.30855], [-46.516288, 51.322928], [-46.448383, 51.337267], [-46.380435, 51.351566], [-46.312445, 51.365826], [-46.244413, 51.380046], [-46.176339, 51.394226], [-46.108223, 51.408367], [-46.040065, 51.422469], [-45.971864, 51.43653], [-45.903622, 51.450552], [-45.835339, 51.464534], [-45.767013, 51.478477], [-45.698646, 51.492379], [-45.630238, 51.506242], [-45.561788, 51.520064], [-45.493296, 51.533847], [-45.424763, 51.54759], [-45.356189, 51.561292], [-45.287574, 51.574954], [-45.218918, 51.588577], [-45.150221, 51.602159], [-45.081482, 51.6157], [-45.012703, 51.629202], [-44.943883, 51.642663], [-44.875023, 51.656084], [-44.806122, 51.669464], [-44.73718, 51.682804], [-44.668198, 51.696103], [-44.599175, 51.709362], [-44.530112, 51.72258], [-44.461009, 51.735757], [-44.391865, 51.748894], [-44.322682, 51.76199], [-44.253459, 51.775046], [-44.184196, 51.78806], [-44.114892, 51.801034], [-44.04555, 51.813967], [-43.976167, 51.826858], [-43.906745, 51.839709], [-43.837284, 51.852519], [-43.767783, 51.865288], [-43.698243, 51.878016], [-43.628663, 51.890702], [-43.559045, 51.903347], [-43.489387, 51.915952], [-43.419691, 51.928514], [-43.349955, 51.941036], [-43.280181, 51.953516], [-43.210368, 51.965955], [-43.140517, 51.978352], [-43.070627, 51.990708], [-43.000698, 52.003022], [-42.930732, 52.015295], [-42.860727, 52.027526], [-42.790684, 52.039716], [-42.720603, 52.051864], [-42.650483, 52.06397], [-42.580327, 52.076034], [-42.510132, 52.088057], [-42.439899, 52.100038], [-42.369629, 52.111977], [-42.299322, 52.123873], [-42.228977, 52.135728], [-42.158595, 52.147541], [-42.088176, 52.159312], [-42.017719, 52.171041], [-41.947226, 52.182728], [-41.876696, 52.194372], [-41.806128, 52.205975], [-41.735525, 52.217535], [-41.664884, 52.229053], [-41.594207, 52.240528], [-41.523494, 52.251961], [-41.452744, 52.263352], [-41.381959, 52.274701], [-41.311137, 52.286006], [-41.240279, 52.29727], [-41.169385, 52.308491], [-41.098455, 52.319669], [-41.02749, 52.330804], [-40.956489, 52.341897], [-40.885453, 52.352947], [-40.814381, 52.363955], [-40.743274, 52.37492], [-40.672132, 52.385841], [-40.600955, 52.39672], [-40.529743, 52.407557], [-40.458496, 52.41835], [-40.387214, 52.4291], [-40.315898, 52.439807], [-40.244547, 52.450471], [-40.173162, 52.461092], [-40.101742, 52.47167], [-40.030288, 52.482205], [-39.958801, 52.492697], [-39.887279, 52.503145], [-39.815723, 52.51355], [-39.744134, 52.523912], [-39.672511, 52.534231], [-39.600854, 52.544506], [-39.529164, 52.554737], [-39.457441, 52.564926], [-39.385685, 52.57507], [-39.313895, 52.585172], [-39.242073, 52.595229], [-39.170218, 52.605244], [-39.09833, 52.615214], [-39.026409, 52.625141], [-38.954457, 52.635024], [-38.882471, 52.644863], [-38.810454, 52.654659], [-38.738404, 52.664411], [-38.666322, 52.674119], [-38.594209, 52.683783], [-38.522063, 52.693403], [-38.449886, 52.70298], [-38.377678, 52.712512], [-38.305438, 52.722], [-38.233166, 52.731445], [-38.160864, 52.740845], [-38.08853, 52.750201], [-38.016166, 52.759513], [-37.943771, 52.768781], [-37.871345, 52.778004], [-37.798888, 52.787184], [-37.726402, 52.796319], [-37.653884, 52.80541], [-37.581337, 52.814456], [-37.50876, 52.823458], [-37.436152, 52.832416], [-37.363515, 52.841329], [-37.290848, 52.850198], [-37.218152, 52.859022], [-37.145426, 52.867802], [-37.072671, 52.876537], [-36.999887, 52.885227], [-36.927073, 52.893873], [-36.854231, 52.902475], [-36.78136, 52.911031], [-36.708461, 52.919543], [-36.635532, 52.92801], [-36.562576, 52.936432], [-36.489591, 52.94481], [-36.416578, 52.953143], [-36.343537, 52.96143], [-36.270468, 52.969673], [-36.197372, 52.977871], [-36.124248, 52.986024], [-36.051096, 52.994132], [-35.977917, 53.002195], [-35.904711, 53.010213], [-35.831478, 53.018185], [-35.758218, 53.026113], [-35.684931, 53.033996], [-35.611617, 53.041833], [-35.538277, 53.049625], [-35.464911, 53.057372], [-35.391518, 53.065074], [-35.318099, 53.07273], [-35.244655, 53.080341], [-35.171184, 53.087907], [-35.097688, 53.095427], [-35.024166, 53.102902], [-34.950619, 53.110331], [-34.877046, 53.117715], [-34.803448, 53.125054], [-34.729826, 53.132347], [-34.656178, 53.139594], [-34.582506, 53.146796], [-34.508809, 53.153952], [-34.435088, 53.161063], [-34.361342, 53.168128], [-34.287572, 53.175147], [-34.213779, 53.182121], [-34.139961, 53.189049], [-34.06612, 53.195931], [-33.992255, 53.202767], [-33.918366, 53.209558], [-33.844455, 53.216303], [-33.77052, 53.223002], [-33.696562, 53.229655], [-33.622582, 53.236262], [-33.548578, 53.242823], [-33.474553, 53.249338], [-33.400504, 53.255807], [-33.326434, 53.26223], [-33.252341, 53.268608], [-33.178226, 53.274939], [-33.10409, 53.281224], [-33.029932, 53.287463], [-32.955752, 53.293655], [-32.881551, 53.299802], [-32.807329, 53.305902], [-32.733085, 53.311957], [-32.658821, 53.317965], [-32.584536, 53.323927], [-32.51023, 53.329842], [-32.435904, 53.335711], [-32.361558, 53.341534], [-32.287191, 53.347311], [-32.212804, 53.353041], [-32.138398, 53.358725], [-32.063971, 53.364362], [-31.989525, 53.369953], [-31.91506, 53.375498], [-31.840575, 53.380996], [-31.766072, 53.386448], [-31.691549, 53.391853], [-31.617008, 53.397212], [-31.542448, 53.402524], [-31.467869, 53.407789], [-31.393272, 53.413008], [-31.318657, 53.41818], [-31.244024, 53.423306], [-31.169373, 53.428385], [-31.094704, 53.433417], [-31.020018, 53.438403], [-30.945314, 53.443342], [-30.870593, 53.448234], [-30.795855, 53.45308], [-30.7211, 53.457878], [-30.646328, 53.46263], [-30.57154, 53.467335], [-30.496735, 53.471994], [-30.421914, 53.476605], [-30.347077, 53.48117], [-30.272224, 53.485687], [-30.197354, 53.490158], [-30.12247, 53.494582], [-30.047569, 53.498959], [-29.972654, 53.503289], [-29.897723, 53.507572], [-29.822777, 53.511809], [-29.747817, 53.515998], [-29.672841, 53.52014], [-29.597851, 53.524235], [-29.522847, 53.528283], [-29.447828, 53.532284], [-29.372796, 53.536238], [-29.297749, 53.540145], [-29.222689, 53.544005], [-29.147615, 53.547817], [-29.072528, 53.551583], [-28.997428, 53.555301], [-28.922314, 53.558972], [-28.847188, 53.562596], [-28.772048, 53.566173], [-28.696897, 53.569703], [-28.621732, 53.573185], [-28.546556, 53.57662], [-28.471367, 53.580008], [-28.396167, 53.583349], [-28.320954, 53.586642], [-28.24573, 53.589888], [-28.170495, 53.593087], [-28.095248, 53.596238], [-28.01999, 53.599343], [-27.944722, 53.602399], [-27.869442, 53.605409], [-27.794152, 53.608371], [-27.718851, 53.611286], [-27.643541, 53.614153], [-27.568219, 53.616973], [-27.492889, 53.619746], [-27.417548, 53.622471], [-27.342197, 53.625149], [-27.266838, 53.627779], [-27.191468, 53.630362], [-27.11609, 53.632897], [-27.040703, 53.635385], [-26.965307, 53.637825], [-26.889902, 53.640218], [-26.814489, 53.642564], [-26.739068, 53.644862], [-26.663638, 53.647112], [-26.588201, 53.649315], [-26.512756, 53.65147], [-26.437303, 53.653578], [-26.361843, 53.655638], [-26.286375, 53.657651], [-26.210901, 53.659616], [-26.135419, 53.661534], [-26.059931, 53.663404], [-25.984436, 53.665226], [-25.908935, 53.667001], [-25.833427, 53.668728], [-25.757913, 53.670408], [-25.682394, 53.67204], [-25.606868, 53.673624], [-25.531337, 53.675161], [-25.455801, 53.67665], [-25.380259, 53.678091], [-25.304713, 53.679485], [-25.229161, 53.680831], [-25.153605, 53.68213], [-25.078044, 53.683381], [-25.002479, 53.684584], [-24.926909, 53.685739], [-24.851336, 53.686847], [-24.775758, 53.687907], [-24.700177, 53.68892], [-24.624592, 53.689884], [-24.549004, 53.690801], [-24.473413, 53.691671], [-24.397819, 53.692492], [-24.322222, 53.693266], [-24.246622, 53.693992], [-24.171019, 53.694671], [-24.095415, 53.695302], [-24.019808, 53.695885], [-23.944199, 53.69642], [-23.868588, 53.696908], [-23.792976, 53.697348], [-23.717362, 53.69774], [-23.641747, 53.698085], [-23.566131, 53.698381], [-23.490513, 53.69863], [-23.414895, 53.698832], [-23.339276, 53.698985], [-23.263657, 53.699091], [-23.188038, 53.699149], [-23.112418, 53.699159], [-23.036798, 53.699122], [-22.961179, 53.699037], [-22.88556, 53.698904], [-22.809942, 53.698724], [-22.734324, 53.698495], [-22.658707, 53.698219], [-22.583092, 53.697896], [-22.507477, 53.697524], [-22.431864, 53.697105], [-22.356253, 53.696638], [-22.280643, 53.696123], [-22.205035, 53.695561], [-22.129429, 53.694951], [-22.053826, 53.694293], [-21.978225, 53.693588], [-21.902627, 53.692835], [-21.827031, 53.692034], [-21.751439, 53.691185], [-21.675849, 53.690289], [-21.600263, 53.689345], [-21.52468, 53.688353], [-21.449101, 53.687314], [-21.373526, 53.686227], [-21.297955, 53.685092], [-21.222388, 53.683909], [-21.146825, 53.682679], [-21.071266, 53.681402], [-20.995713, 53.680076], [-20.920164, 53.678703], [-20.84462, 53.677282], [-20.769081, 53.675814], [-20.693548, 53.674298], [-20.61802, 53.672734], [-20.542498, 53.671123], [-20.466982, 53.669464], [-20.391472, 53.667758], [-20.315968, 53.666004], [-20.24047, 53.664202], [-20.164979, 53.662353], [-20.089494, 53.660456], [-20.014016, 53.658511], [-19.938546, 53.656519], [-19.863082, 53.65448], [-19.787626, 53.652392], [-19.712178, 53.650258], [-19.636737, 53.648075], [-19.561304, 53.645846], [-19.485879, 53.643568], [-19.410462, 53.641244], [-19.335054, 53.638871], [-19.259654, 53.636452], [-19.184263, 53.633984], [-19.108881, 53.63147], [-19.033508, 53.628907], [-18.958144, 53.626298], [-18.88279, 53.623641], [-18.807445, 53.620936], [-18.732109, 53.618184], [-18.656784, 53.615385], [-18.581469, 53.612538], [-18.506164, 53.609644], [-18.430869, 53.606702], [-18.355585, 53.603713], [-18.280311, 53.600677], [-18.205049, 53.597594], [-18.129797, 53.594463], [-18.054557, 53.591285], [-17.979328, 53.588059], [-17.90411, 53.584786], [-17.828905, 53.581466], [-17.753711, 53.578099], [-17.678529, 53.574684], [-17.60336, 53.571222], [-17.528202, 53.567713], [-17.453058, 53.564157], [-17.377926, 53.560553], [-17.302806, 53.556903], [-17.2277, 53.553205], [-17.152607, 53.54946], [-17.077528, 53.545668], [-17.002461, 53.541828], [-16.927409, 53.537942], [-16.85237, 53.534009], [-16.777346, 53.530028], [-16.702335, 53.526], [-16.627339, 53.521926], [-16.552357, 53.517804], [-16.47739, 53.513635], [-16.402438, 53.50942], [-16.3275, 53.505157], [-16.252578, 53.500847], [-16.177671, 53.496491], [-16.10278, 53.492087], [-16.027904, 53.487637], [-15.953044, 53.483139], [-15.8782, 53.478595], [-15.803371, 53.474004], [-15.728559, 53.469366], [-15.653764, 53.464681], [-15.578985, 53.45995], [-15.504223, 53.455171], [-15.429477, 53.450346], [-15.354749, 53.445474], [-15.280038, 53.440556], [-15.205344, 53.43559], [-15.130667, 53.430578], [-15.056009, 53.42552], [-14.981368, 53.420414], [-14.906745, 53.415262], [-14.83214, 53.410063], [-14.757553, 53.404818], [-14.682985, 53.399526], [-14.608436, 53.394188], [-14.533905, 53.388803], [-14.459393, 53.383372], [-14.3849, 53.377894], [-14.310426, 53.372369], [-14.235972, 53.366799], [-14.161537, 53.361181], [-14.087122, 53.355518], [-14.012726, 53.349807], [-13.938351, 53.344051], [-13.863996, 53.338248], [-13.789661, 53.332399], [-13.715346, 53.326504], [-13.641052, 53.320562], [-13.566779, 53.314574], [-13.492526, 53.30854], [-13.418295, 53.30246], [-13.344084, 53.296333], [-13.269895, 53.29016], [-13.195728, 53.283941], [-13.121582, 53.277676], [-13.047458, 53.271365], [-12.973355, 53.265008], [-12.899275, 53.258605], [-12.825217, 53.252156], [-12.751182, 53.245661], [-12.677168, 53.239119], [-12.603178, 53.232532], [-12.52921, 53.225899], [-12.455266, 53.21922], [-12.381344, 53.212496], [-12.307445, 53.205725], [-12.23357, 53.198908], [-12.159719, 53.192046], [-12.085891, 53.185138], [-12.012087, 53.178184], [-11.938306, 53.171185], [-11.86455, 53.16414], [-11.790818, 53.157049], [-11.717111, 53.149913], [-11.643428, 53.14273], [-11.56977, 53.135503], [-11.496136, 53.12823], [-11.422528, 53.120911], [-11.348944, 53.113547], [-11.275386, 53.106137], [-11.201853, 53.098682], [-11.128345, 53.091181], [-11.054864, 53.083635], [-10.981408, 53.076044], [-10.907977, 53.068407], [-10.834573, 53.060725], [-10.761196, 53.052998], [-10.687844, 53.045226], [-10.614519, 53.037408], [-10.54122, 53.029545], [-10.467949, 53.021637], [-10.394704, 53.013684], [-10.321486, 53.005686], [-10.248295, 52.997642], [-10.175132, 52.989554], [-10.101996, 52.981421], [-10.028887, 52.973242], [-9.955806, 52.965019], [-9.882753, 52.956751], [-9.809728, 52.948438], [-9.736731, 52.94008], [-9.663762, 52.931677], [-9.590822, 52.923229], [-9.51791, 52.914737], [-9.445026, 52.9062], [-9.372171, 52.897618], [-9.299345, 52.888991], [-9.226549, 52.88032], [-9.153781, 52.871604], [-9.081042, 52.862844], [-9.008333, 52.854039], [-8.935653, 52.84519], [-8.863003, 52.836296], [-8.790383, 52.827357], [-8.717793, 52.818375], [-8.645232, 52.809348], [-8.572702, 52.800276], [-8.500202, 52.79116], [-8.427732, 52.782], [-8.355293, 52.772796], [-8.282884, 52.763547], [-8.210506, 52.754254], [-8.13816, 52.744917], [-8.065844, 52.735536], [-7.993559, 52.726111], [-7.921305, 52.716642], [-7.849083, 52.707129], [-7.776892, 52.697572], [-7.704733, 52.68797], [-7.632606, 52.678325], [-7.56051, 52.668636], [-7.488446, 52.658904], [-7.416415, 52.649127], [-7.344415, 52.639307], [-7.272448, 52.629442], [-7.200514, 52.619535], [-7.128612, 52.609583], [-7.056742, 52.599588], [-6.984905, 52.589549], [-6.913102, 52.579467], [-6.841331, 52.569341], [-6.769593, 52.559172], [-6.697889, 52.548959], [-6.626218, 52.538703], [-6.55458, 52.528403], [-6.482976, 52.51806], [-6.411406, 52.507674], [-6.33987, 52.497244], [-6.268367, 52.486771], [-6.196898, 52.476255], [-6.125464, 52.465696], [-6.054064, 52.455094], [-5.982698, 52.444448], [-5.911367, 52.43376], [-5.84007, 52.423028], [-5.768808, 52.412254], [-5.697581, 52.401436], [-5.626388, 52.390576], [-5.555231, 52.379673], [-5.484109, 52.368726], [-5.413021, 52.357738], [-5.34197, 52.346706], [-5.270953, 52.335632], [-5.199973, 52.324515], [-5.129028, 52.313355], [-5.058118, 52.302153], [-4.987245, 52.290908], [-4.916407, 52.27962], [-4.845606, 52.268291], [-4.77484, 52.256918], [-4.704111, 52.245503], [-4.633418, 52.234046], [-4.562762, 52.222547], [-4.492142, 52.211005], [-4.421559, 52.199421], [-4.351013, 52.187795], [-4.280503, 52.176127], [-4.210031, 52.164416], [-4.139595, 52.152663], [-4.069197, 52.140869], [-3.998836, 52.129032], [-3.928512, 52.117153], [-3.858226, 52.105233], [-3.787977, 52.09327], [-3.717766, 52.081266], [-3.647593, 52.069219], [-3.577457, 52.057131], [-3.50736, 52.045002], [-3.4373, 52.03283], [-3.367279, 52.020617], [-3.297295, 52.008363], [-3.22735, 51.996066], [-3.157443, 51.983728], [-3.087575, 51.971349], [-3.017746, 51.958928], [-2.947955, 51.946466], [-2.878202, 51.933963], [-2.808489, 51.921418], [-2.738814, 51.908832], [-2.669179, 51.896204], [-2.599582, 51.883536], [-2.530025, 51.870826], [-2.460507, 51.858075], [-2.391029, 51.845283], [-2.321589, 51.83245], [-2.25219, 51.819576], [-2.18283, 51.806661], [-2.113509, 51.793705], [-2.044229, 51.780708], [-1.974988, 51.76767], [-1.905787, 51.754592], [-1.836627, 51.741473], [-1.767506, 51.728313], [-1.698426, 51.715113], [-1.629385, 51.701872], [-1.560386, 51.68859], [-1.491426, 51.675268], [-1.422507, 51.661905], [-1.353629, 51.648502], [-1.284792, 51.635058], [-1.215995, 51.621574], [-1.147239, 51.60805], [-1.078524, 51.594486], [-1.009849, 51.580881], [-0.941216, 51.567236], [-0.872624, 51.553551], [-0.804074, 51.539826], [-0.735564, 51.526061], [-0.667096, 51.512255], [-0.59867, 51.49841], [-0.530285, 51.484525], [-0.461941, 51.4706]]}, "properties": {"start_iata": "BOS", "start_name": "General Edward Lawrence Logan International Airport", "start_city_country": "Boston, United States", "end_iata": "LHR", "end_name": "London Heathrow Airport", "end_city_country": "London, United Kingdom", "dist": 3265, "dur": 445.0, "domint": "International", "count": 1, "earliest_date": "2026-04-28", "latest_date": "2026-04-28", "date_string": "2026-04-28 00:00:00", "class_hist": "Economy,1", "airline_hist": "Virgin Atlantic,1", "flight_string": "VS11", "origin_hist": "LHR,1"}}, {"type": "Feature", "geometry": {"type": "LineString", "coordinates": [[2.55, 49.012798], [2.587755, 49.050229], [2.625567, 49.087647], [2.663436, 49.125053], [2.701362, 49.162446], [2.739345, 49.199826], [2.777385, 49.237194], [2.815483, 49.274549], [2.853638, 49.311891], [2.891851, 49.34922], [2.930121, 49.386536], [2.96845, 49.423839], [3.006837, 49.46113], [3.045282, 49.498407], [3.083786, 49.535671], [3.122348, 49.572922], [3.160969, 49.61016], [3.199649, 49.647385], [3.238388, 49.684597], [3.277186, 49.721796], [3.316044, 49.758981], [3.35496, 49.796153], [3.393937, 49.833312], [3.432973, 49.870457], [3.472069, 49.907589], [3.511225, 49.944707], [3.550442, 49.981812], [3.589718, 50.018904], [3.629056, 50.055982], [3.668454, 50.093046], [3.707912, 50.130097], [3.747432, 50.167134], [3.787013, 50.204157], [3.826655, 50.241167], [3.866359, 50.278163], [3.906124, 50.315145], [3.945951, 50.352113], [3.985839, 50.389067], [4.02579, 50.426007], [4.065803, 50.462934], [4.105878, 50.499846], [4.146016, 50.536744], [4.186217, 50.573628], [4.22648, 50.610498], [4.266806, 50.647354], [4.307196, 50.684196], [4.347648, 50.721023], [4.388164, 50.757836], [4.428744, 50.794635], [4.469388, 50.83142], [4.510095, 50.86819], [4.550867, 50.904945], [4.591702, 50.941686], [4.632603, 50.978413], [4.673567, 51.015125], [4.714597, 51.051822], [4.755691, 51.088505], [4.796851, 51.125173], [4.838075, 51.161826], [4.879365, 51.198465], [4.920721, 51.235088], [4.962142, 51.271697], [5.003629, 51.308291], [5.045182, 51.34487], [5.086802, 51.381434], [5.128487, 51.417983], [5.17024, 51.454516], [5.212059, 51.491035], [5.253944, 51.527539], [5.295897, 51.564027], [5.337917, 51.6005], [5.380005, 51.636958], [5.422159, 51.6734], [5.464382, 51.709827], [5.506673, 51.746239], [5.549031, 51.782635], [5.591458, 51.819016], [5.633953, 51.855381], [5.676517, 51.891731], [5.719149, 51.928065], [5.76185, 51.964383], [5.804621, 52.000685], [5.84746, 52.036972], [5.890369, 52.073243], [5.933348, 52.109498], [5.976396, 52.145737], [6.019514, 52.18196], [6.062703, 52.218167], [6.105961, 52.254358], [6.14929, 52.290533], [6.19269, 52.326692], [6.236161, 52.362834], [6.279702, 52.398961], [6.323315, 52.435071], [6.366999, 52.471165], [6.410754, 52.507242], [6.454581, 52.543303], [6.498481, 52.579347], [6.542452, 52.615375], [6.586495, 52.651387], [6.630611, 52.687382], [6.674799, 52.72336], [6.71906, 52.759321], [6.763394, 52.795266], [6.807802, 52.831194], [6.852282, 52.867105], [6.896836, 52.902999], [6.941464, 52.938876], [6.986166, 52.974736], [7.030941, 53.010579], [7.075791, 53.046405], [7.120716, 53.082214], [7.165714, 53.118005], [7.210788, 53.15378], [7.255937, 53.189537], [7.301161, 53.225276], [7.34646, 53.260999], [7.391835, 53.296704], [7.437285, 53.332391], [7.482811, 53.368061], [7.528414, 53.403713], [7.574093, 53.439347], [7.619848, 53.474964], [7.66568, 53.510563], [7.711588, 53.546145], [7.757574, 53.581708], [7.803637, 53.617253], [7.849778, 53.652781], [7.895996, 53.68829], [7.942292, 53.723782], [7.988666, 53.759255], [8.035118, 53.79471], [8.081648, 53.830147], [8.128258, 53.865566], [8.174945, 53.900966], [8.221712, 53.936348], [8.268558, 53.971711], [8.315484, 54.007056], [8.362489, 54.042382], [8.409574, 54.07769], [8.456738, 54.112979], [8.503983, 54.148249], [8.551308, 54.183501], [8.598714, 54.218734], [8.646201, 54.253947], [8.693768, 54.289142], [8.741417, 54.324318], [8.789147, 54.359475], [8.836959, 54.394613], [8.884852, 54.429731], [8.932827, 54.464831], [8.980885, 54.499911], [9.029024, 54.534972], [9.077247, 54.570013], [9.125552, 54.605035], [9.17394, 54.640037], [9.222411, 54.67502], [9.270966, 54.709983], [9.319604, 54.744927], [9.368326, 54.77985], [9.417132, 54.814754], [9.466023, 54.849638], [9.514997, 54.884503], [9.564056, 54.919347], [9.613201, 54.954171], [9.66243, 54.988975], [9.711744, 55.023759], [9.761144, 55.058523], [9.810629, 55.093266], [9.860201, 55.127989], [9.909858, 55.162692], [9.959602, 55.197374], [10.009432, 55.232036], [10.059349, 55.266677], [10.109353, 55.301297], [10.159444, 55.335897], [10.209622, 55.370476], [10.259888, 55.405034], [10.310241, 55.439572], [10.360683, 55.474088], [10.411213, 55.508584], [10.461831, 55.543058], [10.512538, 55.577511], [10.563334, 55.611943], [10.614218, 55.646354], [10.665193, 55.680743], [10.716256, 55.715111], [10.767409, 55.749457], [10.818653, 55.783782], [10.869986, 55.818086], [10.92141, 55.852367], [10.972924, 55.886627], [11.024529, 55.920866], [11.076225, 55.955082], [11.128013, 55.989277], [11.179891, 56.023449], [11.231862, 56.057599], [11.283924, 56.091728], [11.336079, 56.125834], [11.388326, 56.159918], [11.440665, 56.193979], [11.493098, 56.228019], [11.545623, 56.262036], [11.598241, 56.29603], [11.650953, 56.330001], [11.703759, 56.363951], [11.756659, 56.397877], [11.809653, 56.43178], [11.862741, 56.465661], [11.915923, 56.499519], [11.969201, 56.533354], [12.022573, 56.567165], [12.076041, 56.600954], [12.129605, 56.634719], [12.183264, 56.668461], [12.237019, 56.70218], [12.29087, 56.735875], [12.344818, 56.769547], [12.398862, 56.803196], [12.453003, 56.83682], [12.507241, 56.870421], [12.561577, 56.903998], [12.61601, 56.937552], [12.670541, 56.971081], [12.72517, 57.004587], [12.779897, 57.038068], [12.834723, 57.071525], [12.889647, 57.104958], [12.944671, 57.138367], [12.999793, 57.171752], [13.055015, 57.205111], [13.110337, 57.238447], [13.165759, 57.271758], [13.22128, 57.305044], [13.276902, 57.338306], [13.332625, 57.371542], [13.388448, 57.404754], [13.444373, 57.437941], [13.500399, 57.471103], [13.556526, 57.50424], [13.612755, 57.537351], [13.669087, 57.570438], [13.72552, 57.603499], [13.782056, 57.636534], [13.838695, 57.669544], [13.895436, 57.702529], [13.952281, 57.735488], [14.00923, 57.768421], [14.066282, 57.801328], [14.123437, 57.834209], [14.180698, 57.867065], [14.238062, 57.899894], [14.295531, 57.932698], [14.353105, 57.965475], [14.410784, 57.998226], [14.468569, 58.03095], [14.526459, 58.063648], [14.584455, 58.09632], [14.642557, 58.128965], [14.700766, 58.161583], [14.759081, 58.194174], [14.817503, 58.226739], [14.876032, 58.259276], [14.934668, 58.291787], [14.993412, 58.324271], [15.052263, 58.356727], [15.111223, 58.389156], [15.170291, 58.421558], [15.229467, 58.453932], [15.288753, 58.486279], [15.348147, 58.518598], [15.407651, 58.55089], [15.467264, 58.583154], [15.526987, 58.615389], [15.58682, 58.647597], [15.646763, 58.679777], [15.706816, 58.711929], [15.766981, 58.744053], [15.827256, 58.776148], [15.887643, 58.808215], [15.948141, 58.840254], [16.008751, 58.872264], [16.069473, 58.904245], [16.130307, 58.936197], [16.191254, 58.968121], [16.252313, 59.000016], [16.313486, 59.031882], [16.374771, 59.063719], [16.43617, 59.095526], [16.497683, 59.127305], [16.55931, 59.159054], [16.621051, 59.190773], [16.682907, 59.222464], [16.744877, 59.254124], [16.806962, 59.285755], [16.869163, 59.317356], [16.931479, 59.348927], [16.99391, 59.380468], [17.056458, 59.411979], [17.119122, 59.44346], [17.181903, 59.47491], [17.2448, 59.50633], [17.307814, 59.53772], [17.370945, 59.569079], [17.434194, 59.600408], [17.497561, 59.631706], [17.561046, 59.662973], [17.624648, 59.694209], [17.68837, 59.725414], [17.75221, 59.756588], [17.816169, 59.78773], [17.880248, 59.818842], [17.944445, 59.849922], [18.008763, 59.88097], [18.073201, 59.911987], [18.137759, 59.942972], [18.202437, 59.973926], [18.267236, 60.004847], [18.332156, 60.035737], [18.397198, 60.066594], [18.462361, 60.09742], [18.527646, 60.128213], [18.593052, 60.158973], [18.658581, 60.189701], [18.724233, 60.220397], [18.790007, 60.25106], [18.855905, 60.28169], [18.921925, 60.312287], [18.98807, 60.342851], [19.054337, 60.373382], [19.120729, 60.40388], [19.187246, 60.434345], [19.253887, 60.464776], [19.320652, 60.495173], [19.387543, 60.525538], [19.454559, 60.555868], [19.5217, 60.586165], [19.588967, 60.616427], [19.656361, 60.646656], [19.72388, 60.67685], [19.791526, 60.707011], [19.859299, 60.737137], [19.927199, 60.767228], [19.995226, 60.797285], [20.063381, 60.827307], [20.131663, 60.857295], [20.200074, 60.887248], [20.268613, 60.917165], [20.33728, 60.947048], [20.406076, 60.976895], [20.475001, 61.006708], [20.544056, 61.036484], [20.61324, 61.066225], [20.682553, 61.095931], [20.751997, 61.125601], [20.821571, 61.155235], [20.891276, 61.184833], [20.961111, 61.214395], [21.031077, 61.243921], [21.101175, 61.27341], [21.171404, 61.302863], [21.241764, 61.33228], [21.312257, 61.36166], [21.382882, 61.391003], [21.453639, 61.42031], [21.524529, 61.449579], [21.595552, 61.478812], [21.666709, 61.508007], [21.737998, 61.537165], [21.809422, 61.566285], [21.880979, 61.595368], [21.95267, 61.624413], [22.024496, 61.653421], [22.096457, 61.682391], [22.168552, 61.711322], [22.240783, 61.740216], [22.313148, 61.769071], [22.38565, 61.797888], [22.458287, 61.826667], [22.53106, 61.855407], [22.60397, 61.884108], [22.677016, 61.91277], [22.750199, 61.941394], [22.823519, 61.969978], [22.896976, 61.998523], [22.970571, 62.027029], [23.044303, 62.055496], [23.118174, 62.083923], [23.192182, 62.112311], [23.266329, 62.140658], [23.340615, 62.168966], [23.415039, 62.197234], [23.489603, 62.225461], [23.564306, 62.253649], [23.639148, 62.281795], [23.71413, 62.309902], [23.789252, 62.337968], [23.864515, 62.365993], [23.939918, 62.393977], [24.015461, 62.42192], [24.091146, 62.449822], [24.166971, 62.477683], [24.242938, 62.505503], [24.319047, 62.533281], [24.395297, 62.561017], [24.471689, 62.588712], [24.548224, 62.616364], [24.624901, 62.643975], [24.701721, 62.671544], [24.778683, 62.69907], [24.855789, 62.726554], [24.933038, 62.753996], [25.01043, 62.781394], [25.087966, 62.80875], [25.165646, 62.836064], [25.24347, 62.863334], [25.321439, 62.890561], [25.399552, 62.917744], [25.47781, 62.944885], [25.556213, 62.971981], [25.634761, 62.999035], [25.713454, 63.026044], [25.792293, 63.053009], [25.871278, 63.07993], [25.950409, 63.106807], [26.029686, 63.13364], [26.109109, 63.160428], [26.188679, 63.187172], [26.268396, 63.213871], [26.34826, 63.240525], [26.428271, 63.267134], [26.508429, 63.293698], [26.588735, 63.320217], [26.669189, 63.34669], [26.74979, 63.373118], [26.83054, 63.3995], [26.911438, 63.425836], [26.992484, 63.452126], [27.073679, 63.478371], [27.155023, 63.504569], [27.236516, 63.53072], [27.318158, 63.556826], [27.39995, 63.582884], [27.481891, 63.608896], [27.563982, 63.634861], [27.646222, 63.660779], [27.728613, 63.686649], [27.811154, 63.712473], [27.893846, 63.738249], [27.976688, 63.763977], [28.059681, 63.789657], [28.142825, 63.81529], [28.22612, 63.840875], [28.309566, 63.866411], [28.393163, 63.891899], [28.476913, 63.917339], [28.560813, 63.94273], [28.644866, 63.968073], [28.729071, 63.993366], [28.813428, 64.018611], [28.897937, 64.043806], [28.982599, 64.068953], [29.067413, 64.094049], [29.15238, 64.119096], [29.2375, 64.144094], [29.322773, 64.169041], [29.4082, 64.193939], [29.493779, 64.218786], [29.579512, 64.243583], [29.665399, 64.26833], [29.751439, 64.293026], [29.837634, 64.317671], [29.923982, 64.342266], [30.010484, 64.366809], [30.097141, 64.391301], [30.183951, 64.415742], [30.270917, 64.440131], [30.358037, 64.464469], [30.445311, 64.488755], [30.532741, 64.512989], [30.620325, 64.537171], [30.708065, 64.561301], [30.795959, 64.585379], [30.884009, 64.609404], [30.972214, 64.633376], [31.060575, 64.657296], [31.149091, 64.681162], [31.237763, 64.704976], [31.32659, 64.728736], [31.415574, 64.752443], [31.504713, 64.776096], [31.594008, 64.799696], [31.68346, 64.823242], [31.773067, 64.846733], [31.862831, 64.870171], [31.952751, 64.893554], [32.042828, 64.916883], [32.133061, 64.940157], [32.22345, 64.963377], [32.313996, 64.986541], [32.404699, 65.009651], [32.495559, 65.032705], [32.586575, 65.055704], [32.677748, 65.078648], [32.769078, 65.101535], [32.860565, 65.124367], [32.952209, 65.147143], [33.044011, 65.169863], [33.135969, 65.192526], [33.228084, 65.215133], [33.320357, 65.237684], [33.412786, 65.260178], [33.505373, 65.282614], [33.598118, 65.304994], [33.691019, 65.327317], [33.784078, 65.349582], [33.877295, 65.371789], [33.970668, 65.393939], [34.064199, 65.416032], [34.157888, 65.438066], [34.251734, 65.460042], [34.345737, 65.481959], [34.439897, 65.503819], [34.534216, 65.525619], [34.628691, 65.547361], [34.723324, 65.569044], [34.818114, 65.590668], [34.913062, 65.612232], [35.008167, 65.633737], [35.10343, 65.655183], [35.198849, 65.676569], [35.294427, 65.697895], [35.390161, 65.719161], [35.486053, 65.740367], [35.582102, 65.761512], [35.678308, 65.782597], [35.774671, 65.803622], [35.871191, 65.824585], [35.967869, 65.845488], [36.064703, 65.866329], [36.161695, 65.887109], [36.258843, 65.907828], [36.356148, 65.928485], [36.45361, 65.94908], [36.551229, 65.969614], [36.649004, 65.990085], [36.746936, 66.010494], [36.845024, 66.03084], [36.943269, 66.051125], [37.04167, 66.071346], [37.140227, 66.091504], [37.23894, 66.1116], [37.33781, 66.131632], [37.436835, 66.151601], [37.536017, 66.171506], [37.635354, 66.191348], [37.734846, 66.211126], [37.834494, 66.23084], [37.934298, 66.25049], [38.034257, 66.270075], [38.134371, 66.289596], [38.23464, 66.309053], [38.335064, 66.328444], [38.435642, 66.347771], [38.536376, 66.367032], [38.637263, 66.386229], [38.738305, 66.405359], [38.839502, 66.424425], [38.940852, 66.443424], [39.042356, 66.462358], [39.144014, 66.481226], [39.245825, 66.500027], [39.34779, 66.518762], [39.449908, 66.53743], [39.552178, 66.556032], [39.654602, 66.574567], [39.757178, 66.593035], [39.859907, 66.611436], [39.962788, 66.629769], [40.065821, 66.648035], [40.169006, 66.666234], [40.272342, 66.684364], [40.37583, 66.702427], [40.479469, 66.720421], [40.583259, 66.738347], [40.6872, 66.756205], [40.791291, 66.773994], [40.895533, 66.791715], [40.999924, 66.809366], [41.104466, 66.826949], [41.209156, 66.844462], [41.313997, 66.861906], [41.418986, 66.87928], [41.524124, 66.896585], [41.629411, 66.91382], [41.734845, 66.930985], [41.840428, 66.948079], [41.946159, 66.965104], [42.052036, 66.982058], [42.158062, 66.998941], [42.264233, 67.015754], [42.370552, 67.032495], [42.477016, 67.049166], [42.583627, 67.065765], [42.690383, 67.082293], [42.797285, 67.098749], [42.904331, 67.115134], [43.011523, 67.131447], [43.118858, 67.147687], [43.226338, 67.163856], [43.333961, 67.179952], [43.441728, 67.195976], [43.549637, 67.211927], [43.657689, 67.227806], [43.765884, 67.243611], [43.87422, 67.259343], [43.982698, 67.275003], [44.091318, 67.290588], [44.200078, 67.306101], [44.308978, 67.321539], [44.418019, 67.336904], [44.527199, 67.352195], [44.636518, 67.367411], [44.745977, 67.382554], [44.855573, 67.397622], [44.965308, 67.412615], [45.075181, 67.427534], [45.185191, 67.442377], [45.295337, 67.457146], [45.40562, 67.47184], [45.516039, 67.486458], [45.626594, 67.501001], [45.737284, 67.515468], [45.848108, 67.529859], [45.959066, 67.544175], [46.070159, 67.558414], [46.181384, 67.572577], [46.292742, 67.586664], [46.404233, 67.600675], [46.515856, 67.614608], [46.62761, 67.628466], [46.739494, 67.642246], [46.85151, 67.655949], [46.963655, 67.669575], [47.07593, 67.683123], [47.188333, 67.696594], [47.300865, 67.709988], [47.413525, 67.723304], [47.526313, 67.736541], [47.639227, 67.749701], [47.752268, 67.762783], [47.865434, 67.775786], [47.978726, 67.788711], [48.092142, 67.801557], [48.205683, 67.814325], [48.319347, 67.827014], [48.433135, 67.839624], [48.547045, 67.852154], [48.661077, 67.864606], [48.77523, 67.876978], [48.889504, 67.88927], [49.003898, 67.901483], [49.118412, 67.913616], [49.233046, 67.925669], [49.347797, 67.937642], [49.462667, 67.949535], [49.577654, 67.961347], [49.692757, 67.973079], [49.807977, 67.984731], [49.923311, 67.996302], [50.038761, 68.007792], [50.154325, 68.019201], [50.270003, 68.030529], [50.385793, 68.041776], [50.501696, 68.052941], [50.61771, 68.064025], [50.733836, 68.075028], [50.850072, 68.085949], [50.966417, 68.096788], [51.082872, 68.107545], [51.199434, 68.118219], [51.316105, 68.128812], [51.432882, 68.139323], [51.549766, 68.149751], [51.666756, 68.160096], [51.78385, 68.170359], [51.901049, 68.180539], [52.018351, 68.190637], [52.135756, 68.200651], [52.253263, 68.210582], [52.370872, 68.22043], [52.488581, 68.230194], [52.60639, 68.239876], [52.724299, 68.249473], [52.842306, 68.258987], [52.96041, 68.268417], [53.078612, 68.277763], [53.196911, 68.287025], [53.315304, 68.296204], [53.433793, 68.305297], [53.552376, 68.314307], [53.671052, 68.323232], [53.78982, 68.332073], [53.90868, 68.340829], [54.027631, 68.3495], [54.146673, 68.358086], [54.265804, 68.366588], [54.385023, 68.375004], [54.50433, 68.383336], [54.623725, 68.391582], [54.743206, 68.399742], [54.862772, 68.407818], [54.982423, 68.415808], [55.102157, 68.423712], [55.221975, 68.43153], [55.341875, 68.439263], [55.461856, 68.44691], [55.581918, 68.45447], [55.70206, 68.461945], [55.82228, 68.469334], [55.942579, 68.476636], [56.062955, 68.483852], [56.183407, 68.490981], [56.303935, 68.498024], [56.424538, 68.504981], [56.545214, 68.51185], [56.665963, 68.518633], [56.786785, 68.525329], [56.907678, 68.531938], [57.028641, 68.53846], [57.149674, 68.544895], [57.270775, 68.551243], [57.391945, 68.557504], [57.513181, 68.563677], [57.634483, 68.569763], [57.75585, 68.575762], [57.877282, 68.581672], [57.998777, 68.587496], [58.120334, 68.593231], [58.241953, 68.598879], [58.363633, 68.604439], [58.485372, 68.609911], [58.60717, 68.615295], [58.729027, 68.620591], [58.85094, 68.625799], [58.972909, 68.630919], [59.094934, 68.63595], [59.217012, 68.640894], [59.339145, 68.645749], [59.461329, 68.650515], [59.583565, 68.655193], [59.705852, 68.659783], [59.828188, 68.664284], [59.950573, 68.668696], [60.073006, 68.67302], [60.195485, 68.677255], [60.31801, 68.681401], [60.440581, 68.685458], [60.563195, 68.689426], [60.685852, 68.693306], [60.808551, 68.697096], [60.931292, 68.700797], [61.054072, 68.704409], [61.176892, 68.707932], [61.29975, 68.711366], [61.422646, 68.714711], [61.545577, 68.717966], [61.668544, 68.721132], [61.791545, 68.724209], [61.91458, 68.727197], [62.037647, 68.730094], [62.160746, 68.732903], [62.283875, 68.735622], [62.407034, 68.738251], [62.530221, 68.740791], [62.653436, 68.743241], [62.776677, 68.745602], [62.899944, 68.747873], [63.023235, 68.750054], [63.14655, 68.752146], [63.269888, 68.754148], [63.393248, 68.75606], [63.516628, 68.757882], [63.640027, 68.759614], [63.763446, 68.761257], [63.886882, 68.76281], [64.010335, 68.764273], [64.133803, 68.765646], [64.257287, 68.766929], [64.380784, 68.768122], [64.504293, 68.769225], [64.627815, 68.770238], [64.751347, 68.771161], [64.874889, 68.771995], [64.99844, 68.772738], [65.121998, 68.773391], [65.245563, 68.773955], [65.369134, 68.774428], [65.49271, 68.774811], [65.616289, 68.775104], [65.739872, 68.775307], [65.863455, 68.775421], [65.98704, 68.775444], [66.110625, 68.775377], [66.234208, 68.77522], [66.357789, 68.774973], [66.481367, 68.774636], [66.60494, 68.774209], [66.728508, 68.773692], [66.85207, 68.773084], [66.975625, 68.772387], [67.099172, 68.7716], [67.222709, 68.770723], [67.346236, 68.769756], [67.469752, 68.768699], [67.593255, 68.767552], [67.716746, 68.766315], [67.840222, 68.764988], [67.963683, 68.763571], [68.087128, 68.762065], [68.210556, 68.760468], [68.333965, 68.758782], [68.457355, 68.757006], [68.580726, 68.75514], [68.704075, 68.753184], [68.827401, 68.751138], [68.950705, 68.749003], [69.073985, 68.746778], [69.197239, 68.744464], [69.320468, 68.742059], [69.443669, 68.739565], [69.566843, 68.736982], [69.689987, 68.734309], [69.813101, 68.731546], [69.936185, 68.728694], [70.059236, 68.725753], [70.182255, 68.722722], [70.30524, 68.719602], [70.42819, 68.716392], [70.551104, 68.713093], [70.673981, 68.709705], [70.79682, 68.706228], [70.919621, 68.702661], [71.042382, 68.699006], [71.165103, 68.695261], [71.287782, 68.691427], [71.410418, 68.687505], [71.533011, 68.683493], [71.65556, 68.679393], [71.778063, 68.675203], [71.90052, 68.670925], [72.022929, 68.666558], [72.14529, 68.662103], [72.267603, 68.657559], [72.389865, 68.652926], [72.512076, 68.648205], [72.634235, 68.643395], [72.756341, 68.638498], [72.878394, 68.633511], [73.000391, 68.628437], [73.122333, 68.623274], [73.244219, 68.618023], [73.366047, 68.612684], [73.487817, 68.607257], [73.609527, 68.601742], [73.731177, 68.59614], [73.852766, 68.590449], [73.974294, 68.584671], [74.095758, 68.578805], [74.217158, 68.572851], [74.338494, 68.56681], [74.459764, 68.560682], [74.580968, 68.554466], [74.702104, 68.548163], [74.823172, 68.541773], [74.944171, 68.535295], [75.0651, 68.528731], [75.185959, 68.522079], [75.306745, 68.515341], [75.427459, 68.508516], [75.5481, 68.501604], [75.668666, 68.494605], [75.789157, 68.48752], [75.909572, 68.480349], [76.029911, 68.473091], [76.150172, 68.465746], [76.270354, 68.458316], [76.390457, 68.450799], [76.510479, 68.443197], [76.630421, 68.435508], [76.750281, 68.427733], [76.870059, 68.419873], [76.989753, 68.411927], [77.109362, 68.403896], [77.228887, 68.395779], [77.348326, 68.387577], [77.467678, 68.379289], [77.586942, 68.370916], [77.706119, 68.362458], [77.825206, 68.353916], [77.944204, 68.345288], [78.063111, 68.336575], [78.181926, 68.327778], [78.30065, 68.318896], [78.41928, 68.30993], [78.537817, 68.300879], [78.65626, 68.291745], [78.774607, 68.282525], [78.892859, 68.273222], [79.011013, 68.263835], [79.129071, 68.254364], [79.24703, 68.24481], [79.36489, 68.235171], [79.482651, 68.22545], [79.600311, 68.215645], [79.71787, 68.205756], [79.835328, 68.195784], [79.952683, 68.18573], [80.069935, 68.175592], [80.187083, 68.165372], [80.304126, 68.155069], [80.421064, 68.144683], [80.537896, 68.134215], [80.654622, 68.123664], [80.77124, 68.113031], [80.88775, 68.102316], [81.004151, 68.091519], [81.120444, 68.080641], [81.236626, 68.06968], [81.352697, 68.058638], [81.468657, 68.047514], [81.584505, 68.036309], [81.700241, 68.025023], [81.815863, 68.013655], [81.931372, 68.002207], [82.046766, 67.990677], [82.162045, 67.979067], [82.277208, 67.967376], [82.392254, 67.955605], [82.507184, 67.943753], [82.621996, 67.931821], [82.73669, 67.919809], [82.851265, 67.907717], [82.965721, 67.895545], [83.080057, 67.883294], [83.194273, 67.870963], [83.308367, 67.858552], [83.42234, 67.846062], [83.53619, 67.833493], [83.649917, 67.820844], [83.763522, 67.808117], [83.877002, 67.795311], [83.990358, 67.782427], [84.103588, 67.769464], [84.216694, 67.756422], [84.329673, 67.743302], [84.442525, 67.730105], [84.555251, 67.716829], [84.667849, 67.703475], [84.780318, 67.690044], [84.892659, 67.676535], [85.004871, 67.662949], [85.116953, 67.649285], [85.228905, 67.635545], [85.340726, 67.621727], [85.452416, 67.607833], [85.563974, 67.593861], [85.675401, 67.579814], [85.786694, 67.56569], [85.897855, 67.551489], [86.008882, 67.537213], [86.119775, 67.52286], [86.230534, 67.508432], [86.341158, 67.493928], [86.451646, 67.479348], [86.561999, 67.464694], [86.672216, 67.449963], [86.782296, 67.435158], [86.892239, 67.420278], [87.002045, 67.405323], [87.111712, 67.390293], [87.221242, 67.375189], [87.330633, 67.36001], [87.439884, 67.344758], [87.548996, 67.329431], [87.657969, 67.31403], [87.766801, 67.298556], [87.875492, 67.283008], [87.984043, 67.267386], [88.092452, 67.251691], [88.200719, 67.235923], [88.308845, 67.220082], [88.416827, 67.204168], [88.524667, 67.188182], [88.632364, 67.172123], [88.739918, 67.155991], [88.847327, 67.139787], [88.954592, 67.123512], [89.061713, 67.107164], [89.168689, 67.090744], [89.27552, 67.074253], [89.382205, 67.05769], [89.488745, 67.041056], [89.595138, 67.024351], [89.701386, 67.007575], [89.807486, 66.990728], [89.913439, 66.97381], [90.019245, 66.956822], [90.124904, 66.939763], [90.230415, 66.922635], [90.335777, 66.905436], [90.440992, 66.888167], [90.546057, 66.870828], [90.650974, 66.85342], [90.755742, 66.835942], [90.86036, 66.818395], [90.964828, 66.800779], [91.069147, 66.783094], [91.173315, 66.76534], [91.277333, 66.747517], [91.3812, 66.729626], [91.484917, 66.711667], [91.588482, 66.693639], [91.691896, 66.675543], [91.795159, 66.65738], [91.89827, 66.639149], [92.001229, 66.62085], [92.104036, 66.602483], [92.20669, 66.58405], [92.309192, 66.565549], [92.411541, 66.546982], [92.513738, 66.528348], [92.615781, 66.509647], [92.717671, 66.490879], [92.819408, 66.472046], [92.920991, 66.453146], [93.02242, 66.43418], [93.123695, 66.415149], [93.224816, 66.396051], [93.325783, 66.376889], [93.426596, 66.35766], [93.527254, 66.338367], [93.627757, 66.319009], [93.728106, 66.299586], [93.828299, 66.280098], [93.928338, 66.260546], [94.028221, 66.240929], [94.127949, 66.221248], [94.227521, 66.201503], [94.326938, 66.181694], [94.426199, 66.161821], [94.525305, 66.141885], [94.624254, 66.121885], [94.723048, 66.101822], [94.821685, 66.081696], [94.920166, 66.061506], [95.018491, 66.041254], [95.11666, 66.02094], [95.214672, 66.000563], [95.312527, 65.980123], [95.410226, 65.959622], [95.507769, 65.939058], [95.605154, 65.918433], [95.702383, 65.897746], [95.799455, 65.876997], [95.89637, 65.856187], [95.993128, 65.835316], [96.089729, 65.814384], [96.186173, 65.793391], [96.282459, 65.772337], [96.378589, 65.751222], [96.474561, 65.730048], [96.570376, 65.708812], [96.666034, 65.687517], [96.761535, 65.666162], [96.856878, 65.644747], [96.952064, 65.623272], [97.047092, 65.601738], [97.141963, 65.580145], [97.236677, 65.558492], [97.331233, 65.536781], [97.425632, 65.51501], [97.519874, 65.493181], [97.613958, 65.471293], [97.707884, 65.449347], [97.801653, 65.427343], [97.895265, 65.40528], [97.98872, 65.38316], [98.082017, 65.360982], [98.175156, 65.338746], [98.268139, 65.316453], [98.360964, 65.294103], [98.453631, 65.271695], [98.546142, 65.249231], [98.638495, 65.226709], [98.730691, 65.204131], [98.82273, 65.181497], [98.914611, 65.158806], [99.006336, 65.136059], [99.097904, 65.113256], [99.189314, 65.090396], [99.280568, 65.067482], [99.371665, 65.044511], [99.462605, 65.021485], [99.553388, 64.998404], [99.644015, 64.975268], [99.734484, 64.952076], [99.824798, 64.92883], [99.914955, 64.905529], [100.004955, 64.882174], [100.094799, 64.858764], [100.184487, 64.8353], [100.274018, 64.811782], [100.363393, 64.78821], [100.452613, 64.764584], [100.541676, 64.740905], [100.630584, 64.717172], [100.719335, 64.693386], [100.807931, 64.669546], [100.896372, 64.645654], [100.984656, 64.621709], [101.072786, 64.597711], [101.16076, 64.57366], [101.248579, 64.549557], [101.336243, 64.525402], [101.423752, 64.501194], [101.511106, 64.476935], [101.598305, 64.452624], [101.68535, 64.428261], [101.77224, 64.403846], [101.858976, 64.37938], [101.945557, 64.354863], [102.031984, 64.330295], [102.118258, 64.305676], [102.204377, 64.281006], [102.290342, 64.256285], [102.376154, 64.231514], [102.461813, 64.206692], [102.547317, 64.18182], [102.632669, 64.156899], [102.717868, 64.131927], [102.802913, 64.106905], [102.887806, 64.081834], [102.972546, 64.056713], [103.057133, 64.031543], [103.141568, 64.006324], [103.225851, 63.981055], [103.309982, 63.955738], [103.393961, 63.930371], [103.477788, 63.904957], [103.561463, 63.879493], [103.644987, 63.853982], [103.728359, 63.828422], [103.81158, 63.802813], [103.894651, 63.777157], [103.97757, 63.751454], [104.060339, 63.725702], [104.142957, 63.699903], [104.225425, 63.674057], [104.307743, 63.648163], [104.389911, 63.622222], [104.471929, 63.596235], [104.553797, 63.5702], [104.635516, 63.544119], [104.717085, 63.517991], [104.798506, 63.491817], [104.879777, 63.465596], [104.9609, 63.439329], [105.041874, 63.413017], [105.122699, 63.386658], [105.203377, 63.360254], [105.283906, 63.333804], [105.364288, 63.307308], [105.444522, 63.280768], [105.524608, 63.254182], [105.604548, 63.227551], [105.68434, 63.200875], [105.763985, 63.174154], [105.843484, 63.147389], [105.922836, 63.120579], [106.002041, 63.093724], [106.081101, 63.066826], [106.160015, 63.039883], [106.238783, 63.012896], [106.317406, 62.985866], [106.395883, 62.958791], [106.474215, 62.931673], [106.552403, 62.904512], [106.630445, 62.877307], [106.708344, 62.850059], [106.786098, 62.822768], [106.863708, 62.795434], [106.941174, 62.768057], [107.018496, 62.740637], [107.095675, 62.713175], [107.172711, 62.685671], [107.249604, 62.658124], [107.326354, 62.630535], [107.402962, 62.602903], [107.479427, 62.57523], [107.55575, 62.547515], [107.631931, 62.519759], [107.707971, 62.49196], [107.783869, 62.464121], [107.859626, 62.43624], [107.935242, 62.408318], [108.010717, 62.380354], [108.086051, 62.35235], [108.161245, 62.324305], [108.236299, 62.29622], [108.311213, 62.268094], [108.385988, 62.239927], [108.460623, 62.21172], [108.535118, 62.183473], [108.609475, 62.155186], [108.683693, 62.126858], [108.757773, 62.098491], [108.831714, 62.070085], [108.905517, 62.041638], [108.979182, 62.013153], [109.05271, 61.984627], [109.1261, 61.956063], [109.199354, 61.92746], [109.27247, 61.898817], [109.34545, 61.870136], [109.418293, 61.841416], [109.491, 61.812657], [109.563571, 61.78386], [109.636006, 61.755024], [109.708306, 61.72615], [109.780471, 61.697238], [109.8525, 61.668288], [109.924395, 61.6393], [109.996156, 61.610274], [110.067782, 61.58121], [110.139274, 61.552109], [110.210632, 61.52297], [110.281857, 61.493794], [110.352948, 61.464581], [110.423906, 61.43533], [110.494732, 61.406043], [110.565425, 61.376718], [110.635985, 61.347357], [110.706414, 61.317959], [110.77671, 61.288525], [110.846875, 61.259054], [110.916909, 61.229547], [110.986811, 61.200003], [111.056582, 61.170424], [111.126223, 61.140808], [111.195734, 61.111157], [111.265114, 61.08147], [111.334365, 61.051747], [111.403486, 61.021988], [111.472477, 60.992194], [111.541339, 60.962365], [111.610073, 60.9325], [111.678677, 60.9026], [111.747154, 60.872666], [111.815502, 60.842696], [111.883722, 60.812692], [111.951815, 60.782652], [112.01978, 60.752579], [112.087618, 60.72247], [112.155329, 60.692328], [112.222913, 60.662151], [112.290371, 60.631939], [112.357703, 60.601694], [112.424909, 60.571415], [112.49199, 60.541102], [112.558944, 60.510755], [112.625774, 60.480375], [112.692479, 60.449961], [112.759059, 60.419513], [112.825515, 60.389032], [112.891846, 60.358518], [112.958054, 60.327971], [113.024138, 60.297391], [113.090098, 60.266778], [113.155936, 60.236132], [113.22165, 60.205453], [113.287242, 60.174741], [113.352712, 60.143997], [113.418059, 60.113221], [113.483284, 60.082412], [113.548388, 60.051571], [113.613371, 60.020698], [113.678232, 59.989793], [113.742972, 59.958856], [113.807592, 59.927887], [113.872091, 59.896886], [113.93647, 59.865854], [114.00073, 59.83479], [114.064869, 59.803695], [114.12889, 59.772568], [114.192791, 59.74141], [114.256573, 59.710221], [114.320237, 59.679001], [114.383782, 59.64775], [114.447209, 59.616468], [114.510518, 59.585155], [114.57371, 59.553812], [114.636784, 59.522438], [114.699742, 59.491033], [114.762582, 59.459598], [114.825306, 59.428133], [114.887913, 59.396637], [114.950404, 59.365112], [115.012779, 59.333556], [115.075039, 59.30197], [115.137184, 59.270355], [115.199213, 59.23871], [115.261127, 59.207035], [115.322927, 59.17533], [115.384612, 59.143596], [115.446184, 59.111833], [115.507641, 59.08004], [115.568985, 59.048219], [115.630215, 59.016368], [115.691333, 58.984488], [115.752337, 58.952579], [115.813229, 58.920641], [115.874009, 58.888674], [115.934676, 58.856679], [115.995231, 58.824655], [116.055675, 58.792603], [116.116008, 58.760522], [116.176229, 58.728413], [116.236339, 58.696275], [116.296339, 58.66411], [116.356229, 58.631916], [116.416008, 58.599695], [116.475677, 58.567445], [116.535237, 58.535168], [116.594688, 58.502863], [116.654029, 58.47053], [116.713261, 58.43817], [116.772385, 58.405782], [116.8314, 58.373367], [116.890307, 58.340925], [116.949106, 58.308455], [117.007797, 58.275959], [117.066381, 58.243435], [117.124858, 58.210884], [117.183228, 58.178306], [117.241491, 58.145702], [117.299648, 58.113071], [117.357698, 58.080413], [117.415643, 58.047728], [117.473481, 58.015017], [117.531214, 57.98228], [117.588842, 57.949516], [117.646365, 57.916726], [117.703783, 57.88391], [117.761097, 57.851068], [117.818306, 57.8182], [117.875412, 57.785306], [117.932413, 57.752386], [117.989311, 57.719441], [118.046106, 57.686469], [118.102797, 57.653472], [118.159386, 57.62045], [118.215872, 57.587402], [118.272255, 57.554328], [118.328537, 57.52123], [118.384716, 57.488106], [118.440794, 57.454957], [118.496771, 57.421783], [118.552646, 57.388584], [118.608421, 57.35536], [118.664094, 57.322111], [118.719667, 57.288838], [118.77514, 57.255539], [118.830513, 57.222216], [118.885786, 57.188869], [118.94096, 57.155497], [118.996034, 57.122101], [119.051009, 57.08868], [119.105886, 57.055235], [119.160663, 57.021766], [119.215343, 56.988273], [119.269924, 56.954756], [119.324407, 56.921215], [119.378793, 56.88765], [119.433081, 56.854061], [119.487272, 56.820449], [119.541366, 56.786813], [119.595363, 56.753153], [119.649264, 56.719469], [119.703068, 56.685763], [119.756776, 56.652033], [119.810389, 56.618279], [119.863905, 56.584502], [119.917327, 56.550703], [119.970653, 56.51688], [120.023885, 56.483034], [120.077021, 56.449165], [120.130063, 56.415273], [120.183011, 56.381358], [120.235865, 56.347421], [120.288625, 56.313461], [120.341292, 56.279478], [120.393865, 56.245473], [120.446345, 56.211445], [120.498732, 56.177395], [120.551026, 56.143323], [120.603228, 56.109228], [120.655338, 56.075111], [120.707355, 56.040972], [120.759281, 56.00681], [120.811115, 55.972627], [120.862858, 55.938422], [120.91451, 55.904195], [120.966071, 55.869946], [121.017541, 55.835676], [121.068921, 55.801383], [121.12021, 55.767069], [121.17141, 55.732734], [121.222519, 55.698377], [121.273539, 55.663999], [121.32447, 55.629599], [121.375311, 55.595178], [121.426063, 55.560736], [121.476727, 55.526272], [121.527302, 55.491788], [121.577789, 55.457282], [121.628188, 55.422755], [121.678499, 55.388208], [121.728722, 55.35364], [121.778858, 55.31905], [121.828906, 55.284441], [121.878868, 55.24981], [121.928742, 55.215159], [121.97853, 55.180487], [122.028232, 55.145795], [122.077848, 55.111082], [122.127377, 55.076349], [122.176821, 55.041596], [122.226179, 55.006822], [122.275452, 54.972029], [122.324639, 54.937215], [122.373742, 54.902381], [122.42276, 54.867527], [122.471694, 54.832653], [122.520543, 54.797759], [122.569308, 54.762846], [122.617989, 54.727912], [122.666587, 54.692959], [122.715101, 54.657987], [122.763532, 54.622994], [122.811879, 54.587982], [122.860144, 54.552951], [122.908326, 54.5179], [122.956426, 54.48283], [123.004443, 54.447741], [123.052379, 54.412632], [123.100232, 54.377504], [123.148004, 54.342357], [123.195694, 54.307191], [123.243303, 54.272006], [123.290831, 54.236801], [123.338279, 54.201578], [123.385645, 54.166337], [123.432931, 54.131076], [123.480137, 54.095796], [123.527263, 54.060498], [123.574309, 54.025181], [123.621275, 53.989846], [123.668162, 53.954492], [123.714969, 53.91912], [123.761698, 53.883729], [123.808347, 53.84832], [123.854918, 53.812892], [123.90141, 53.777447], [123.947824, 53.741983], [123.99416, 53.706501], [124.040418, 53.671], [124.086599, 53.635482], [124.132701, 53.599946], [124.178727, 53.564392], [124.224675, 53.52882], [124.270546, 53.49323], [124.316341, 53.457622], [124.362059, 53.421996], [124.4077, 53.386353], [124.453266, 53.350693], [124.498755, 53.315014], [124.544169, 53.279318], [124.589507, 53.243605], [124.634769, 53.207874], [124.679956, 53.172126], [124.725068, 53.136361], [124.770106, 53.100578], [124.815068, 53.064778], [124.859956, 53.028961], [124.90477, 52.993126], [124.949509, 52.957275], [124.994175, 52.921407], [125.038767, 52.885521], [125.083285, 52.849619], [125.12773, 52.8137], [125.172102, 52.777764], [125.2164, 52.741811], [125.260626, 52.705841], [125.304779, 52.669855], [125.348859, 52.633852], [125.392868, 52.597833], [125.436804, 52.561797], [125.480668, 52.525744], [125.52446, 52.489675], [125.568181, 52.45359], [125.61183, 52.417488], [125.655408, 52.38137], [125.698915, 52.345236], [125.742351, 52.309085], [125.785716, 52.272919], [125.829011, 52.236736], [125.872235, 52.200537], [125.915389, 52.164322], [125.958474, 52.128091], [126.001488, 52.091844], [126.044433, 52.055582], [126.087308, 52.019303], [126.130114, 51.983009], [126.17285, 51.946699], [126.215518, 51.910373], [126.258117, 51.874031], [126.300647, 51.837674], [126.343109, 51.801301], [126.385502, 51.764913], [126.427828, 51.728509], [126.470085, 51.69209], [126.512275, 51.655656], [126.554397, 51.619206], [126.596451, 51.58274], [126.638439, 51.54626], [126.680359, 51.509764], [126.722212, 51.473253], [126.763998, 51.436727], [126.805718, 51.400186], [126.847372, 51.36363], [126.888959, 51.327059], [126.93048, 51.290472], [126.971935, 51.253871], [127.013324, 51.217255], [127.054647, 51.180624], [127.095906, 51.143979], [127.137098, 51.107318], [127.178226, 51.070643], [127.219289, 51.033953], [127.260287, 50.997249], [127.30122, 50.96053], [127.342089, 50.923796], [127.382893, 50.887048], [127.423634, 50.850285], [127.46431, 50.813508], [127.504922, 50.776717], [127.545471, 50.739911], [127.585956, 50.703091], [127.626378, 50.666257], [127.666737, 50.629408], [127.707033, 50.592545], [127.747265, 50.555668], [127.787435, 50.518777], [127.827542, 50.481872], [127.867587, 50.444953], [127.90757, 50.40802], [127.947491, 50.371073], [127.987349, 50.334112], [128.027146, 50.297137], [128.066881, 50.260148], [128.106555, 50.223146], [128.146167, 50.186129], [128.185718, 50.149099], [128.225208, 50.112056], [128.264637, 50.074998], [128.304005, 50.037927], [128.343313, 50.000843], [128.382561, 49.963745], [128.421748, 49.926633], [128.460875, 49.889508], [128.499941, 49.85237], [128.538949, 49.815218], [128.577896, 49.778053], [128.616784, 49.740874], [128.655612, 49.703683], [128.694381, 49.666478], [128.733092, 49.629259], [128.771743, 49.592028], [128.810335, 49.554783], [128.848869, 49.517526], [128.887344, 49.480255], [128.925761, 49.442972], [128.964119, 49.405675], [129.00242, 49.368365], [129.040663, 49.331043], [129.078847, 49.293708], [129.116975, 49.256359], [129.155044, 49.218998], [129.193057, 49.181625], [129.231012, 49.144238], [129.26891, 49.106839], [129.306751, 49.069427], [129.344535, 49.032002], [129.382263, 48.994565], [129.419934, 48.957116], [129.457549, 48.919654], [129.495107, 48.882179], [129.53261, 48.844692], [129.570056, 48.807192], [129.607447, 48.76968], [129.644782, 48.732156], [129.682061, 48.694619], [129.719285, 48.65707], [129.756454, 48.619509], [129.793568, 48.581936], [129.830627, 48.54435], [129.867631, 48.506752], [129.90458, 48.469142], [129.941474, 48.43152], [129.978314, 48.393886], [130.0151, 48.35624], [130.051832, 48.318582], [130.08851, 48.280912], [130.125133, 48.24323], [130.161703, 48.205536], [130.19822, 48.167831], [130.234683, 48.130113], [130.271092, 48.092384], [130.307448, 48.054643], [130.343751, 48.01689], [130.380002, 47.979125], [130.416199, 47.941349], [130.452343, 47.903561], [130.488435, 47.865762], [130.524475, 47.827951], [130.560462, 47.790128], [130.596397, 47.752294], [130.63228, 47.714448], [130.668111, 47.676591], [130.703891, 47.638723], [130.739618, 47.600843], [130.775294, 47.562952], [130.810919, 47.525049], [130.846492, 47.487135], [130.882014, 47.44921], [130.917485, 47.411274], [130.952905, 47.373326], [130.988275, 47.335367], [131.023594, 47.297397], [131.058862, 47.259416], [131.09408, 47.221424], [131.129247, 47.183421], [131.164364, 47.145407], [131.199432, 47.107381], [131.234449, 47.069345], [131.269416, 47.031298], [131.304334, 46.99324], [131.339203, 46.955171], [131.374022, 46.917091], [131.408791, 46.879], [131.443512, 46.840899], [131.478183, 46.802787], [131.512805, 46.764664], [131.547379, 46.72653], [131.581904, 46.688386], [131.61638, 46.650231], [131.650808, 46.612065], [131.685188, 46.573889], [131.719519, 46.535702], [131.753802, 46.497505], [131.788037, 46.459297], [131.822225, 46.421078], [131.856364, 46.382849], [131.890456, 46.34461], [131.924501, 46.306361], [131.958498, 46.2681], [131.992447, 46.22983], [132.02635, 46.191549], [132.060206, 46.153258], [132.094014, 46.114957], [132.127776, 46.076645], [132.161491, 46.038324], [132.19516, 45.999992], [132.228782, 45.96165], [132.262357, 45.923297], [132.295887, 45.884935], [132.32937, 45.846562], [132.362807, 45.80818], [132.396199, 45.769787], [132.429544, 45.731385], [132.462844, 45.692972], [132.496099, 45.65455], [132.529307, 45.616117], [132.562471, 45.577675], [132.595589, 45.539223], [132.628663, 45.500761], [132.661691, 45.462289], [132.694674, 45.423808], [132.727612, 45.385316], [132.760506, 45.346815], [132.793355, 45.308304], [132.82616, 45.269783], [132.858921, 45.231253], [132.891637, 45.192713], [132.924309, 45.154164], [132.956937, 45.115605], [132.989521, 45.077036], [133.022061, 45.038458], [133.054558, 44.99987], [133.087011, 44.961273], [133.11942, 44.922666], [133.151786, 44.88405], [133.184109, 44.845424], [133.216388, 44.806789], [133.248625, 44.768145], [133.280819, 44.729491], [133.312969, 44.690828], [133.345077, 44.652156], [133.377142, 44.613474], [133.409165, 44.574784], [133.441146, 44.536083], [133.473084, 44.497374], [133.504979, 44.458656], [133.536833, 44.419928], [133.568644, 44.381191], [133.600414, 44.342445], [133.632142, 44.30369], [133.663828, 44.264926], [133.695472, 44.226153], [133.727075, 44.187371], [133.758637, 44.14858], [133.790157, 44.10978], [133.821636, 44.070971], [133.853074, 44.032153], [133.884471, 43.993326], [133.915827, 43.954491], [133.947142, 43.915646], [133.978416, 43.876793], [134.00965, 43.83793], [134.040843, 43.799059], [134.071996, 43.760179], [134.103109, 43.721291], [134.134181, 43.682394], [134.165213, 43.643488], [134.196205, 43.604573], [134.227157, 43.56565], [134.25807, 43.526718], [134.288942, 43.487777], [134.319775, 43.448828], [134.350569, 43.40987], [134.381323, 43.370904], [134.412037, 43.331929], [134.442713, 43.292946], [134.473349, 43.253954], [134.503946, 43.214954], [134.534504, 43.175946], [134.565023, 43.136928], [134.595504, 43.097903], [134.625946, 43.058869], [134.656349, 43.019827], [134.686713, 42.980776], [134.71704, 42.941717], [134.747328, 42.90265], [134.777577, 42.863575], [134.807789, 42.824491], [134.837962, 42.785399], [134.868098, 42.746299], [134.898196, 42.707191], [134.928256, 42.668075], [134.958278, 42.62895], [134.988263, 42.589817], [135.01821, 42.550676], [135.04812, 42.511527], [135.077992, 42.47237], [135.107827, 42.433205], [135.137626, 42.394032], [135.167387, 42.354851], [135.197111, 42.315662], [135.226798, 42.276465], [135.256449, 42.23726], [135.286062, 42.198047], [135.31564, 42.158827], [135.34518, 42.119598], [135.374685, 42.080361], [135.404153, 42.041117], [135.433584, 42.001865], [135.46298, 41.962605], [135.492339, 41.923337], [135.521663, 41.884062], [135.55095, 41.844778], [135.580202, 41.805487], [135.609418, 41.766188], [135.638599, 41.726882], [135.667743, 41.687568], [135.696853, 41.648246], [135.725927, 41.608917], [135.754966, 41.56958], [135.783969, 41.530235], [135.812937, 41.490883], [135.841871, 41.451523], [135.870769, 41.412156], [135.899633, 41.372781], [135.928461, 41.333399], [135.957255, 41.294009], [135.986015, 41.254612], [136.014739, 41.215207], [136.04343, 41.175795], [136.072086, 41.136376], [136.100707, 41.096949], [136.129295, 41.057514], [136.157848, 41.018073], [136.186368, 40.978624], [136.214853, 40.939168], [136.243304, 40.899704], [136.271722, 40.860233], [136.300106, 40.820755], [136.328456, 40.78127], [136.356773, 40.741777], [136.385056, 40.702277], [136.413306, 40.66277], [136.441523, 40.623256], [136.469706, 40.583735], [136.497856, 40.544206], [136.525973, 40.504671], [136.554057, 40.465128], [136.582108, 40.425578], [136.610127, 40.386021], [136.638112, 40.346457], [136.666065, 40.306886], [136.693985, 40.267308], [136.721873, 40.227724], [136.749728, 40.188132], [136.777551, 40.148533], [136.805342, 40.108927], [136.8331, 40.069314], [136.860826, 40.029694], [136.88852, 39.990068], [136.916183, 39.950434], [136.943813, 39.910794], [136.971411, 39.871147], [136.998978, 39.831493], [137.026513, 39.791832], [137.054016, 39.752164], [137.081488, 39.71249], [137.108928, 39.672809], [137.136337, 39.633121], [137.163715, 39.593426], [137.191061, 39.553725], [137.218377, 39.514017], [137.245661, 39.474302], [137.272914, 39.43458], [137.300136, 39.394852], [137.327328, 39.355118], [137.354488, 39.315376], [137.381618, 39.275628], [137.408717, 39.235874], [137.435786, 39.196113], [137.462824, 39.156345], [137.489832, 39.116571], [137.516809, 39.07679], [137.543756, 39.037003], [137.570673, 38.997209], [137.59756, 38.957409], [137.624417, 38.917602], [137.651243, 38.877789], [137.67804, 38.83797], [137.704807, 38.798144], [137.731544, 38.758312], [137.758251, 38.718473], [137.784929, 38.678628], [137.811577, 38.638776], [137.838196, 38.598919], [137.864785, 38.559055], [137.891345, 38.519184], [137.917876, 38.479308], [137.944377, 38.439425], [137.97085, 38.399536], [137.997293, 38.35964], [138.023707, 38.319738], [138.050092, 38.279831], [138.076449, 38.239916], [138.102776, 38.199996], [138.129075, 38.16007], [138.155345, 38.120137], [138.181587, 38.080198], [138.2078, 38.040254], [138.233984, 38.000303], [138.26014, 37.960346], [138.286268, 37.920382], [138.312368, 37.880413], [138.338439, 37.840438], [138.364482, 37.800457], [138.390498, 37.760469], [138.416485, 37.720476], [138.442444, 37.680477], [138.468375, 37.640471], [138.494279, 37.60046], [138.520155, 37.560443], [138.546003, 37.52042], [138.571824, 37.480391], [138.597617, 37.440356], [138.623382, 37.400315], [138.64912, 37.360268], [138.674831, 37.320215], [138.700515, 37.280157], [138.726171, 37.240093], [138.7518, 37.200023], [138.777403, 37.159947], [138.802978, 37.119865], [138.828526, 37.079777], [138.854047, 37.039684], [138.879542, 36.999585], [138.905009, 36.95948], [138.93045, 36.91937], [138.955865, 36.879253], [138.981252, 36.839131], [139.006614, 36.799004], [139.031948, 36.758871], [139.057257, 36.718732], [139.082539, 36.678587], [139.107795, 36.638437], [139.133024, 36.598281], [139.158228, 36.558119], [139.183405, 36.517952], [139.208557, 36.47778], [139.233682, 36.437601], [139.258782, 36.397418], [139.283856, 36.357228], [139.308903, 36.317034], [139.333926, 36.276833], [139.358922, 36.236627], [139.383893, 36.196416], [139.408839, 36.156199], [139.433759, 36.115977], [139.458654, 36.075749], [139.483523, 36.035516], [139.508367, 35.995278], [139.533186, 35.955034], [139.557979, 35.914784], [139.582748, 35.874529], [139.607491, 35.834269], [139.63221, 35.794004], [139.656903, 35.753733], [139.681572, 35.713457], [139.706216, 35.673175], [139.730835, 35.632888], [139.755429, 35.592596], [139.779999, 35.552299]]}, "properties": {"start_iata": "CDG", "start_name": "Charles de Gaulle International Airport", "start_city_country": "Paris, France", "end_iata": "HND", "end_name": "Tokyo Haneda International Airport", "end_city_country": "Tokyo, Japan", "dist": 6046, "dur": 845.0, "domint": "International", "count": 1, "earliest_date": "2026-01-12", "latest_date": "2026-01-12", "date_string": "2026-01-12 00:00:00", "class_hist": "Lie-flat Business,1", "airline_hist": "Japan,1", "flight_string": "JL45", "origin_hist": "HND,1"}}, {"type": "Feature", "geometry": {"type": "LineString", "coordinates": [[2.55, 49.012798], [2.509676, 49.047948], [2.469294, 49.083083], [2.428856, 49.118204], [2.38836, 49.153311], [2.347808, 49.188403], [2.307198, 49.223481], [2.26653, 49.258544], [2.225805, 49.293593], [2.185022, 49.328627], [2.144181, 49.363646], [2.103282, 49.398651], [2.062325, 49.433641], [2.021309, 49.468616], [1.980235, 49.503577], [1.939103, 49.538523], [1.897912, 49.573454], [1.856662, 49.60837], [1.815353, 49.643271], [1.773985, 49.678157], [1.732558, 49.713028], [1.691071, 49.747884], [1.649525, 49.782725], [1.607919, 49.817551], [1.566254, 49.852362], [1.524529, 49.887157], [1.482743, 49.921937], [1.440898, 49.956702], [1.398992, 49.991452], [1.357026, 50.026186], [1.314999, 50.060905], [1.272912, 50.095608], [1.230763, 50.130296], [1.188554, 50.164969], [1.146284, 50.199625], [1.103952, 50.234267], [1.061559, 50.268892], [1.019105, 50.303502], [0.976589, 50.338096], [0.934011, 50.372675], [0.891371, 50.407237], [0.848669, 50.441784], [0.805905, 50.476315], [0.763079, 50.510829], [0.72019, 50.545328], [0.677239, 50.579811], [0.634224, 50.614278], [0.591147, 50.648729], [0.548007, 50.683163], [0.504804, 50.717581], [0.461537, 50.751984], [0.418207, 50.786369], [0.374813, 50.820739], [0.331356, 50.855092], [0.287834, 50.889429], [0.244249, 50.923749], [0.200599, 50.958053], [0.156886, 50.99234], [0.113107, 51.026611], [0.069264, 51.060865], [0.025357, 51.095102], [-0.018616, 51.129323], [-0.062653, 51.163527], [-0.106756, 51.197714], [-0.150924, 51.231884], [-0.195157, 51.266037], [-0.239457, 51.300174], [-0.283821, 51.334293], [-0.328252, 51.368395], [-0.372749, 51.402481], [-0.417312, 51.436549], [-0.461941, 51.4706]]}, "properties": {"start_iata": "CDG", "start_name": "Charles de Gaulle International Airport", "start_city_country": "Paris, France", "end_iata": "LHR", "end_name": "London Heathrow Airport", "end_city_country": "London, United Kingdom", "dist": 216, "dur": 44.0, "domint": "International", "count": 1, "earliest_date": "2026-01-12", "latest_date": "2026-01-12", "date_string": "2026-01-12 00:00:00", "class_hist": "Economy,1", "airline_hist": "British Airways,1", "flight_string": "BA315", "origin_hist": "CDG,1"}}, {"type": "Feature", "geometry": {"type": "LineString", "coordinates": [[-7.96591, 37.0144], [-7.947709, 37.056805], [-7.929488, 37.099206], [-7.911247, 37.141604], [-7.892985, 37.183998], [-7.874703, 37.22639], [-7.8564, 37.268779], [-7.838077, 37.311164], [-7.819733, 37.353546], [-7.801369, 37.395926], [-7.782984, 37.438302], [-7.764578, 37.480674], [-7.746151, 37.523044], [-7.727704, 37.56541], [-7.709235, 37.607774], [-7.690746, 37.650134], [-7.672236, 37.692491], [-7.653704, 37.734844], [-7.635152, 37.777195], [-7.616578, 37.819542], [-7.597983, 37.861886], [-7.579367, 37.904227], [-7.560729, 37.946564], [-7.54207, 37.988898], [-7.52339, 38.031229], [-7.504688, 38.073557], [-7.485964, 38.115881], [-7.467219, 38.158202], [-7.448452, 38.20052], [-7.429664, 38.242835], [-7.410853, 38.285146], [-7.392021, 38.327454], [-7.373167, 38.369758], [-7.354291, 38.412059], [-7.335393, 38.454357], [-7.316473, 38.496651], [-7.29753, 38.538942], [-7.278566, 38.58123], [-7.259579, 38.623515], [-7.24057, 38.665795], [-7.221538, 38.708073], [-7.202485, 38.750347], [-7.183408, 38.792618], [-7.164309, 38.834885], [-7.145188, 38.877149], [-7.126044, 38.919409], [-7.106877, 38.961666], [-7.087687, 39.00392], [-7.068474, 39.04617], [-7.049239, 39.088416], [-7.029981, 39.130659], [-7.010699, 39.172899], [-6.991395, 39.215135], [-6.972067, 39.257368], [-6.952716, 39.299597], [-6.933342, 39.341822], [-6.913945, 39.384044], [-6.894524, 39.426263], [-6.87508, 39.468478], [-6.855612, 39.510689], [-6.83612, 39.552897], [-6.816605, 39.595101], [-6.797067, 39.637301], [-6.777504, 39.679498], [-6.757918, 39.721692], [-6.738308, 39.763882], [-6.718674, 39.806068], [-6.699015, 39.84825], [-6.679333, 39.890429], [-6.659627, 39.932604], [-6.639896, 39.974776], [-6.620142, 40.016944], [-6.600362, 40.059108], [-6.580559, 40.101268], [-6.560731, 40.143425], [-6.540878, 40.185578], [-6.521001, 40.227728], [-6.501099, 40.269873], [-6.481173, 40.312015], [-6.461222, 40.354153], [-6.441245, 40.396288], [-6.421244, 40.438419], [-6.401218, 40.480545], [-6.381167, 40.522669], [-6.361091, 40.564788], [-6.34099, 40.606903], [-6.320863, 40.649015], [-6.300711, 40.691123], [-6.280534, 40.733227], [-6.260331, 40.775327], [-6.240103, 40.817424], [-6.219849, 40.859516], [-6.199569, 40.901605], [-6.179264, 40.94369], [-6.158933, 40.985771], [-6.138576, 41.027847], [-6.118193, 41.069921], [-6.097784, 41.11199], [-6.077349, 41.154055], [-6.056888, 41.196116], [-6.036401, 41.238174], [-6.015887, 41.280227], [-5.995347, 41.322276], [-5.974781, 41.364322], [-5.954188, 41.406363], [-5.933568, 41.448401], [-5.912922, 41.490434], [-5.892249, 41.532464], [-5.87155, 41.574489], [-5.850824, 41.61651], [-5.83007, 41.658528], [-5.80929, 41.700541], [-5.788482, 41.74255], [-5.767648, 41.784555], [-5.746786, 41.826556], [-5.725897, 41.868553], [-5.704981, 41.910546], [-5.684037, 41.952534], [-5.663066, 41.994519], [-5.642067, 42.036499], [-5.62104, 42.078476], [-5.599986, 42.120448], [-5.578904, 42.162416], [-5.557794, 42.204379], [-5.536656, 42.246339], [-5.51549, 42.288294], [-5.494296, 42.330245], [-5.473074, 42.372192], [-5.451823, 42.414135], [-5.430544, 42.456073], [-5.409237, 42.498007], [-5.387901, 42.539937], [-5.366537, 42.581862], [-5.345144, 42.623784], [-5.323722, 42.6657], [-5.302272, 42.707613], [-5.280792, 42.749521], [-5.259284, 42.791425], [-5.237746, 42.833325], [-5.21618, 42.87522], [-5.194584, 42.917111], [-5.172959, 42.958997], [-5.151305, 43.000879], [-5.129621, 43.042757], [-5.107908, 43.08463], [-5.086165, 43.126499], [-5.064393, 43.168363], [-5.04259, 43.210223], [-5.020758, 43.252079], [-4.998896, 43.29393], [-4.977004, 43.335776], [-4.955082, 43.377618], [-4.933129, 43.419455], [-4.911147, 43.461288], [-4.889134, 43.503117], [-4.867091, 43.544941], [-4.845017, 43.58676], [-4.822913, 43.628574], [-4.800777, 43.670385], [-4.778612, 43.71219], [-4.756415, 43.753991], [-4.734187, 43.795787], [-4.711929, 43.837579], [-4.689639, 43.879366], [-4.667318, 43.921148], [-4.644966, 43.962926], [-4.622583, 44.004699], [-4.600168, 44.046467], [-4.577722, 44.08823], [-4.555244, 44.129989], [-4.532734, 44.171743], [-4.510192, 44.213493], [-4.487619, 44.255237], [-4.465014, 44.296977], [-4.442376, 44.338712], [-4.419707, 44.380442], [-4.397005, 44.422168], [-4.374271, 44.463888], [-4.351505, 44.505604], [-4.328706, 44.547315], [-4.305874, 44.589021], [-4.28301, 44.630722], [-4.260113, 44.672418], [-4.237183, 44.71411], [-4.21422, 44.755796], [-4.191225, 44.797478], [-4.168196, 44.839154], [-4.145133, 44.880826], [-4.122038, 44.922493], [-4.098909, 44.964154], [-4.075747, 45.005811], [-4.052551, 45.047463], [-4.029321, 45.089109], [-4.006058, 45.130751], [-3.98276, 45.172387], [-3.959429, 45.214019], [-3.936063, 45.255645], [-3.912664, 45.297267], [-3.88923, 45.338883], [-3.865762, 45.380494], [-3.842259, 45.4221], [-3.818722, 45.463701], [-3.79515, 45.505296], [-3.771544, 45.546887], [-3.747902, 45.588472], [-3.724226, 45.630052], [-3.700515, 45.671627], [-3.676768, 45.713197], [-3.652986, 45.754761], [-3.629169, 45.79632], [-3.605317, 45.837874], [-3.581429, 45.879423], [-3.557505, 45.920966], [-3.533546, 45.962504], [-3.509551, 46.004036], [-3.485519, 46.045564], [-3.461452, 46.087086], [-3.437349, 46.128602], [-3.413209, 46.170113], [-3.389033, 46.211619], [-3.364821, 46.253119], [-3.340572, 46.294614], [-3.316286, 46.336104], [-3.291964, 46.377587], [-3.267605, 46.419066], [-3.243209, 46.460539], [-3.218775, 46.502006], [-3.194305, 46.543468], [-3.169797, 46.584925], [-3.145252, 46.626375], [-3.120669, 46.667821], [-3.096049, 46.70926], [-3.071391, 46.750694], [-3.046695, 46.792123], [-3.021962, 46.833545], [-2.99719, 46.874963], [-2.97238, 46.916374], [-2.947532, 46.95778], [-2.922646, 46.99918], [-2.897721, 47.040574], [-2.872757, 47.081963], [-2.847755, 47.123346], [-2.822714, 47.164723], [-2.797634, 47.206094], [-2.772515, 47.24746], [-2.747357, 47.288819], [-2.72216, 47.330173], [-2.696923, 47.371521], [-2.671647, 47.412863], [-2.646331, 47.4542], [-2.620975, 47.49553], [-2.59558, 47.536854], [-2.570145, 47.578173], [-2.54467, 47.619486], [-2.519154, 47.660792], [-2.493598, 47.702093], [-2.468002, 47.743387], [-2.442366, 47.784676], [-2.416688, 47.825959], [-2.39097, 47.867235], [-2.365211, 47.908506], [-2.339411, 47.94977], [-2.31357, 47.991028], [-2.287688, 48.03228], [-2.261765, 48.073526], [-2.2358, 48.114766], [-2.209793, 48.156], [-2.183745, 48.197228], [-2.157654, 48.238449], [-2.131522, 48.279664], [-2.105348, 48.320873], [-2.079132, 48.362075], [-2.052873, 48.403272], [-2.026572, 48.444462], [-2.000228, 48.485645], [-1.973842, 48.526823], [-1.947413, 48.567994], [-1.92094, 48.609158], [-1.894425, 48.650316], [-1.867867, 48.691468], [-1.841265, 48.732614], [-1.81462, 48.773752], [-1.787931, 48.814885], [-1.761199, 48.856011], [-1.734423, 48.89713], [-1.707602, 48.938243], [-1.680738, 48.97935], [-1.65383, 49.02045], [-1.626877, 49.061543], [-1.599879, 49.10263], [-1.572837, 49.14371], [-1.545751, 49.184783], [-1.518619, 49.22585], [-1.491443, 49.26691], [-1.464221, 49.307963], [-1.436954, 49.34901], [-1.409642, 49.39005], [-1.382284, 49.431083], [-1.35488, 49.47211], [-1.327431, 49.513129], [-1.299935, 49.554142], [-1.272394, 49.595148], [-1.244806, 49.636147], [-1.217172, 49.677139], [-1.189492, 49.718125], [-1.161765, 49.759103], [-1.133991, 49.800075], [-1.10617, 49.841039], [-1.078302, 49.881997], [-1.050387, 49.922947], [-1.022425, 49.963891], [-0.994415, 50.004827], [-0.966358, 50.045757], [-0.938253, 50.086679], [-0.910099, 50.127594], [-0.881898, 50.168502], [-0.853649, 50.209403], [-0.825351, 50.250297], [-0.797005, 50.291184], [-0.768611, 50.332063], [-0.740167, 50.372935], [-0.711675, 50.4138], [-0.683133, 50.454658], [-0.654543, 50.495508], [-0.625903, 50.536351], [-0.597213, 50.577187], [-0.568474, 50.618015], [-0.539685, 50.658836], [-0.510846, 50.699649], [-0.481957, 50.740455], [-0.453018, 50.781254], [-0.424028, 50.822045], [-0.394988, 50.862829], [-0.365897, 50.903605], [-0.336755, 50.944373], [-0.307562, 50.985134], [-0.278318, 51.025888], [-0.249023, 51.066633], [-0.219676, 51.107372], [-0.190278, 51.148102]]}, "properties": {"start_iata": "FAO", "start_name": "Faro Airport", "start_city_country": "Faro, Portugal", "end_iata": "LGW", "end_name": "London Gatwick Airport", "end_city_country": "London, United Kingdom", "dist": 1048, "dur": 155.0, "domint": "International", "count": 1, "earliest_date": "2026-03-10", "latest_date": "2026-03-10", "date_string": "2026-03-10 00:00:00", "class_hist": "Economy,1", "airline_hist": "Easyjet,1", "flight_string": "U28534", "origin_hist": "FAO,1"}}, {"type": "Feature", "geometry": {"type": "LineString", "coordinates": [[-7.96591, 37.0144], [-7.947907, 37.056919], [-7.929884, 37.099434], [-7.911841, 37.141946], [-7.893777, 37.184455], [-7.875693, 37.226962], [-7.857589, 37.269465], [-7.839465, 37.311965], [-7.82132, 37.354461], [-7.803155, 37.396955], [-7.784969, 37.439446], [-7.766762, 37.481933], [-7.748535, 37.524418], [-7.730288, 37.566899], [-7.712019, 37.609377], [-7.69373, 37.651852], [-7.67542, 37.694324], [-7.657089, 37.736793], [-7.638737, 37.779259], [-7.620364, 37.821721], [-7.60197, 37.86418], [-7.583555, 37.906637], [-7.565119, 37.949089], [-7.546661, 37.991539], [-7.528182, 38.033986], [-7.509682, 38.076429], [-7.491161, 38.118869], [-7.472618, 38.161306], [-7.454053, 38.203739], [-7.435467, 38.24617], [-7.416859, 38.288597], [-7.39823, 38.331021], [-7.379579, 38.373441], [-7.360906, 38.415858], [-7.342211, 38.458272], [-7.323495, 38.500683], [-7.304756, 38.54309], [-7.285995, 38.585494], [-7.267213, 38.627895], [-7.248408, 38.670293], [-7.229581, 38.712687], [-7.210732, 38.755077], [-7.19186, 38.797465], [-7.172966, 38.839849], [-7.15405, 38.88223], [-7.135111, 38.924607], [-7.116149, 38.966981], [-7.097165, 39.009351], [-7.078159, 39.051718], [-7.059129, 39.094082], [-7.040077, 39.136442], [-7.021002, 39.178799], [-7.001904, 39.221153], [-6.982783, 39.263503], [-6.963639, 39.305849], [-6.944472, 39.348192], [-6.925282, 39.390532], [-6.906068, 39.432868], [-6.886832, 39.475201], [-6.867572, 39.51753], [-6.848288, 39.559855], [-6.828982, 39.602177], [-6.809651, 39.644496], [-6.790297, 39.686811], [-6.77092, 39.729123], [-6.751519, 39.771431], [-6.732093, 39.813735], [-6.712645, 39.856036], [-6.693172, 39.898333], [-6.673675, 39.940627], [-6.654154, 39.982917], [-6.63461, 40.025204], [-6.615041, 40.067486], [-6.595447, 40.109766], [-6.57583, 40.152041], [-6.556188, 40.194313], [-6.536522, 40.236582], [-6.516831, 40.278846], [-6.497116, 40.321108], [-6.477376, 40.363365], [-6.457612, 40.405619], [-6.437822, 40.447869], [-6.418008, 40.490115], [-6.39817, 40.532358], [-6.378306, 40.574596], [-6.358417, 40.616832], [-6.338503, 40.659063], [-6.318564, 40.701291], [-6.2986, 40.743514], [-6.27861, 40.785735], [-6.258596, 40.827951], [-6.238555, 40.870164], [-6.21849, 40.912372], [-6.198399, 40.954577], [-6.178282, 40.996778], [-6.158139, 41.038976], [-6.137971, 41.081169], [-6.117777, 41.123359], [-6.097557, 41.165545], [-6.077311, 41.207727], [-6.057039, 41.249905], [-6.036741, 41.292079], [-6.016417, 41.334249], [-5.996067, 41.376415], [-5.97569, 41.418578], [-5.955287, 41.460736], [-5.934858, 41.502891], [-5.914402, 41.545042], [-5.893919, 41.587188], [-5.87341, 41.629331], [-5.852874, 41.67147], [-5.832311, 41.713605], [-5.811721, 41.755735], [-5.791105, 41.797862], [-5.770461, 41.839985], [-5.74979, 41.882104], [-5.729092, 41.924218], [-5.708367, 41.966329], [-5.687615, 42.008436], [-5.666835, 42.050538], [-5.646028, 42.092637], [-5.625193, 42.134731], [-5.604331, 42.176821], [-5.58344, 42.218908], [-5.562523, 42.26099], [-5.541577, 42.303067], [-5.520603, 42.345141], [-5.499602, 42.387211], [-5.478572, 42.429276], [-5.457514, 42.471338], [-5.436428, 42.513395], [-5.415314, 42.555448], [-5.394171, 42.597496], [-5.373, 42.639541], [-5.3518, 42.681581], [-5.330572, 42.723617], [-5.309315, 42.765649], [-5.288029, 42.807676], [-5.266715, 42.8497], [-5.245371, 42.891719], [-5.223999, 42.933733], [-5.202597, 42.975744], [-5.181167, 43.01775], [-5.159707, 43.059751], [-5.138218, 43.101749], [-5.116699, 43.143742], [-5.095151, 43.185731], [-5.073573, 43.227715], [-5.051966, 43.269695], [-5.030329, 43.31167], [-5.008662, 43.353641], [-4.986965, 43.395608], [-4.965239, 43.43757], [-4.943482, 43.479528], [-4.921695, 43.521481], [-4.899878, 43.56343], [-4.878031, 43.605375], [-4.856153, 43.647315], [-4.834245, 43.68925], [-4.812306, 43.731181], [-4.790337, 43.773107], [-4.768337, 43.815029], [-4.746306, 43.856947], [-4.724244, 43.898859], [-4.702151, 43.940767], [-4.680027, 43.982671], [-4.657872, 44.02457], [-4.635686, 44.066464], [-4.613469, 44.108354], [-4.59122, 44.150239], [-4.56894, 44.19212], [-4.546628, 44.233996], [-4.524284, 44.275867], [-4.501909, 44.317733], [-4.479501, 44.359595], [-4.457062, 44.401452], [-4.434591, 44.443304], [-4.412088, 44.485152], [-4.389552, 44.526995], [-4.366985, 44.568833], [-4.344384, 44.610666], [-4.321752, 44.652494], [-4.299087, 44.694318], [-4.276389, 44.736137], [-4.253658, 44.777951], [-4.230895, 44.81976], [-4.208099, 44.861565], [-4.185269, 44.903364], [-4.162407, 44.945159], [-4.139511, 44.986949], [-4.116582, 45.028734], [-4.09362, 45.070514], [-4.070624, 45.112289], [-4.047595, 45.154059], [-4.024532, 45.195824], [-4.001435, 45.237584], [-3.978304, 45.279339], [-3.95514, 45.321089], [-3.931941, 45.362834], [-3.908708, 45.404574], [-3.885441, 45.446309], [-3.86214, 45.488039], [-3.838804, 45.529764], [-3.815434, 45.571484], [-3.792029, 45.613199], [-3.768589, 45.654909], [-3.745115, 45.696613], [-3.721605, 45.738313], [-3.698061, 45.780007], [-3.674481, 45.821696], [-3.650866, 45.86338], [-3.627216, 45.905059], [-3.603531, 45.946732], [-3.579809, 45.988401], [-3.556053, 46.030064], [-3.53226, 46.071721], [-3.508432, 46.113374], [-3.484568, 46.155021], [-3.460668, 46.196663], [-3.436731, 46.2383], [-3.412759, 46.279931], [-3.38875, 46.321557], [-3.364705, 46.363178], [-3.340623, 46.404793], [-3.316504, 46.446403], [-3.292349, 46.488008], [-3.268157, 46.529607], [-3.243928, 46.5712], [-3.219661, 46.612789], [-3.195358, 46.654371], [-3.171017, 46.695949], [-3.146639, 46.73752], [-3.122224, 46.779087], [-3.097771, 46.820648], [-3.07328, 46.862203], [-3.048751, 46.903752], [-3.024184, 46.945297], [-2.99958, 46.986835], [-2.974937, 47.028368], [-2.950256, 47.069895], [-2.925537, 47.111417], [-2.900779, 47.152933], [-2.875982, 47.194444], [-2.851147, 47.235948], [-2.826273, 47.277447], [-2.80136, 47.318941], [-2.776408, 47.360428], [-2.751417, 47.40191], [-2.726387, 47.443386], [-2.701317, 47.484856], [-2.676208, 47.526321], [-2.651059, 47.56778], [-2.62587, 47.609233], [-2.600642, 47.65068], [-2.575374, 47.692121], [-2.550065, 47.733556], [-2.524717, 47.774986], [-2.499328, 47.816409], [-2.473898, 47.857827], [-2.448428, 47.899238], [-2.422918, 47.940644], [-2.397367, 47.982044], [-2.371775, 48.023438], [-2.346141, 48.064825], [-2.320467, 48.106207], [-2.294752, 48.147583], [-2.268995, 48.188952], [-2.243196, 48.230316], [-2.217356, 48.271673], [-2.191475, 48.313024], [-2.165551, 48.35437], [-2.139585, 48.395709], [-2.113578, 48.437041], [-2.087528, 48.478368], [-2.061436, 48.519689], [-2.035301, 48.561003], [-2.009123, 48.602311], [-1.982903, 48.643613], [-1.956641, 48.684908], [-1.930335, 48.726197], [-1.903986, 48.76748], [-1.877593, 48.808757], [-1.851158, 48.850027], [-1.824679, 48.891291], [-1.798156, 48.932548], [-1.77159, 48.973799], [-1.74498, 49.015044], [-1.718325, 49.056282], [-1.691627, 49.097513], [-1.664884, 49.138739], [-1.638097, 49.179957], [-1.611266, 49.22117], [-1.584389, 49.262375], [-1.557468, 49.303574], [-1.530502, 49.344767], [-1.503491, 49.385953], [-1.476435, 49.427132], [-1.449334, 49.468305], [-1.422187, 49.509471], [-1.394994, 49.55063], [-1.367756, 49.591783], [-1.340472, 49.632929], [-1.313141, 49.674068], [-1.285765, 49.7152], [-1.258343, 49.756326], [-1.230874, 49.797445], [-1.203358, 49.838557], [-1.175796, 49.879662], [-1.148187, 49.92076], [-1.120531, 49.961852], [-1.092827, 50.002936], [-1.065077, 50.044014], [-1.037279, 50.085085], [-1.009434, 50.126149], [-0.981541, 50.167205], [-0.9536, 50.208255], [-0.925611, 50.249298], [-0.897574, 50.290334], [-0.869489, 50.331362], [-0.841355, 50.372384], [-0.813173, 50.413398], [-0.784942, 50.454406], [-0.756662, 50.495406], [-0.728333, 50.536399], [-0.699956, 50.577385], [-0.671528, 50.618363], [-0.643052, 50.659335], [-0.614525, 50.700299], [-0.58595, 50.741256], [-0.557324, 50.782205], [-0.528648, 50.823148], [-0.499922, 50.864082], [-0.471145, 50.90501], [-0.442318, 50.94593], [-0.413441, 50.986843], [-0.384512, 51.027748], [-0.355533, 51.068646], [-0.326502, 51.109536], [-0.297421, 51.150419], [-0.268288, 51.191294], [-0.239103, 51.232162], [-0.209866, 51.273022], [-0.180578, 51.313874], [-0.151237, 51.354719], [-0.121845, 51.395556], [-0.0924, 51.436386], [-0.062902, 51.477208], [-0.033352, 51.518022], [-0.003748, 51.558829], [0.025908, 51.599627], [0.055617, 51.640418], [0.08538, 51.681201], [0.115196, 51.721976], [0.145066, 51.762744], [0.17499, 51.803503], [0.204968, 51.844255], [0.235, 51.884998]]}, "properties": {"start_iata": "FAO", "start_name": "Faro Airport", "start_city_country": "Faro, Portugal", "end_iata": "STN", "end_name": "London Stansted Airport", "end_city_country": "London, United Kingdom", "dist": 1102, "dur": 150.0, "domint": "International", "count": 1, "earliest_date": "2026-03-05", "latest_date": "2026-03-05", "date_string": "2026-03-05 00:00:00", "class_hist": "Economy,1", "airline_hist": "Ryanair,1", "flight_string": "FR9142", "origin_hist": "STN,1"}}, {"type": "Feature", "geometry": {"type": "LineString", "coordinates": [[113.915001, 22.308901], [113.960427, 22.324202], [114.005862, 22.339491], [114.051307, 22.354766], [114.096763, 22.370029], [114.142228, 22.385279], [114.187703, 22.400516], [114.233188, 22.415741], [114.278683, 22.430952], [114.324187, 22.446151], [114.369702, 22.461337], [114.415227, 22.47651], [114.460761, 22.49167], [114.506306, 22.506817], [114.55186, 22.521952], [114.597424, 22.537073], [114.642999, 22.552182], [114.688583, 22.567277], [114.734177, 22.58236], [114.779781, 22.597429], [114.825395, 22.612486], [114.871018, 22.627529], [114.916652, 22.64256], [114.962296, 22.657578], [115.00795, 22.672582], [115.053613, 22.687574], [115.099287, 22.702552], [115.14497, 22.717518], [115.190663, 22.73247], [115.236367, 22.747409], [115.28208, 22.762335], [115.327803, 22.777248], [115.373536, 22.792148], [115.419279, 22.807035], [115.465032, 22.821908], [115.510795, 22.836769], [115.556567, 22.851616], [115.60235, 22.86645], [115.648143, 22.881271], [115.693945, 22.896079], [115.739758, 22.910873], [115.785581, 22.925654], [115.831413, 22.940422], [115.877255, 22.955177], [115.923108, 22.969918], [115.96897, 22.984646], [116.014842, 22.999361], [116.060724, 23.014062], [116.106616, 23.02875], [116.152518, 23.043425], [116.19843, 23.058087], [116.244352, 23.072735], [116.290284, 23.087369], [116.336226, 23.101991], [116.382177, 23.116599], [116.428139, 23.131193], [116.474111, 23.145774], [116.520092, 23.160342], [116.566084, 23.174896], [116.612085, 23.189437], [116.658097, 23.203964], [116.704118, 23.218478], [116.750149, 23.232978], [116.79619, 23.247465], [116.842242, 23.261938], [116.888303, 23.276397], [116.934374, 23.290844], [116.980455, 23.305276], [117.026546, 23.319695], [117.072646, 23.334101], [117.118757, 23.348492], [117.164878, 23.362871], [117.211009, 23.377235], [117.257149, 23.391586], [117.3033, 23.405923], [117.34946, 23.420247], [117.395631, 23.434557], [117.441811, 23.448853], [117.488001, 23.463136], [117.534201, 23.477405], [117.580412, 23.49166], [117.626632, 23.505902], [117.672862, 23.520129], [117.719102, 23.534343], [117.765352, 23.548543], [117.811611, 23.56273], [117.857881, 23.576902], [117.904161, 23.591061], [117.95045, 23.605206], [117.99675, 23.619337], [118.043059, 23.633455], [118.089379, 23.647558], [118.135708, 23.661648], [118.182047, 23.675723], [118.228397, 23.689785], [118.274756, 23.703833], [118.321125, 23.717867], [118.367504, 23.731887], [118.413892, 23.745893], [118.460291, 23.759886], [118.5067, 23.773864], [118.553118, 23.787828], [118.599547, 23.801779], [118.645985, 23.815715], [118.692434, 23.829637], [118.738892, 23.843545], [118.78536, 23.85744], [118.831838, 23.87132], [118.878326, 23.885186], [118.924824, 23.899038], [118.971332, 23.912876], [119.017849, 23.9267], [119.064377, 23.940509], [119.110914, 23.954305], [119.157462, 23.968087], [119.204019, 23.981854], [119.250586, 23.995607], [119.297163, 24.009346], [119.34375, 24.023071], [119.390347, 24.036782], [119.436954, 24.050478], [119.48357, 24.06416], [119.530197, 24.077828], [119.576833, 24.091482], [119.623479, 24.105122], [119.670136, 24.118747], [119.716802, 24.132358], [119.763477, 24.145955], [119.810163, 24.159537], [119.856859, 24.173105], [119.903564, 24.186659], [119.95028, 24.200198], [119.997005, 24.213723], [120.04374, 24.227234], [120.090485, 24.24073], [120.137239, 24.254212], [120.184004, 24.26768], [120.230779, 24.281133], [120.277563, 24.294572], [120.324357, 24.307996], [120.371161, 24.321406], [120.417975, 24.334801], [120.464799, 24.348182], [120.511632, 24.361549], [120.558476, 24.374901], [120.605329, 24.388238], [120.652192, 24.401561], [120.699065, 24.41487], [120.745947, 24.428163], [120.79284, 24.441443], [120.839742, 24.454707], [120.886654, 24.467958], [120.933576, 24.481193], [120.980508, 24.494414], [121.02745, 24.507621], [121.074401, 24.520812], [121.121362, 24.53399], [121.168333, 24.547152], [121.215314, 24.5603], [121.262305, 24.573433], [121.309305, 24.586551], [121.356315, 24.599655], [121.403335, 24.612744], [121.450365, 24.625819], [121.497405, 24.638878], [121.544454, 24.651923], [121.591513, 24.664953], [121.638582, 24.677969], [121.68566, 24.690969], [121.732749, 24.703955], [121.779847, 24.716926], [121.826955, 24.729882], [121.874072, 24.742823], [121.9212, 24.75575], [121.968337, 24.768662], [122.015484, 24.781558], [122.06264, 24.79444], [122.109807, 24.807307], [122.156983, 24.82016], [122.204169, 24.832997], [122.251364, 24.845819], [122.29857, 24.858627], [122.345784, 24.871419], [122.393009, 24.884197], [122.440244, 24.896959], [122.487488, 24.909707], [122.534742, 24.922439], [122.582005, 24.935157], [122.629278, 24.947859], [122.676561, 24.960547], [122.723854, 24.97322], [122.771156, 24.985877], [122.818468, 24.998519], [122.86579, 25.011147], [122.913121, 25.023759], [122.960462, 25.036356], [123.007813, 25.048938], [123.055173, 25.061505], [123.102543, 25.074057], [123.149923, 25.086594], [123.197312, 25.099115], [123.244711, 25.111621], [123.292119, 25.124113], [123.339538, 25.136589], [123.386965, 25.149049], [123.434403, 25.161495], [123.48185, 25.173925], [123.529307, 25.18634], [123.576773, 25.19874], [123.624249, 25.211125], [123.671734, 25.223494], [123.719229, 25.235848], [123.766734, 25.248187], [123.814249, 25.260511], [123.861772, 25.272819], [123.909306, 25.285112], [123.956849, 25.297389], [124.004402, 25.309651], [124.051964, 25.321898], [124.099535, 25.33413], [124.147117, 25.346346], [124.194708, 25.358546], [124.242308, 25.370731], [124.289918, 25.382901], [124.337538, 25.395056], [124.385167, 25.407195], [124.432805, 25.419318], [124.480453, 25.431426], [124.528111, 25.443519], [124.575778, 25.455596], [124.623455, 25.467657], [124.671141, 25.479703], [124.718836, 25.491734], [124.766541, 25.503749], [124.814256, 25.515748], [124.86198, 25.527732], [124.909714, 25.539701], [124.957457, 25.551654], [125.005209, 25.563591], [125.052971, 25.575512], [125.100743, 25.587418], [125.148523, 25.599309], [125.196314, 25.611183], [125.244114, 25.623042], [125.291923, 25.634886], [125.339741, 25.646714], [125.387569, 25.658526], [125.435407, 25.670322], [125.483254, 25.682103], [125.53111, 25.693868], [125.578976, 25.705617], [125.626851, 25.71735], [125.674735, 25.729068], [125.722629, 25.74077], [125.770532, 25.752456], [125.818445, 25.764127], [125.866367, 25.775782], [125.914298, 25.78742], [125.962239, 25.799043], [126.010189, 25.810651], [126.058148, 25.822242], [126.106117, 25.833818], [126.154095, 25.845377], [126.202082, 25.856921], [126.250078, 25.868449], [126.298084, 25.879961], [126.3461, 25.891457], [126.394124, 25.902937], [126.442158, 25.914402], [126.490201, 25.92585], [126.538254, 25.937282], [126.586315, 25.948699], [126.634386, 25.960099], [126.682466, 25.971484], [126.730556, 25.982852], [126.778654, 25.994205], [126.826762, 26.005541], [126.874879, 26.016862], [126.923006, 26.028166], [126.971141, 26.039455], [127.019286, 26.050727], [127.06744, 26.061983], [127.115603, 26.073223], [127.163776, 26.084447], [127.211957, 26.095655], [127.260148, 26.106847], [127.308348, 26.118023], [127.356557, 26.129183], [127.404775, 26.140326], [127.453003, 26.151453], [127.501239, 26.162564], [127.549485, 26.173659], [127.59774, 26.184738], [127.646004, 26.195801]]}, "properties": {"start_iata": "HKG", "start_name": "Hong Kong International Airport", "start_city_country": "Hong Kong, Hong Kong", "end_iata": "OKA", "end_name": "Naha Airport", "end_city_country": "Okinawa, Japan", "dist": 906, "dur": 116.0, "domint": "International", "count": 2, "earliest_date": "2026-01-06", "latest_date": "2026-01-10", "date_string": "2026-01-06 00:00:00;2026-01-10 00:00:00", "class_hist": "Economy,2", "airline_hist": "HK Express,1;Hong Kong,1", "flight_string": "UO826;HX657", "origin_hist": "HKG,1;OKA,1"}}, {"type": "Feature", "geometry": {"type": "LineString", "coordinates": [[113.915001, 22.308901], [113.944081, 22.344774], [113.973176, 22.380641], [114.002286, 22.416503], [114.031411, 22.45236], [114.060551, 22.488211], [114.089706, 22.524057], [114.118876, 22.559898], [114.148061, 22.595732], [114.177262, 22.631562], [114.206477, 22.667386], [114.235707, 22.703204], [114.264953, 22.739017], [114.294214, 22.774825], [114.32349, 22.810627], [114.352782, 22.846423], [114.382089, 22.882214], [114.411411, 22.917999], [114.440749, 22.953779], [114.470102, 22.989553], [114.49947, 23.025322], [114.528854, 23.061085], [114.558254, 23.096842], [114.587669, 23.132594], [114.6171, 23.16834], [114.646546, 23.20408], [114.676008, 23.239815], [114.705486, 23.275544], [114.734979, 23.311267], [114.764488, 23.346984], [114.794013, 23.382696], [114.823554, 23.418402], [114.853111, 23.454103], [114.882684, 23.489797], [114.912272, 23.525486], [114.941877, 23.561169], [114.971497, 23.596846], [115.001133, 23.632517], [115.030786, 23.668183], [115.060455, 23.703843], [115.090139, 23.739497], [115.11984, 23.775145], [115.149557, 23.810787], [115.179291, 23.846423], [115.20904, 23.882053], [115.238806, 23.917678], [115.268589, 23.953296], [115.298387, 23.988908], [115.328202, 24.024515], [115.358033, 24.060116], [115.387881, 24.09571], [115.417746, 24.131299], [115.447627, 24.166881], [115.477524, 24.202458], [115.507438, 24.238029], [115.537369, 24.273593], [115.567316, 24.309151], [115.59728, 24.344704], [115.627261, 24.38025], [115.657259, 24.41579], [115.687273, 24.451324], [115.717304, 24.486852], [115.747352, 24.522374], [115.777417, 24.55789], [115.807499, 24.593399], [115.837598, 24.628902], [115.867714, 24.664399], [115.897847, 24.69989], [115.927997, 24.735375], [115.958164, 24.770853], [115.988348, 24.806325], [116.01855, 24.841791], [116.048768, 24.877251], [116.079004, 24.912704], [116.109258, 24.948151], [116.139528, 24.983592], [116.169816, 25.019027], [116.200121, 25.054455], [116.230444, 25.089876], [116.260784, 25.125292], [116.291142, 25.160701], [116.321517, 25.196103], [116.35191, 25.231499], [116.38232, 25.266889], [116.412748, 25.302272], [116.443194, 25.337649], [116.473657, 25.373019], [116.504139, 25.408383], [116.534638, 25.443741], [116.565154, 25.479092], [116.595689, 25.514436], [116.626241, 25.549774], [116.656812, 25.585105], [116.6874, 25.62043], [116.718006, 25.655748], [116.748631, 25.691059], [116.779273, 25.726364], [116.809934, 25.761663], [116.840612, 25.796954], [116.871309, 25.832239], [116.902024, 25.867518], [116.932758, 25.90279], [116.963509, 25.938055], [116.994279, 25.973313], [117.025067, 26.008565], [117.055874, 26.043809], [117.086699, 26.079048], [117.117543, 26.114279], [117.148405, 26.149504], [117.179285, 26.184721], [117.210184, 26.219932], [117.241102, 26.255136], [117.272038, 26.290334], [117.302993, 26.325524], [117.333967, 26.360708], [117.36496, 26.395885], [117.395971, 26.431055], [117.427001, 26.466218], [117.45805, 26.501374], [117.489118, 26.536523], [117.520205, 26.571665], [117.551311, 26.6068], [117.582436, 26.641928], [117.613579, 26.67705], [117.644742, 26.712164], [117.675924, 26.747271], [117.707126, 26.782371], [117.738346, 26.817465], [117.769586, 26.852551], [117.800845, 26.88763], [117.832123, 26.922702], [117.863421, 26.957766], [117.894738, 26.992824], [117.926074, 27.027875], [117.95743, 27.062918], [117.988805, 27.097954], [118.0202, 27.132983], [118.051615, 27.168005], [118.083049, 27.20302], [118.114502, 27.238027], [118.145976, 27.273027], [118.177469, 27.30802], [118.208982, 27.343006], [118.240514, 27.377984], [118.272067, 27.412955], [118.303639, 27.447919], [118.335232, 27.482875], [118.366844, 27.517824], [118.398476, 27.552766], [118.430128, 27.5877], [118.461801, 27.622627], [118.493493, 27.657546], [118.525206, 27.692458], [118.556939, 27.727363], [118.588692, 27.76226], [118.620465, 27.79715], [118.652258, 27.832032], [118.684072, 27.866907], [118.715907, 27.901774], [118.747761, 27.936633], [118.779636, 27.971486], [118.811532, 28.00633], [118.843448, 28.041167], [118.875385, 28.075996], [118.907342, 28.110818], [118.93932, 28.145632], [118.971319, 28.180439], [119.003338, 28.215237], [119.035378, 28.250028], [119.067439, 28.284812], [119.099521, 28.319588], [119.131624, 28.354356], [119.163747, 28.389116], [119.195892, 28.423868], [119.228057, 28.458613], [119.260244, 28.49335], [119.292452, 28.528079], [119.32468, 28.5628], [119.35693, 28.597514], [119.389201, 28.632219], [119.421494, 28.666917], [119.453808, 28.701607], [119.486143, 28.736289], [119.518499, 28.770963], [119.550877, 28.805629], [119.583276, 28.840287], [119.615696, 28.874938], [119.648139, 28.90958], [119.680602, 28.944214], [119.713088, 28.97884], [119.745595, 29.013459], [119.778123, 29.048069], [119.810674, 29.082671], [119.843246, 29.117265], [119.87584, 29.151851], [119.908455, 29.186428], [119.941093, 29.220998], [119.973753, 29.25556], [120.006434, 29.290113], [120.039138, 29.324658], [120.071863, 29.359195], [120.104611, 29.393724], [120.137381, 29.428245], [120.170173, 29.462757], [120.202987, 29.497261], [120.235823, 29.531757], [120.268682, 29.566244], [120.301563, 29.600723], [120.334466, 29.635194], [120.367392, 29.669656], [120.400341, 29.704111], [120.433311, 29.738556], [120.466305, 29.772994], [120.499321, 29.807423], [120.532359, 29.841843], [120.56542, 29.876255], [120.598504, 29.910659], [120.631611, 29.945054], [120.66474, 29.97944], [120.697892, 30.013818], [120.731068, 30.048188], [120.764266, 30.082549], [120.797487, 30.116901], [120.830731, 30.151245], [120.863998, 30.18558], [120.897288, 30.219907], [120.930601, 30.254225], [120.963937, 30.288534], [120.997297, 30.322835], [121.03068, 30.357126], [121.064086, 30.39141], [121.097515, 30.425684], [121.130968, 30.45995], [121.164444, 30.494207], [121.197944, 30.528455], [121.231467, 30.562694], [121.265014, 30.596925], [121.298585, 30.631147], [121.332179, 30.66536], [121.365796, 30.699564], [121.399438, 30.733759], [121.433103, 30.767945], [121.466792, 30.802122], [121.500505, 30.836291], [121.534241, 30.87045], [121.568002, 30.9046], [121.601787, 30.938742], [121.635595, 30.972874], [121.669428, 31.006997], [121.703285, 31.041112], [121.737166, 31.075217], [121.771071, 31.109313], [121.805, 31.1434]]}, "properties": {"start_iata": "HKG", "start_name": "Hong Kong International Airport", "start_city_country": "Hong Kong, Hong Kong", "end_iata": "PVG", "end_name": "Shanghai Pudong International Airport", "end_city_country": "Shanghai, China", "dist": 779, "dur": 113.0, "domint": "International", "count": 1, "earliest_date": "2026-01-10", "latest_date": "2026-01-10", "date_string": "2026-01-10 00:00:00", "class_hist": "Economy,1", "airline_hist": "Hong Kong,1", "flight_string": "HX234", "origin_hist": "HKG,1"}}, {"type": "Feature", "geometry": {"type": "LineString", "coordinates": [[139.779999, 35.552299], [139.726209, 35.543592], [139.67243, 35.534861], [139.618663, 35.526107], [139.564908, 35.517328], [139.511164, 35.508525], [139.457432, 35.499699], [139.403712, 35.490848], [139.350004, 35.481973], [139.296307, 35.473075], [139.242623, 35.464153], [139.18895, 35.455206], [139.135289, 35.446236], [139.08164, 35.437242], [139.028003, 35.428225], [138.974378, 35.419183], [138.920765, 35.410118], [138.867164, 35.401028], [138.813575, 35.391915], [138.759998, 35.382778], [138.706434, 35.373618], [138.652881, 35.364434], [138.59934, 35.355225], [138.545812, 35.345994], [138.492296, 35.336738], [138.438792, 35.327459], [138.3853, 35.318156], [138.331821, 35.30883], [138.278354, 35.299479], [138.224899, 35.290105], [138.171457, 35.280708], [138.118026, 35.271287], [138.064609, 35.261842], [138.011203, 35.252374], [137.95781, 35.242882], [137.90443, 35.233366], [137.851062, 35.223827], [137.797707, 35.214265], [137.744364, 35.204679], [137.691033, 35.195069], [137.637716, 35.185436], [137.58441, 35.17578], [137.531118, 35.1661], [137.477838, 35.156396], [137.424571, 35.146669], [137.371316, 35.136919], [137.318074, 35.127145], [137.264845, 35.117348], [137.211629, 35.107527], [137.158425, 35.097683], [137.105234, 35.087816], [137.052056, 35.077926], [136.998891, 35.068012], [136.945739, 35.058074], [136.8926, 35.048114], [136.839473, 35.03813], [136.78636, 35.028123], [136.733259, 35.018093], [136.680172, 35.008039], [136.627097, 34.997962], [136.574036, 34.987862], [136.520987, 34.977739], [136.467952, 34.967592], [136.41493, 34.957423], [136.36192, 34.94723], [136.308924, 34.937014], [136.255941, 34.926775], [136.202972, 34.916513], [136.150015, 34.906228], [136.097072, 34.895919], [136.044142, 34.885588], [135.991225, 34.875234], [135.938321, 34.864856], [135.885431, 34.854456], [135.832554, 34.844032], [135.779691, 34.833585], [135.726841, 34.823116], [135.674004, 34.812623], [135.62118, 34.802108], [135.56837, 34.79157], [135.515574, 34.781008], [135.462791, 34.770424], [135.410021, 34.759817], [135.357265, 34.749187], [135.304523, 34.738534], [135.251794, 34.727858], [135.199078, 34.71716], [135.146377, 34.706438], [135.093688, 34.695694], [135.041014, 34.684927], [134.988353, 34.674138], [134.935706, 34.663325], [134.883072, 34.65249], [134.830452, 34.641632], [134.777846, 34.630751], [134.725254, 34.619848], [134.672675, 34.608922], [134.620111, 34.597973], [134.56756, 34.587001], [134.515022, 34.576007], [134.462499, 34.564991], [134.40999, 34.553951], [134.357494, 34.542889], [134.305012, 34.531805], [134.252545, 34.520698], [134.200091, 34.509568], [134.147651, 34.498416], [134.095225, 34.487242], [134.042813, 34.476044], [133.990415, 34.464825], [133.938032, 34.453583], [133.885662, 34.442318], [133.833306, 34.431031], [133.780964, 34.419722], [133.728637, 34.40839], [133.676324, 34.397035], [133.624024, 34.385659], [133.571739, 34.37426], [133.519468, 34.362838], [133.467212, 34.351395], [133.414969, 34.339929], [133.362741, 34.32844], [133.310527, 34.31693], [133.258327, 34.305397], [133.206142, 34.293842], [133.153971, 34.282264], [133.101814, 34.270665], [133.049671, 34.259043], [132.997543, 34.247399], [132.945429, 34.235733], [132.89333, 34.224044], [132.841245, 34.212334], [132.789174, 34.200601], [132.737118, 34.188846], [132.685076, 34.177069], [132.633049, 34.16527], [132.581037, 34.153449], [132.529038, 34.141606], [132.477055, 34.129741], [132.425086, 34.117854], [132.373131, 34.105945], [132.321191, 34.094014], [132.269265, 34.082061], [132.217355, 34.070086], [132.165458, 34.058089], [132.113577, 34.04607], [132.06171, 34.034029], [132.009858, 34.021966], [131.95802, 34.009881], [131.906197, 33.997775], [131.854389, 33.985647], [131.802596, 33.973496], [131.750817, 33.961324], [131.699053, 33.949131], [131.647304, 33.936915], [131.595569, 33.924678], [131.54385, 33.912419], [131.492145, 33.900138], [131.440455, 33.887835], [131.38878, 33.875511], [131.33712, 33.863165], [131.285475, 33.850798], [131.233844, 33.838408], [131.182229, 33.825997], [131.130628, 33.813565], [131.079042, 33.801111], [131.027472, 33.788635], [130.975916, 33.776138], [130.924375, 33.763619], [130.87285, 33.751078], [130.821339, 33.738517], [130.769843, 33.725933], [130.718363, 33.713328], [130.666897, 33.700702], [130.615446, 33.688054], [130.564011, 33.675385], [130.512591, 33.662694], [130.461185, 33.649982], [130.409795, 33.637248], [130.35842, 33.624494], [130.30706, 33.611717], [130.255716, 33.59892], [130.204386, 33.586101], [130.153072, 33.573261], [130.101773, 33.560399], [130.050489, 33.547516], [129.99922, 33.534612], [129.947967, 33.521687], [129.896729, 33.50874], [129.845506, 33.495773], [129.794298, 33.482784], [129.743106, 33.469773], [129.691929, 33.456742], [129.640767, 33.44369], [129.589621, 33.430616], [129.53849, 33.417522], [129.487374, 33.404406], [129.436274, 33.391269], [129.385189, 33.378111], [129.33412, 33.364932], [129.283066, 33.351732], [129.232027, 33.338511], [129.181004, 33.325269], [129.129996, 33.312006], [129.079004, 33.298722], [129.028027, 33.285417], [128.977066, 33.272092], [128.92612, 33.258745], [128.875189, 33.245377], [128.824275, 33.231989], [128.773375, 33.218579], [128.722491, 33.205149], [128.671623, 33.191698], [128.620771, 33.178226], [128.569933, 33.164734], [128.519112, 33.15122], [128.468306, 33.137686], [128.417516, 33.124131], [128.366741, 33.110556], [128.315982, 33.096959], [128.265238, 33.083342], [128.214511, 33.069705], [128.163799, 33.056046], [128.113102, 33.042367], [128.062421, 33.028668], [128.011756, 33.014948], [127.961107, 33.001207], [127.910473, 32.987445], [127.859855, 32.973663], [127.809253, 32.959861], [127.758666, 32.946038], [127.708096, 32.932194], [127.657541, 32.91833], [127.607002, 32.904446], [127.556478, 32.890541], [127.505971, 32.876616], [127.455479, 32.86267], [127.405003, 32.848704], [127.354543, 32.834717], [127.304098, 32.82071], [127.25367, 32.806683], [127.203257, 32.792635], [127.15286, 32.778567], [127.102479, 32.764479], [127.052114, 32.750371], [127.001765, 32.736242], [126.951432, 32.722093], [126.901115, 32.707924], [126.850813, 32.693734], [126.800528, 32.679524], [126.750258, 32.665295], [126.700004, 32.651045], [126.649767, 32.636774], [126.599545, 32.622484], [126.549339, 32.608174], [126.499149, 32.593843], [126.448976, 32.579493], [126.398818, 32.565122], [126.348676, 32.550732], [126.29855, 32.536321], [126.24844, 32.52189], [126.198347, 32.50744], [126.148269, 32.492969], [126.098207, 32.478478], [126.048162, 32.463968], [125.998132, 32.449437], [125.948118, 32.434887], [125.898121, 32.420317], [125.84814, 32.405727], [125.798174, 32.391117], [125.748225, 32.376487], [125.698292, 32.361837], [125.648375, 32.347168], [125.598474, 32.332479], [125.54859, 32.31777], [125.498721, 32.303041], [125.448869, 32.288293], [125.399032, 32.273525], [125.349212, 32.258737], [125.299408, 32.243929], [125.24962, 32.229102], [125.199849, 32.214255], [125.150093, 32.199389], [125.100354, 32.184503], [125.050631, 32.169597], [125.000924, 32.154672], [124.951234, 32.139727], [124.901559, 32.124763], [124.851901, 32.109779], [124.802259, 32.094776], [124.752633, 32.079753], [124.703024, 32.064711], [124.65343, 32.049649], [124.603853, 32.034568], [124.554293, 32.019468], [124.504748, 32.004348], [124.45522, 31.989209], [124.405708, 31.97405], [124.356212, 31.958872], [124.306733, 31.943675], [124.25727, 31.928458], [124.207823, 31.913222], [124.158393, 31.897967], [124.108979, 31.882692], [124.059581, 31.867399], [124.010199, 31.852086], [123.960834, 31.836754], [123.911485, 31.821402], [123.862153, 31.806032], [123.812837, 31.790642], [123.763537, 31.775234], [123.714253, 31.759806], [123.664986, 31.744359], [123.615736, 31.728893], [123.566501, 31.713408], [123.517283, 31.697904], [123.468081, 31.682381], [123.418896, 31.666838], [123.369727, 31.651277], [123.320575, 31.635697], [123.271439, 31.620098], [123.222319, 31.60448], [123.173216, 31.588843], [123.124129, 31.573187], [123.075059, 31.557513], [123.026005, 31.541819], [122.976967, 31.526107], [122.927946, 31.510375], [122.878941, 31.494625], [122.829953, 31.478856], [122.780981, 31.463069], [122.732025, 31.447262], [122.683086, 31.431437], [122.634164, 31.415593], [122.585258, 31.399731], [122.536368, 31.38385], [122.487495, 31.36795], [122.438638, 31.352031], [122.389798, 31.336094], [122.340974, 31.320138], [122.292167, 31.304164], [122.243376, 31.288171], [122.194602, 31.272159], [122.145844, 31.256129], [122.097102, 31.24008], [122.048377, 31.224013], [121.999669, 31.207927], [121.950977, 31.191823], [121.902302, 31.175701], [121.853643, 31.15956], [121.805, 31.1434]]}, "properties": {"start_iata": "HND", "start_name": "Tokyo Haneda International Airport", "start_city_country": "Tokyo, Japan", "end_iata": "PVG", "end_name": "Shanghai Pudong International Airport", "end_city_country": "Shanghai, China", "dist": 1081, "dur": 122.0, "domint": "International", "count": 1, "earliest_date": "2026-01-11", "latest_date": "2026-01-11", "date_string": "2026-01-11 00:00:00", "class_hist": "Economy,1", "airline_hist": "Japan,1", "flight_string": "JL86", "origin_hist": "PVG,1"}}, {"type": "Feature", "geometry": {"type": "LineString", "coordinates": [[28.751944, 41.275278], [28.705273, 41.303083], [28.658563, 41.33087], [28.611812, 41.358637], [28.565023, 41.386385], [28.518193, 41.414114], [28.471323, 41.441823], [28.424414, 41.469514], [28.377464, 41.497185], [28.330475, 41.524836], [28.283446, 41.552469], [28.236376, 41.580082], [28.189267, 41.607676], [28.142117, 41.63525], [28.094927, 41.662805], [28.047697, 41.69034], [28.000427, 41.717855], [27.953116, 41.745351], [27.905765, 41.772828], [27.858374, 41.800284], [27.810942, 41.827721], [27.763469, 41.855139], [27.715956, 41.882536], [27.668402, 41.909914], [27.620808, 41.937272], [27.573173, 41.96461], [27.525498, 41.991928], [27.477781, 42.019226], [27.430024, 42.046504], [27.382226, 42.073762], [27.334387, 42.101001], [27.286507, 42.128219], [27.238586, 42.155416], [27.190624, 42.182594], [27.142621, 42.209752], [27.094576, 42.236889], [27.046491, 42.264006], [26.998364, 42.291103], [26.950197, 42.318179], [26.901987, 42.345235], [26.853737, 42.372271], [26.805445, 42.399286], [26.757112, 42.42628], [26.708737, 42.453254], [26.66032, 42.480208], [26.611863, 42.507141], [26.563363, 42.534053], [26.514822, 42.560945], [26.466239, 42.587816], [26.417615, 42.614666], [26.368948, 42.641496], [26.32024, 42.668304], [26.27149, 42.695092], [26.222698, 42.721859], [26.173864, 42.748605], [26.124988, 42.77533], [26.07607, 42.802034], [26.02711, 42.828717], [25.978108, 42.855378], [25.929064, 42.882019], [25.879977, 42.908639], [25.830849, 42.935237], [25.781678, 42.961814], [25.732464, 42.98837], [25.683209, 43.014905], [25.633911, 43.041418], [25.58457, 43.06791], [25.535187, 43.09438], [25.485761, 43.120829], [25.436293, 43.147257], [25.386782, 43.173663], [25.337229, 43.200047], [25.287633, 43.22641], [25.237994, 43.252751], [25.188312, 43.279071], [25.138587, 43.305369], [25.08882, 43.331645], [25.03901, 43.357899], [24.989156, 43.384131], [24.93926, 43.410342], [24.889321, 43.436531], [24.839338, 43.462697], [24.789313, 43.488842], [24.739244, 43.514965], [24.689132, 43.541065], [24.638977, 43.567144], [24.588779, 43.5932], [24.538537, 43.619234], [24.488252, 43.645246], [24.437924, 43.671236], [24.387552, 43.697203], [24.337137, 43.723148], [24.286678, 43.749071], [24.236175, 43.774971], [24.185629, 43.800849], [24.13504, 43.826705], [24.084406, 43.852538], [24.033729, 43.878348], [23.983009, 43.904135], [23.932244, 43.9299], [23.881436, 43.955643], [23.830583, 43.981362], [23.779687, 44.007059], [23.728747, 44.032733], [23.677763, 44.058384], [23.626735, 44.084013], [23.575663, 44.109618], [23.524547, 44.1352], [23.473386, 44.16076], [23.422182, 44.186296], [23.370933, 44.211809], [23.31964, 44.237299], [23.268302, 44.262766], [23.216921, 44.28821], [23.165495, 44.313631], [23.114024, 44.339028], [23.06251, 44.364402], [23.01095, 44.389752], [22.959346, 44.415079], [22.907698, 44.440383], [22.856005, 44.465663], [22.804268, 44.49092], [22.752485, 44.516153], [22.700659, 44.541363], [22.648787, 44.566548], [22.59687, 44.591711], [22.544909, 44.616849], [22.492903, 44.641964], [22.440852, 44.667054], [22.388757, 44.692121], [22.336616, 44.717164], [22.28443, 44.742184], [22.232199, 44.767179], [22.179924, 44.79215], [22.127603, 44.817097], [22.075237, 44.84202], [22.022826, 44.866919], [21.970369, 44.891794], [21.917868, 44.916644], [21.865321, 44.94147], [21.812729, 44.966272], [21.760092, 44.99105], [21.707409, 45.015803], [21.654681, 45.040532], [21.601907, 45.065236], [21.549088, 45.089916], [21.496223, 45.114571], [21.443313, 45.139201], [21.390358, 45.163807], [21.337357, 45.188389], [21.28431, 45.212945], [21.231217, 45.237477], [21.178079, 45.261984], [21.124895, 45.286466], [21.071666, 45.310923], [21.01839, 45.335355], [20.965069, 45.359763], [20.911702, 45.384145], [20.858289, 45.408502], [20.80483, 45.432834], [20.751326, 45.457141], [20.697775, 45.481423], [20.644178, 45.50568], [20.590535, 45.529911], [20.536846, 45.554117], [20.483111, 45.578298], [20.42933, 45.602453], [20.375503, 45.626583], [20.32163, 45.650687], [20.26771, 45.674766], [20.213744, 45.698819], [20.159732, 45.722847], [20.105674, 45.746848], [20.051569, 45.770825], [19.997418, 45.794775], [19.94322, 45.8187], [19.888976, 45.842599], [19.834686, 45.866472], [19.780349, 45.890319], [19.725966, 45.91414], [19.671536, 45.937935], [19.617059, 45.961704], [19.562536, 45.985447], [19.507967, 46.009164], [19.45335, 46.032855], [19.398687, 46.056519], [19.343978, 46.080157], [19.289221, 46.103769], [19.234418, 46.127355], [19.179568, 46.150914], [19.124672, 46.174447], [19.069728, 46.197953], [19.014738, 46.221433], [18.959701, 46.244886], [18.904616, 46.268312], [18.849485, 46.291712], [18.794307, 46.315085], [18.739082, 46.338432], [18.68381, 46.361751], [18.628491, 46.385044], [18.573125, 46.40831], [18.517712, 46.431549], [18.462252, 46.454761], [18.406745, 46.477946], [18.35119, 46.501104], [18.295589, 46.524235], [18.23994, 46.547338], [18.184244, 46.570415], [18.1285, 46.593464], [18.07271, 46.616486], [18.016872, 46.639481], [17.960987, 46.662448], [17.905054, 46.685388], [17.849074, 46.708301], [17.793047, 46.731186], [17.736973, 46.754043], [17.680851, 46.776873], [17.624681, 46.799675], [17.568465, 46.82245], [17.5122, 46.845196], [17.455888, 46.867916], [17.399529, 46.890607], [17.343122, 46.91327], [17.286668, 46.935906], [17.230166, 46.958513], [17.173616, 46.981093], [17.117019, 47.003644], [17.060374, 47.026167], [17.003682, 47.048663], [16.946942, 47.07113], [16.890154, 47.093569], [16.833319, 47.115979], [16.776435, 47.138361], [16.719504, 47.160715], [16.662526, 47.183041], [16.605499, 47.205338], [16.548425, 47.227606], [16.491303, 47.249846], [16.434133, 47.272058], [16.376916, 47.294241], [16.31965, 47.316395], [16.262337, 47.33852], [16.204976, 47.360617], [16.147567, 47.382685], [16.09011, 47.404724], [16.032605, 47.426734], [15.975052, 47.448715], [15.917451, 47.470667], [15.859802, 47.49259], [15.802106, 47.514484], [15.744361, 47.536349], [15.686568, 47.558185], [15.628727, 47.579991], [15.570839, 47.601768], [15.512902, 47.623516], [15.454917, 47.645235], [15.396884, 47.666924], [15.338803, 47.688583], [15.280674, 47.710213], [15.222497, 47.731814], [15.164272, 47.753385], [15.105998, 47.774926], [15.047677, 47.796438], [14.989307, 47.81792], [14.93089, 47.839372], [14.872424, 47.860794], [14.81391, 47.882186], [14.755347, 47.903549], [14.696737, 47.924881], [14.638078, 47.946184], [14.579372, 47.967456], [14.520617, 47.988699], [14.461813, 48.009911], [14.402962, 48.031093], [14.344062, 48.052244], [14.285115, 48.073366], [14.226119, 48.094457], [14.167074, 48.115518], [14.107982, 48.136548], [14.048841, 48.157548], [13.989652, 48.178517], [13.930415, 48.199455], [13.871129, 48.220364], [13.811795, 48.241241], [13.752413, 48.262088], [13.692983, 48.282903], [13.633504, 48.303688], [13.573977, 48.324443], [13.514402, 48.345166], [13.454778, 48.365858], [13.395106, 48.38652], [13.335386, 48.40715], [13.275618, 48.427749], [13.215801, 48.448317], [13.155936, 48.468854], [13.096023, 48.48936], [13.036061, 48.509834], [12.976052, 48.530277], [12.915993, 48.550689], [12.855887, 48.571069], [12.795732, 48.591418], [12.735529, 48.611735], [12.675278, 48.632021], [12.614978, 48.652275], [12.55463, 48.672497], [12.494234, 48.692688], [12.43379, 48.712847], [12.373297, 48.732974], [12.312756, 48.753069], [12.252167, 48.773132], [12.191529, 48.793164], [12.130844, 48.813163], [12.07011, 48.83313], [12.009327, 48.853066], [11.948497, 48.872969], [11.887618, 48.89284], [11.826691, 48.912679], [11.765716, 48.932485], [11.704692, 48.952259], [11.643621, 48.972001], [11.582501, 48.99171], [11.521333, 49.011387], [11.460116, 49.031031], [11.398852, 49.050643], [11.337539, 49.070222], [11.276179, 49.089769], [11.21477, 49.109283], [11.153312, 49.128764], [11.091807, 49.148212], [11.030254, 49.167627], [10.968652, 49.18701], [10.907003, 49.206359], [10.845305, 49.225676], [10.78356, 49.244959], [10.721766, 49.26421], [10.659924, 49.283427], [10.598034, 49.302611], [10.536096, 49.321762], [10.47411, 49.340879], [10.412076, 49.359964], [10.349994, 49.379014], [10.287865, 49.398032], [10.225687, 49.417016], [10.163461, 49.435966], [10.101187, 49.454883], [10.038866, 49.473766], [9.976496, 49.492616], [9.914079, 49.511432], [9.851614, 49.530214], [9.7891, 49.548962], [9.72654, 49.567677], [9.663931, 49.586357], [9.601274, 49.605004], [9.53857, 49.623616], [9.475818, 49.642195], [9.413018, 49.660739], [9.350171, 49.67925], [9.287276, 49.697726], [9.224333, 49.716168], [9.161343, 49.734575], [9.098305, 49.752948], [9.035219, 49.771287], [8.972086, 49.789592], [8.908905, 49.807862], [8.845676, 49.826097], [8.782401, 49.844298], [8.719077, 49.862464], [8.655707, 49.880596], [8.592288, 49.898693], [8.528823, 49.916755], [8.46531, 49.934782], [8.401749, 49.952774], [8.338142, 49.970732], [8.274487, 49.988654], [8.210784, 50.006542], [8.147035, 50.024394], [8.083238, 50.042212], [8.019394, 50.059994], [7.955503, 50.077741], [7.891564, 50.095453], [7.827579, 50.113129], [7.763547, 50.130771], [7.699467, 50.148376], [7.635341, 50.165947], [7.571167, 50.183482], [7.506947, 50.200981], [7.442679, 50.218445], [7.378365, 50.235873], [7.314004, 50.253265], [7.249596, 50.270622], [7.185141, 50.287943], [7.120639, 50.305228], [7.056091, 50.322478], [6.991496, 50.339691], [6.926854, 50.356869], [6.862166, 50.37401], [6.797431, 50.391115], [6.73265, 50.408185], [6.667822, 50.425218], [6.602948, 50.442215], [6.538027, 50.459176], [6.47306, 50.4761], [6.408046, 50.492988], [6.342986, 50.50984], [6.27788, 50.526655], [6.212728, 50.543434], [6.147529, 50.560176], [6.082284, 50.576882], [6.016994, 50.593551], [5.951657, 50.610183], [5.886274, 50.626779], [5.820845, 50.643338], [5.75537, 50.65986], [5.689849, 50.676345], [5.624282, 50.692794], [5.558669, 50.709205], [5.493011, 50.72558], [5.427307, 50.741917], [5.361557, 50.758217], [5.295762, 50.774481], [5.229921, 50.790707], [5.164034, 50.806895], [5.098102, 50.823047], [5.032125, 50.839161], [4.966102, 50.855238], [4.900034, 50.871277], [4.83392, 50.887279], [4.767761, 50.903243], [4.701557, 50.91917], [4.635308, 50.935059], [4.569014, 50.950911], [4.502674, 50.966725], [4.43629, 50.982501], [4.369861, 50.998239], [4.303386, 51.01394], [4.236867, 51.029602], [4.170303, 51.045227], [4.103695, 51.060814], [4.037041, 51.076362], [3.970343, 51.091873], [3.903601, 51.107345], [3.836814, 51.12278], [3.769982, 51.138176], [3.703106, 51.153534], [3.636186, 51.168853], [3.569221, 51.184135], [3.502212, 51.199377], [3.435159, 51.214582], [3.368062, 51.229748], [3.300921, 51.244875], [3.233735, 51.259964], [3.166506, 51.275014], [3.099233, 51.290026], [3.031916, 51.304999], [2.964555, 51.319933], [2.897151, 51.334828], [2.829703, 51.349684], [2.762211, 51.364502], [2.694676, 51.37928], [2.627098, 51.39402], [2.559476, 51.408721], [2.49181, 51.423382], [2.424102, 51.438005], [2.35635, 51.452588], [2.288555, 51.467132], [2.220717, 51.481636], [2.152836, 51.496102], [2.084912, 51.510528], [2.016946, 51.524915], [1.948936, 51.539262], [1.880884, 51.55357], [1.812789, 51.567838], [1.744652, 51.582067], [1.676472, 51.596256], [1.608249, 51.610405], [1.539984, 51.624515], [1.471677, 51.638585], [1.403328, 51.652615], [1.334936, 51.666606], [1.266503, 51.680556], [1.198027, 51.694467], [1.12951, 51.708337], [1.06095, 51.722168], [0.992349, 51.735959], [0.923706, 51.749709], [0.855022, 51.763419], [0.786296, 51.777089], [0.717528, 51.790719], [0.648719, 51.804309], [0.579869, 51.817858], [0.510977, 51.831367], [0.442044, 51.844836], [0.373071, 51.858264], [0.304056, 51.871651], [0.235, 51.884998]]}, "properties": {"start_iata": "IST", "start_name": "Istanbul Airport", "start_city_country": "Istanbul, Turkey", "end_iata": "STN", "end_name": "London Stansted Airport", "end_city_country": "London, United Kingdom", "dist": 1529, "dur": 235.0, "domint": "International", "count": 2, "earliest_date": "2026-06-19", "latest_date": "2026-06-28", "date_string": "2026-06-19 00:00:00;2026-06-28 00:00:00", "class_hist": "Economy,2", "airline_hist": "Turkish,2", "flight_string": "TK1244;TK1243", "origin_hist": "STN,1;IST,1"}}, {"type": "Feature", "geometry": {"type": "LineString", "coordinates": [[-73.7789, 40.639801], [-73.732744, 40.667866], [-73.68655, 40.695913], [-73.640316, 40.723941], [-73.594044, 40.75195], [-73.547733, 40.779941], [-73.501383, 40.807912], [-73.454994, 40.835866], [-73.408566, 40.8638], [-73.3621, 40.891715], [-73.315594, 40.919612], [-73.269049, 40.947489], [-73.222465, 40.975348], [-73.175841, 41.003188], [-73.129179, 41.031009], [-73.082477, 41.05881], [-73.035736, 41.086593], [-72.988955, 41.114356], [-72.942135, 41.142101], [-72.895276, 41.169826], [-72.848377, 41.197532], [-72.801438, 41.225219], [-72.75446, 41.252886], [-72.707442, 41.280534], [-72.660385, 41.308163], [-72.613288, 41.335772], [-72.566151, 41.363362], [-72.518974, 41.390933], [-72.471757, 41.418484], [-72.4245, 41.446015], [-72.377204, 41.473527], [-72.329867, 41.50102], [-72.282491, 41.528492], [-72.235074, 41.555945], [-72.187617, 41.583379], [-72.14012, 41.610792], [-72.092583, 41.638186], [-72.045006, 41.66556], [-71.997388, 41.692914], [-71.94973, 41.720249], [-71.902031, 41.747563], [-71.854292, 41.774857], [-71.806513, 41.802132], [-71.758693, 41.829386], [-71.710833, 41.856621], [-71.662931, 41.883835], [-71.61499, 41.911029], [-71.567007, 41.938203], [-71.518984, 41.965357], [-71.47092, 41.992491], [-71.422815, 42.019604], [-71.374669, 42.046697], [-71.326483, 42.07377], [-71.278255, 42.100822], [-71.229987, 42.127854], [-71.181677, 42.154865], [-71.133326, 42.181856], [-71.084934, 42.208827], [-71.036501, 42.235776], [-70.988027, 42.262706], [-70.939512, 42.289614], [-70.890955, 42.316502], [-70.842357, 42.343369], [-70.793717, 42.370216], [-70.745036, 42.397042], [-70.696314, 42.423847], [-70.64755, 42.450631], [-70.598744, 42.477394], [-70.549897, 42.504136], [-70.501009, 42.530858], [-70.452078, 42.557558], [-70.403106, 42.584237], [-70.354092, 42.610895], [-70.305037, 42.637532], [-70.255939, 42.664148], [-70.2068, 42.690743], [-70.157618, 42.717317], [-70.108395, 42.743869], [-70.05913, 42.7704], [-70.009822, 42.796909], [-69.960473, 42.823398], [-69.911081, 42.849865], [-69.861647, 42.87631], [-69.812171, 42.902734], [-69.762653, 42.929136], [-69.713093, 42.955517], [-69.66349, 42.981876], [-69.613844, 43.008214], [-69.564157, 43.03453], [-69.514426, 43.060824], [-69.464654, 43.087097], [-69.414839, 43.113347], [-69.364981, 43.139576], [-69.31508, 43.165783], [-69.265137, 43.191968], [-69.215151, 43.218131], [-69.165123, 43.244273], [-69.115052, 43.270392], [-69.064938, 43.296489], [-69.014781, 43.322564], [-68.964581, 43.348617], [-68.914338, 43.374647], [-68.864052, 43.400656], [-68.813723, 43.426642], [-68.763351, 43.452606], [-68.712936, 43.478548], [-68.662478, 43.504467], [-68.611977, 43.530364], [-68.561432, 43.556238], [-68.510844, 43.58209], [-68.460213, 43.60792], [-68.409539, 43.633727], [-68.358821, 43.659511], [-68.30806, 43.685272], [-68.257255, 43.711011], [-68.206407, 43.736728], [-68.155516, 43.762421], [-68.10458, 43.788092], [-68.053602, 43.81374], [-68.002579, 43.839365], [-67.951513, 43.864967], [-67.900403, 43.890546], [-67.84925, 43.916102], [-67.798052, 43.941635], [-67.746811, 43.967145], [-67.695526, 43.992632], [-67.644197, 44.018096], [-67.592825, 44.043536], [-67.541408, 44.068954], [-67.489947, 44.094348], [-67.438442, 44.119718], [-67.386893, 44.145066], [-67.3353, 44.17039], [-67.283663, 44.19569], [-67.231982, 44.220967], [-67.180256, 44.246221], [-67.128486, 44.271451], [-67.076672, 44.296657], [-67.024813, 44.32184], [-66.972911, 44.346999], [-66.920963, 44.372135], [-66.868972, 44.397246], [-66.816936, 44.422334], [-66.764855, 44.447398], [-66.71273, 44.472438], [-66.66056, 44.497455], [-66.608346, 44.522447], [-66.556086, 44.547415], [-66.503783, 44.572359], [-66.451434, 44.597279], [-66.399041, 44.622175], [-66.346603, 44.647047], [-66.294121, 44.671895], [-66.241593, 44.696718], [-66.18902, 44.721518], [-66.136403, 44.746292], [-66.083741, 44.771043], [-66.031033, 44.795769], [-65.978281, 44.82047], [-65.925484, 44.845147], [-65.872641, 44.8698], [-65.819754, 44.894428], [-65.766821, 44.919031], [-65.713843, 44.94361], [-65.66082, 44.968164], [-65.607752, 44.992693], [-65.554638, 45.017197], [-65.501479, 45.041677], [-65.448275, 45.066132], [-65.395025, 45.090562], [-65.34173, 45.114966], [-65.28839, 45.139346], [-65.235004, 45.163701], [-65.181573, 45.188031], [-65.128096, 45.212335], [-65.074573, 45.236615], [-65.021005, 45.260869], [-64.967392, 45.285098], [-64.913732, 45.309302], [-64.860027, 45.33348], [-64.806277, 45.357633], [-64.75248, 45.381761], [-64.698638, 45.405863], [-64.64475, 45.42994], [-64.590817, 45.453991], [-64.536837, 45.478016], [-64.482812, 45.502016], [-64.42874, 45.52599], [-64.374623, 45.549939], [-64.32046, 45.573861], [-64.26625, 45.597758], [-64.211995, 45.621629], [-64.157694, 45.645475], [-64.103346, 45.669294], [-64.048953, 45.693087], [-63.994513, 45.716854], [-63.940028, 45.740596], [-63.885496, 45.764311], [-63.830918, 45.788], [-63.776293, 45.811662], [-63.721623, 45.835299], [-63.666906, 45.858909], [-63.612142, 45.882493], [-63.557333, 45.906051], [-63.502477, 45.929582], [-63.447575, 45.953086], [-63.392626, 45.976565], [-63.337631, 46.000016], [-63.282589, 46.023441], [-63.227501, 46.04684], [-63.172367, 46.070212], [-63.117185, 46.093557], [-63.061958, 46.116875], [-63.006683, 46.140166], [-62.951362, 46.163431], [-62.895995, 46.186669], [-62.840581, 46.20988], [-62.78512, 46.233064], [-62.729612, 46.25622], [-62.674058, 46.27935], [-62.618457, 46.302453], [-62.562809, 46.325528], [-62.507115, 46.348577], [-62.451373, 46.371598], [-62.395585, 46.394592], [-62.33975, 46.417558], [-62.283868, 46.440497], [-62.227939, 46.463409], [-62.171964, 46.486293], [-62.115941, 46.50915], [-62.059871, 46.531979], [-62.003755, 46.55478], [-61.947591, 46.577554], [-61.89138, 46.6003], [-61.835123, 46.623019], [-61.778818, 46.64571], [-61.722466, 46.668373], [-61.666067, 46.691008], [-61.609621, 46.713615], [-61.553128, 46.736194], [-61.496588, 46.758745], [-61.44, 46.781268], [-61.383365, 46.803763], [-61.326684, 46.82623], [-61.269955, 46.848669], [-61.213178, 46.871079], [-61.156355, 46.893461], [-61.099484, 46.915815], [-61.042566, 46.938141], [-60.9856, 46.960438], [-60.928587, 46.982707], [-60.871527, 47.004947], [-60.81442, 47.027158], [-60.757265, 47.049341], [-60.700063, 47.071496], [-60.642813, 47.093622], [-60.585516, 47.115719], [-60.528172, 47.137787], [-60.47078, 47.159826], [-60.41334, 47.181837], [-60.355854, 47.203819], [-60.298319, 47.225771], [-60.240738, 47.247695], [-60.183108, 47.26959], [-60.125431, 47.291455], [-60.067707, 47.313292], [-60.009935, 47.335099], [-59.952116, 47.356877], [-59.894249, 47.378626], [-59.836334, 47.400345], [-59.778372, 47.422035], [-59.720362, 47.443696], [-59.662305, 47.465327], [-59.6042, 47.486929], [-59.546047, 47.508501], [-59.487847, 47.530044], [-59.429599, 47.551556], [-59.371303, 47.57304], [-59.31296, 47.594493], [-59.254569, 47.615917], [-59.19613, 47.637311], [-59.137644, 47.658675], [-59.07911, 47.680009], [-59.020528, 47.701313], [-58.961899, 47.722587], [-58.903222, 47.743831], [-58.844497, 47.765045], [-58.785724, 47.786229], [-58.726904, 47.807383], [-58.668035, 47.828506], [-58.60912, 47.849599], [-58.550156, 47.870662], [-58.491144, 47.891695], [-58.432085, 47.912697], [-58.372978, 47.933668], [-58.313823, 47.954609], [-58.254621, 47.975519], [-58.19537, 47.996399], [-58.136072, 48.017248], [-58.076726, 48.038067], [-58.017332, 48.058854], [-57.957891, 48.079611], [-57.898401, 48.100337], [-57.838864, 48.121032], [-57.779279, 48.141697], [-57.719646, 48.16233], [-57.659966, 48.182932], [-57.600237, 48.203503], [-57.540461, 48.224043], [-57.480637, 48.244552], [-57.420765, 48.265029], [-57.360846, 48.285476], [-57.300878, 48.30589], [-57.240863, 48.326274], [-57.1808, 48.346626], [-57.120689, 48.366947], [-57.06053, 48.387236], [-57.000323, 48.407494], [-56.940069, 48.42772], [-56.879767, 48.447914], [-56.819417, 48.468077], [-56.759019, 48.488208], [-56.698573, 48.508307], [-56.63808, 48.528375], [-56.577539, 48.54841], [-56.51695, 48.568414], [-56.456313, 48.588385], [-56.395629, 48.608325], [-56.334897, 48.628232], [-56.274117, 48.648108], [-56.213289, 48.667951], [-56.152414, 48.687762], [-56.09149, 48.707541], [-56.03052, 48.727287], [-55.969501, 48.747001], [-55.908435, 48.766683], [-55.84732, 48.786332], [-55.786159, 48.805949], [-55.724949, 48.825533], [-55.663692, 48.845085], [-55.602387, 48.864603], [-55.541035, 48.88409], [-55.479635, 48.903543], [-55.418187, 48.922964], [-55.356692, 48.942352], [-55.295149, 48.961707], [-55.233558, 48.981029], [-55.17192, 49.000318], [-55.110234, 49.019574], [-55.048501, 49.038797], [-54.98672, 49.057987], [-54.924891, 49.077144], [-54.863015, 49.096268], [-54.801092, 49.115358], [-54.739121, 49.134415], [-54.677102, 49.153439], [-54.615036, 49.172429], [-54.552923, 49.191386], [-54.490762, 49.210309], [-54.428554, 49.229199], [-54.366298, 49.248055], [-54.303995, 49.266878], [-54.241644, 49.285667], [-54.179246, 49.304422], [-54.116801, 49.323144], [-54.054309, 49.341831], [-53.991769, 49.360485], [-53.929182, 49.379105], [-53.866548, 49.39769], [-53.803866, 49.416242], [-53.741137, 49.43476], [-53.678361, 49.453244], [-53.615538, 49.471693], [-53.552668, 49.490108], [-53.48975, 49.508489], [-53.426785, 49.526836], [-53.363774, 49.545148], [-53.300715, 49.563426], [-53.237609, 49.58167], [-53.174456, 49.599879], [-53.111256, 49.618054], [-53.048009, 49.636193], [-52.984715, 49.654299], [-52.921375, 49.672369], [-52.857987, 49.690405], [-52.794552, 49.708406], [-52.731071, 49.726373], [-52.667543, 49.744304], [-52.603968, 49.762201], [-52.540346, 49.780062], [-52.476677, 49.797889], [-52.412962, 49.81568], [-52.3492, 49.833436], [-52.285392, 49.851158], [-52.221536, 49.868844], [-52.157634, 49.886494], [-52.093686, 49.90411], [-52.029691, 49.92169], [-51.96565, 49.939235], [-51.901562, 49.956744], [-51.837427, 49.974218], [-51.773246, 49.991656], [-51.709019, 50.009059], [-51.644746, 50.026426], [-51.580426, 50.043757], [-51.516059, 50.061053], [-51.451647, 50.078313], [-51.387188, 50.095537], [-51.322684, 50.112725], [-51.258133, 50.129878], [-51.193535, 50.146994], [-51.128892, 50.164074], [-51.064203, 50.181119], [-50.999468, 50.198127], [-50.934687, 50.215099], [-50.86986, 50.232035], [-50.804987, 50.248934], [-50.740068, 50.265798], [-50.675103, 50.282625], [-50.610093, 50.299415], [-50.545036, 50.31617], [-50.479935, 50.332887], [-50.414787, 50.349569], [-50.349594, 50.366213], [-50.284355, 50.382821], [-50.219071, 50.399393], [-50.153741, 50.415927], [-50.088366, 50.432425], [-50.022946, 50.448886], [-49.95748, 50.465311], [-49.891968, 50.481698], [-49.826412, 50.498048], [-49.76081, 50.514362], [-49.695163, 50.530638], [-49.629471, 50.546878], [-49.563734, 50.56308], [-49.497952, 50.579245], [-49.432125, 50.595373], [-49.366252, 50.611463], [-49.300335, 50.627516], [-49.234373, 50.643532], [-49.168367, 50.659511], [-49.102315, 50.675452], [-49.036219, 50.691355], [-48.970078, 50.707221], [-48.903893, 50.72305], [-48.837663, 50.73884], [-48.771388, 50.754593], [-48.705069, 50.770309], [-48.638706, 50.785986], [-48.572298, 50.801626], [-48.505846, 50.817228], [-48.43935, 50.832792], [-48.37281, 50.848318], [-48.306225, 50.863806], [-48.239596, 50.879256], [-48.172924, 50.894668], [-48.106207, 50.910041], [-48.039447, 50.925377], [-47.972642, 50.940674], [-47.905794, 50.955933], [-47.838902, 50.971154], [-47.771966, 50.986336], [-47.704987, 51.00148], [-47.637964, 51.016586], [-47.570898, 51.031653], [-47.503788, 51.046681], [-47.436635, 51.061671], [-47.369439, 51.076622], [-47.302199, 51.091534], [-47.234916, 51.106408], [-47.16759, 51.121243], [-47.10022, 51.136039], [-47.032808, 51.150796], [-46.965353, 51.165515], [-46.897855, 51.180194], [-46.830314, 51.194835], [-46.76273, 51.209436], [-46.695104, 51.223998], [-46.627435, 51.238521], [-46.559723, 51.253005], [-46.491969, 51.26745], [-46.424173, 51.281855], [-46.356334, 51.296222], [-46.288453, 51.310548], [-46.220529, 51.324836], [-46.152564, 51.339084], [-46.084556, 51.353292], [-46.016506, 51.367461], [-45.948415, 51.38159], [-45.880281, 51.39568], [-45.812106, 51.40973], [-45.743889, 51.42374], [-45.67563, 51.437711], [-45.607329, 51.451642], [-45.538988, 51.465533], [-45.470604, 51.479384], [-45.402179, 51.493195], [-45.333713, 51.506966], [-45.265206, 51.520697], [-45.196658, 51.534388], [-45.128068, 51.548039], [-45.059438, 51.56165], [-44.990766, 51.57522], [-44.922054, 51.588751], [-44.853301, 51.602241], [-44.784507, 51.615691], [-44.715673, 51.6291], [-44.646798, 51.642469], [-44.577882, 51.655798], [-44.508927, 51.669086], [-44.439931, 51.682333], [-44.370894, 51.69554], [-44.301818, 51.708707], [-44.232701, 51.721832], [-44.163545, 51.734917], [-44.094349, 51.747961], [-44.025113, 51.760965], [-43.955837, 51.773928], [-43.886521, 51.786849], [-43.817166, 51.79973], [-43.747772, 51.81257], [-43.678338, 51.825369], [-43.608864, 51.838127], [-43.539352, 51.850844], [-43.4698, 51.863519], [-43.40021, 51.876154], [-43.33058, 51.888747], [-43.260912, 51.901299], [-43.191204, 51.91381], [-43.121458, 51.926279], [-43.051674, 51.938707], [-42.981851, 51.951094], [-42.911989, 51.963439], [-42.84209, 51.975743], [-42.772152, 51.988005], [-42.702175, 52.000225], [-42.632161, 52.012404], [-42.562109, 52.024541], [-42.492019, 52.036637], [-42.421891, 52.048691], [-42.351726, 52.060703], [-42.281522, 52.072673], [-42.211282, 52.084602], [-42.141004, 52.096488], [-42.070689, 52.108333], [-42.000336, 52.120135], [-41.929946, 52.131896], [-41.85952, 52.143614], [-41.789056, 52.155291], [-41.718556, 52.166925], [-41.648019, 52.178517], [-41.577445, 52.190067], [-41.506835, 52.201575], [-41.436188, 52.21304], [-41.365505, 52.224463], [-41.294786, 52.235844], [-41.224031, 52.247182], [-41.15324, 52.258478], [-41.082413, 52.269731], [-41.01155, 52.280942], [-40.940651, 52.29211], [-40.869716, 52.303236], [-40.798747, 52.314319], [-40.727741, 52.325359], [-40.656701, 52.336356], [-40.585625, 52.347311], [-40.514515, 52.358223], [-40.443369, 52.369092], [-40.372188, 52.379919], [-40.300973, 52.390702], [-40.229723, 52.401443], [-40.158438, 52.41214], [-40.087119, 52.422795], [-40.015766, 52.433406], [-39.944379, 52.443975], [-39.872957, 52.4545], [-39.801501, 52.464982], [-39.730012, 52.475421], [-39.658489, 52.485816], [-39.586932, 52.496169], [-39.515341, 52.506478], [-39.443717, 52.516743], [-39.37206, 52.526966], [-39.30037, 52.537145], [-39.228646, 52.54728], [-39.15689, 52.557372], [-39.0851, 52.56742], [-39.013278, 52.577425], [-38.941423, 52.587387], [-38.869536, 52.597304], [-38.797616, 52.607178], [-38.725664, 52.617008], [-38.65368, 52.626795], [-38.581664, 52.636538], [-38.509616, 52.646237], [-38.437536, 52.655892], [-38.365424, 52.665503], [-38.293281, 52.67507], [-38.221107, 52.684594], [-38.148901, 52.694073], [-38.076663, 52.703509], [-38.004395, 52.7129], [-37.932096, 52.722247], [-37.859766, 52.731551], [-37.787405, 52.74081], [-37.715013, 52.750024], [-37.642591, 52.759195], [-37.570139, 52.768322], [-37.497657, 52.777404], [-37.425144, 52.786442], [-37.352601, 52.795435], [-37.280029, 52.804384], [-37.207427, 52.813289], [-37.134795, 52.822149], [-37.062134, 52.830965], [-36.989443, 52.839736], [-36.916723, 52.848463], [-36.843974, 52.857145], [-36.771196, 52.865783], [-36.69839, 52.874376], [-36.625554, 52.882924], [-36.55269, 52.891428], [-36.479798, 52.899886], [-36.406877, 52.908301], [-36.333928, 52.91667], [-36.260951, 52.924994], [-36.187946, 52.933274], [-36.114913, 52.941509], [-36.041853, 52.949699], [-35.968765, 52.957844], [-35.895649, 52.965944], [-35.822507, 52.973999], [-35.749337, 52.982009], [-35.67614, 52.989974], [-35.602917, 52.997893], [-35.529666, 53.005768], [-35.45639, 53.013598], [-35.383086, 53.021382], [-35.309756, 53.029121], [-35.236401, 53.036815], [-35.163019, 53.044464], [-35.089611, 53.052067], [-35.016177, 53.059626], [-34.942718, 53.067138], [-34.869233, 53.074606], [-34.795723, 53.082028], [-34.722188, 53.089404], [-34.648628, 53.096735], [-34.575042, 53.104021], [-34.501432, 53.111261], [-34.427798, 53.118456], [-34.354138, 53.125605], [-34.280455, 53.132708], [-34.206747, 53.139766], [-34.133015, 53.146778], [-34.059259, 53.153745], [-33.98548, 53.160665], [-33.911676, 53.16754], [-33.837849, 53.17437], [-33.763999, 53.181153], [-33.690126, 53.187891], [-33.616229, 53.194583], [-33.54231, 53.201229], [-33.468367, 53.207829], [-33.394403, 53.214384], [-33.320415, 53.220892], [-33.246405, 53.227354], [-33.172373, 53.233771], [-33.098319, 53.240141], [-33.024243, 53.246466], [-32.950146, 53.252744], [-32.876026, 53.258976], [-32.801885, 53.265163], [-32.727723, 53.271303], [-32.65354, 53.277397], [-32.579336, 53.283445], [-32.50511, 53.289446], [-32.430864, 53.295402], [-32.356598, 53.301311], [-32.282311, 53.307174], [-32.208004, 53.31299], [-32.133676, 53.318761], [-32.059329, 53.324485], [-31.984962, 53.330162], [-31.910575, 53.335794], [-31.836169, 53.341379], [-31.761743, 53.346917], [-31.687298, 53.352409], [-31.612834, 53.357855], [-31.538351, 53.363254], [-31.46385, 53.368607], [-31.38933, 53.373913], [-31.314791, 53.379173], [-31.240234, 53.384386], [-31.165659, 53.389552], [-31.091066, 53.394672], [-31.016455, 53.399745], [-30.941826, 53.404772], [-30.86718, 53.409752], [-30.792517, 53.414685], [-30.717836, 53.419572], [-30.643138, 53.424412], [-30.568424, 53.429205], [-30.493693, 53.433952], [-30.418945, 53.438651], [-30.34418, 53.443304], [-30.2694, 53.44791], [-30.194603, 53.45247], [-30.119791, 53.456982], [-30.044962, 53.461448], [-29.970118, 53.465866], [-29.895259, 53.470238], [-29.820384, 53.474563], [-29.745494, 53.478841], [-29.670589, 53.483072], [-29.59567, 53.487256], [-29.520735, 53.491394], [-29.445786, 53.495484], [-29.370823, 53.499527], [-29.295846, 53.503523], [-29.220854, 53.507472], [-29.145849, 53.511374], [-29.07083, 53.515229], [-28.995798, 53.519037], [-28.920752, 53.522798], [-28.845693, 53.526512], [-28.77062, 53.530178], [-28.695535, 53.533798], [-28.620438, 53.53737], [-28.545327, 53.540895], [-28.470205, 53.544373], [-28.39507, 53.547804], [-28.319923, 53.551187], [-28.244764, 53.554523], [-28.169593, 53.557812], [-28.094411, 53.561054], [-28.019217, 53.564249], [-27.944012, 53.567396], [-27.868796, 53.570496], [-27.793569, 53.573549], [-27.718332, 53.576554], [-27.643084, 53.579512], [-27.567825, 53.582423], [-27.492556, 53.585286], [-27.417277, 53.588102], [-27.341988, 53.590871], [-27.266689, 53.593592], [-27.191381, 53.596266], [-27.116063, 53.598893], [-27.040736, 53.601472], [-26.9654, 53.604003], [-26.890055, 53.606488], [-26.814701, 53.608924], [-26.739339, 53.611314], [-26.663968, 53.613656], [-26.588589, 53.61595], [-26.513202, 53.618197], [-26.437807, 53.620396], [-26.362404, 53.622548], [-26.286994, 53.624653], [-26.211576, 53.62671], [-26.136151, 53.628719], [-26.060719, 53.630681], [-25.98528, 53.632595], [-25.909834, 53.634462], [-25.834382, 53.636282], [-25.758923, 53.638053], [-25.683458, 53.639777], [-25.607987, 53.641454], [-25.53251, 53.643083], [-25.457027, 53.644664], [-25.381539, 53.646198], [-25.306045, 53.647684], [-25.230546, 53.649123], [-25.155042, 53.650514], [-25.079534, 53.651857], [-25.00402, 53.653153], [-24.928502, 53.654401], [-24.852979, 53.655602], [-24.777453, 53.656755], [-24.701922, 53.65786], [-24.626387, 53.658918], [-24.550849, 53.659928], [-24.475307, 53.66089], [-24.399762, 53.661804], [-24.324214, 53.662671], [-24.248662, 53.663491], [-24.173108, 53.664262], [-24.097551, 53.664986], [-24.021992, 53.665663], [-23.94643, 53.666291], [-23.870866, 53.666872], [-23.795301, 53.667406], [-23.719733, 53.667891], [-23.644163, 53.668329], [-23.568593, 53.668719], [-23.49302, 53.669062], [-23.417447, 53.669357], [-23.341873, 53.669604], [-23.266298, 53.669803], [-23.190722, 53.669955], [-23.115146, 53.670059], [-23.03957, 53.670116], [-22.963993, 53.670124], [-22.888417, 53.670085], [-22.81284, 53.669999], [-22.737264, 53.669864], [-22.661689, 53.669682], [-22.586115, 53.669453], [-22.510541, 53.669175], [-22.434968, 53.66885], [-22.359397, 53.668477], [-22.283827, 53.668057], [-22.208259, 53.667589], [-22.132692, 53.667073], [-22.057127, 53.666509], [-21.981565, 53.665898], [-21.906005, 53.665239], [-21.830447, 53.664533], [-21.754892, 53.663778], [-21.679339, 53.662976], [-21.60379, 53.662127], [-21.528243, 53.66123], [-21.4527, 53.660285], [-21.377161, 53.659292], [-21.301625, 53.658252], [-21.226093, 53.657164], [-21.150564, 53.656029], [-21.07504, 53.654846], [-20.999521, 53.653615], [-20.924005, 53.652337], [-20.848495, 53.651011], [-20.772989, 53.649637], [-20.697488, 53.648216], [-20.621993, 53.646747], [-20.546503, 53.645231], [-20.471018, 53.643667], [-20.395539, 53.642055], [-20.320065, 53.640396], [-20.244598, 53.638689], [-20.169137, 53.636935], [-20.093682, 53.635133], [-20.018234, 53.633283], [-19.942793, 53.631386], [-19.867358, 53.629442], [-19.79193, 53.62745], [-19.71651, 53.62541], [-19.641097, 53.623323], [-19.565691, 53.621189], [-19.490293, 53.619006], [-19.414903, 53.616777], [-19.339521, 53.6145], [-19.264147, 53.612175], [-19.188782, 53.609803], [-19.113425, 53.607384], [-19.038077, 53.604917], [-18.962737, 53.602403], [-18.887407, 53.599841], [-18.812086, 53.597232], [-18.736774, 53.594575], [-18.661472, 53.591871], [-18.586179, 53.58912], [-18.510897, 53.586321], [-18.435624, 53.583475], [-18.360362, 53.580582], [-18.28511, 53.577641], [-18.209868, 53.574653], [-18.134637, 53.571617], [-18.059417, 53.568535], [-17.984208, 53.565405], [-17.90901, 53.562227], [-17.833824, 53.559003], [-17.758649, 53.555731], [-17.683486, 53.552412], [-17.608335, 53.549046], [-17.533195, 53.545632], [-17.458068, 53.542172], [-17.382953, 53.538664], [-17.307851, 53.535109], [-17.232761, 53.531507], [-17.157684, 53.527857], [-17.08262, 53.524161], [-17.00757, 53.520417], [-16.932532, 53.516627], [-16.857508, 53.512789], [-16.782498, 53.508904], [-16.707501, 53.504972], [-16.632519, 53.500993], [-16.55755, 53.496967], [-16.482596, 53.492894], [-16.407657, 53.488774], [-16.332731, 53.484607], [-16.257821, 53.480393], [-16.182926, 53.476132], [-16.108045, 53.471825], [-16.03318, 53.46747], [-15.958331, 53.463068], [-15.883497, 53.45862], [-15.808678, 53.454124], [-15.733876, 53.449582], [-15.659089, 53.444993], [-15.584319, 53.440358], [-15.509565, 53.435675], [-15.434828, 53.430946], [-15.360107, 53.426169], [-15.285403, 53.421347], [-15.210716, 53.416477], [-15.136047, 53.411561], [-15.061394, 53.406598], [-14.986759, 53.401588], [-14.912142, 53.396532], [-14.837542, 53.391429], [-14.762961, 53.386279], [-14.688397, 53.381083], [-14.613852, 53.375841], [-14.539325, 53.370552], [-14.464816, 53.365216], [-14.390326, 53.359834], [-14.315855, 53.354405], [-14.241404, 53.34893], [-14.166971, 53.343408], [-14.092557, 53.337841], [-14.018163, 53.332226], [-13.943789, 53.326565], [-13.869435, 53.320858], [-13.7951, 53.315105], [-13.720785, 53.309305], [-13.646491, 53.303459], [-13.572217, 53.297567], [-13.497963, 53.291628], [-13.423731, 53.285644], [-13.349519, 53.279613], [-13.275328, 53.273536], [-13.201158, 53.267412], [-13.127009, 53.261243], [-13.052882, 53.255027], [-12.978776, 53.248766], [-12.904692, 53.242458], [-12.83063, 53.236105], [-12.75659, 53.229705], [-12.682572, 53.223259], [-12.608577, 53.216768], [-12.534603, 53.21023], [-12.460653, 53.203647], [-12.386725, 53.197018], [-12.31282, 53.190342], [-12.238938, 53.183621], [-12.16508, 53.176855], [-12.091244, 53.170042], [-12.017432, 53.163184], [-11.943644, 53.15628], [-11.869879, 53.14933], [-11.796139, 53.142334], [-11.722422, 53.135293], [-11.648729, 53.128206], [-11.575061, 53.121074], [-11.501418, 53.113896], [-11.427798, 53.106673], [-11.354204, 53.099404], [-11.280635, 53.092089], [-11.20709, 53.084729], [-11.133571, 53.077324], [-11.060077, 53.069873], [-10.986608, 53.062377], [-10.913165, 53.054835], [-10.839748, 53.047248], [-10.766357, 53.039616], [-10.692991, 53.031939], [-10.619652, 53.024216], [-10.546339, 53.016448], [-10.473053, 53.008635], [-10.399792, 53.000777], [-10.326559, 52.992874], [-10.253353, 52.984925], [-10.180173, 52.976932], [-10.10702, 52.968893], [-10.033895, 52.96081], [-9.960797, 52.952681], [-9.887727, 52.944508], [-9.814684, 52.936289], [-9.741668, 52.928026], [-9.668681, 52.919718], [-9.595722, 52.911365], [-9.522791, 52.902967], [-9.449888, 52.894525], [-9.377014, 52.886037], [-9.304168, 52.877505], [-9.23135, 52.868929], [-9.158562, 52.860308], [-9.085802, 52.851642], [-9.013072, 52.842931], [-8.940371, 52.834176], [-8.867699, 52.825377], [-8.795056, 52.816533], [-8.722443, 52.807644], [-8.64986, 52.798711], [-8.577306, 52.789734], [-8.504783, 52.780712], [-8.432289, 52.771646], [-8.359826, 52.762536], [-8.287393, 52.753382], [-8.21499, 52.744183], [-8.142618, 52.73494], [-8.070277, 52.725653], [-7.997966, 52.716322], [-7.925686, 52.706947], [-7.853438, 52.697527], [-7.78122, 52.688064], [-7.709034, 52.678557], [-7.63688, 52.669005], [-7.564756, 52.65941], [-7.492665, 52.649771], [-7.420605, 52.640088], [-7.348577, 52.630361], [-7.276581, 52.620591], [-7.204618, 52.610776], [-7.132686, 52.600918], [-7.060787, 52.591017], [-6.98892, 52.581071], [-6.917086, 52.571082], [-6.845285, 52.56105], [-6.773516, 52.550974], [-6.701781, 52.540854], [-6.630078, 52.530691], [-6.558409, 52.520485], [-6.486773, 52.510235], [-6.41517, 52.499942], [-6.343601, 52.489605], [-6.272065, 52.479225], [-6.200563, 52.468802], [-6.129095, 52.458336], [-6.057661, 52.447827], [-5.986261, 52.437274], [-5.914896, 52.426678], [-5.843564, 52.41604], [-5.772267, 52.405358], [-5.701004, 52.394633], [-5.629776, 52.383865], [-5.558583, 52.373055], [-5.487424, 52.362201], [-5.416301, 52.351305], [-5.345212, 52.340366], [-5.274159, 52.329384], [-5.203141, 52.318359], [-5.132158, 52.307292], [-5.061211, 52.296182], [-4.990299, 52.285029], [-4.919423, 52.273834], [-4.848583, 52.262596], [-4.777778, 52.251316], [-4.70701, 52.239993], [-4.636278, 52.228628], [-4.565581, 52.21722], [-4.494921, 52.20577], [-4.424298, 52.194278], [-4.353711, 52.182744], [-4.28316, 52.171167], [-4.212647, 52.159548], [-4.14217, 52.147887], [-4.071729, 52.136184], [-4.001326, 52.124439], [-3.93096, 52.112652], [-3.860631, 52.100822], [-3.79034, 52.088951], [-3.720085, 52.077038], [-3.649869, 52.065083], [-3.579689, 52.053086], [-3.509548, 52.041048], [-3.439444, 52.028967], [-3.369378, 52.016845], [-3.29935, 52.004682], [-3.22936, 51.992476], [-3.159408, 51.980229], [-3.089494, 51.967941], [-3.019618, 51.955611], [-2.949781, 51.943239], [-2.879983, 51.930827], [-2.810223, 51.918372], [-2.740501, 51.905877], [-2.670819, 51.89334], [-2.601175, 51.880762], [-2.53157, 51.868142], [-2.462004, 51.855481], [-2.392477, 51.84278], [-2.32299, 51.830037], [-2.253541, 51.817253], [-2.184132, 51.804428], [-2.114763, 51.791562], [-2.045433, 51.778655], [-1.976142, 51.765708], [-1.906892, 51.752719], [-1.837681, 51.73969], [-1.76851, 51.72662], [-1.699379, 51.713509], [-1.630288, 51.700358], [-1.561237, 51.687165], [-1.492226, 51.673933], [-1.423255, 51.660659], [-1.354325, 51.647346], [-1.285436, 51.633991], [-1.216586, 51.620597], [-1.147778, 51.607162], [-1.07901, 51.593686], [-1.010283, 51.580171], [-0.941596, 51.566615], [-0.872951, 51.553019], [-0.804346, 51.539382], [-0.735783, 51.525706], [-0.66726, 51.511989], [-0.598779, 51.498233], [-0.530339, 51.484436], [-0.461941, 51.4706]]}, "properties": {"start_iata": "JFK", "start_name": "John F Kennedy International Airport", "start_city_country": "New York, United States", "end_iata": "LHR", "end_name": "London Heathrow Airport", "end_city_country": "London, United Kingdom", "dist": 3451, "dur": 435.0, "domint": "International", "count": 1, "earliest_date": "2026-05-09", "latest_date": "2026-05-09", "date_string": "2026-05-09 00:00:00", "class_hist": "Economy,1", "airline_hist": "Virgin Atlantic,1", "flight_string": "VS46", "origin_hist": "JFK,1"}}, {"type": "Feature", "geometry": {"type": "LineString", "coordinates": [[144.843002, -37.673302], [144.822211, -37.631448], [144.801443, -37.58959], [144.780698, -37.547727], [144.759976, -37.505861], [144.739278, -37.463991], [144.718602, -37.422117], [144.69795, -37.38024], [144.67732, -37.338358], [144.656714, -37.296472], [144.63613, -37.254583], [144.615569, -37.212689], [144.595031, -37.170792], [144.574515, -37.128891], [144.554022, -37.086986], [144.533552, -37.045077], [144.513104, -37.003165], [144.492678, -36.961248], [144.472275, -36.919328], [144.451895, -36.877404], [144.431536, -36.835476], [144.4112, -36.793545], [144.390886, -36.751609], [144.370594, -36.70967], [144.350324, -36.667727], [144.330076, -36.625781], [144.30985, -36.58383], [144.289645, -36.541876], [144.269463, -36.499919], [144.249303, -36.457957], [144.229164, -36.415992], [144.209046, -36.374023], [144.188951, -36.33205], [144.168877, -36.290074], [144.148824, -36.248094], [144.128793, -36.206111], [144.108783, -36.164124], [144.088795, -36.122133], [144.068828, -36.080138], [144.048882, -36.03814], [144.028957, -35.996139], [144.009053, -35.954133], [143.989171, -35.912125], [143.969309, -35.870112], [143.949469, -35.828096], [143.929649, -35.786076], [143.90985, -35.744053], [143.890072, -35.702027], [143.870315, -35.659996], [143.850578, -35.617963], [143.830862, -35.575925], [143.811167, -35.533885], [143.791492, -35.49184], [143.771838, -35.449792], [143.752204, -35.407741], [143.73259, -35.365686], [143.712997, -35.323628], [143.693424, -35.281566], [143.673872, -35.239501], [143.654339, -35.197433], [143.634827, -35.155361], [143.615335, -35.113285], [143.595862, -35.071206], [143.57641, -35.029124], [143.556978, -34.987038], [143.537565, -34.944949], [143.518173, -34.902856], [143.4988, -34.86076], [143.479447, -34.818661], [143.460113, -34.776559], [143.4408, -34.734453], [143.421505, -34.692343], [143.402231, -34.65023], [143.382976, -34.608114], [143.36374, -34.565995], [143.344524, -34.523872], [143.325327, -34.481746], [143.306149, -34.439617], [143.28699, -34.397484], [143.267851, -34.355349], [143.248731, -34.313209], [143.22963, -34.271067], [143.210548, -34.228921], [143.191485, -34.186772], [143.172441, -34.14462], [143.153416, -34.102465], [143.134409, -34.060306], [143.115422, -34.018144], [143.096453, -33.975979], [143.077503, -33.933811], [143.058572, -33.891639], [143.039659, -33.849464], [143.020765, -33.807286], [143.00189, -33.765105], [142.983033, -33.722921], [142.964194, -33.680734], [142.945374, -33.638543], [142.926572, -33.596349], [142.907788, -33.554152], [142.889023, -33.511952], [142.870276, -33.469749], [142.851547, -33.427543], [142.832836, -33.385334], [142.814143, -33.343121], [142.795468, -33.300905], [142.776812, -33.258687], [142.758173, -33.216465], [142.739552, -33.17424], [142.720949, -33.132012], [142.702364, -33.089781], [142.683796, -33.047547], [142.665246, -33.00531], [142.646714, -32.96307], [142.6282, -32.920827], [142.609703, -32.878581], [142.591224, -32.836332], [142.572762, -32.794079], [142.554317, -32.751824], [142.53589, -32.709566], [142.517481, -32.667305], [142.499088, -32.625041], [142.480713, -32.582774], [142.462356, -32.540503], [142.444015, -32.49823], [142.425692, -32.455954], [142.407385, -32.413675], [142.389096, -32.371393], [142.370824, -32.329109], [142.352568, -32.286821], [142.33433, -32.24453], [142.316109, -32.202236], [142.297904, -32.15994], [142.279716, -32.11764], [142.261545, -32.075338], [142.243391, -32.033033], [142.225253, -31.990725], [142.207132, -31.948414], [142.189028, -31.9061], [142.17094, -31.863783], [142.152869, -31.821464], [142.134814, -31.779141], [142.116776, -31.736816], [142.098754, -31.694488], [142.080748, -31.652157], [142.062759, -31.609824], [142.044786, -31.567487], [142.026829, -31.525148], [142.008889, -31.482806], [141.990964, -31.440461], [141.973056, -31.398113], [141.955164, -31.355763], [141.937288, -31.313409], [141.919427, -31.271053], [141.901583, -31.228695], [141.883755, -31.186333], [141.865942, -31.143969], [141.848146, -31.101602], [141.830365, -31.059232], [141.8126, -31.01686], [141.79485, -30.974484], [141.777116, -30.932107], [141.759398, -30.889726], [141.741696, -30.847343], [141.724009, -30.804957], [141.706338, -30.762568], [141.688682, -30.720177], [141.671041, -30.677783], [141.653416, -30.635386], [141.635806, -30.592986], [141.618212, -30.550584], [141.600633, -30.50818], [141.583069, -30.465772], [141.56552, -30.423362], [141.547987, -30.38095], [141.530469, -30.338534], [141.512965, -30.296117], [141.495477, -30.253696], [141.478004, -30.211273], [141.460546, -30.168847], [141.443103, -30.126419], [141.425674, -30.083988], [141.408261, -30.041555], [141.390862, -29.999119], [141.373479, -29.95668], [141.35611, -29.914239], [141.338755, -29.871795], [141.321416, -29.829349], [141.304091, -29.7869], [141.28678, -29.744449], [141.269484, -29.701995], [141.252203, -29.659539], [141.234936, -29.61708], [141.217684, -29.574618], [141.200446, -29.532154], [141.183223, -29.489688], [141.166014, -29.447219], [141.148819, -29.404747], [141.131639, -29.362273], [141.114472, -29.319797], [141.09732, -29.277318], [141.080183, -29.234836], [141.063059, -29.192353], [141.045949, -29.149866], [141.028854, -29.107378], [141.011772, -29.064886], [140.994705, -29.022393], [140.977652, -28.979897], [140.960612, -28.937398], [140.943586, -28.894897], [140.926575, -28.852394], [140.909577, -28.809888], [140.892592, -28.76738], [140.875622, -28.724869], [140.858665, -28.682356], [140.841722, -28.639841], [140.824793, -28.597323], [140.807877, -28.554803], [140.790975, -28.512281], [140.774087, -28.469756], [140.757212, -28.427228], [140.74035, -28.384699], [140.723502, -28.342167], [140.706667, -28.299633], [140.689846, -28.257096], [140.673038, -28.214557], [140.656243, -28.172016], [140.639462, -28.129472], [140.622694, -28.086926], [140.605939, -28.044378], [140.589197, -28.001828], [140.572469, -27.959275], [140.555753, -27.91672], [140.539051, -27.874162], [140.522362, -27.831602], [140.505685, -27.78904], [140.489022, -27.746476], [140.472372, -27.70391], [140.455734, -27.661341], [140.43911, -27.61877], [140.422498, -27.576197], [140.405899, -27.533621], [140.389313, -27.491043], [140.372739, -27.448463], [140.356179, -27.405881], [140.339631, -27.363296], [140.323096, -27.32071], [140.306573, -27.278121], [140.290063, -27.23553], [140.273565, -27.192936], [140.25708, -27.150341], [140.240608, -27.107743], [140.224148, -27.065143], [140.2077, -27.022541], [140.191265, -26.979937], [140.174843, -26.937331], [140.158432, -26.894722], [140.142034, -26.852111], [140.125648, -26.809498], [140.109274, -26.766883], [140.092913, -26.724266], [140.076564, -26.681647], [140.060227, -26.639025], [140.043902, -26.596402], [140.027589, -26.553776], [140.011288, -26.511148], [139.995, -26.468518], [139.978723, -26.425886], [139.962458, -26.383252], [139.946205, -26.340615], [139.929964, -26.297977], [139.913735, -26.255336], [139.897518, -26.212694], [139.881313, -26.170049], [139.865119, -26.127402], [139.848937, -26.084754], [139.832767, -26.042103], [139.816609, -25.99945], [139.800462, -25.956795], [139.784327, -25.914138], [139.768203, -25.871479], [139.752091, -25.828818], [139.735991, -25.786155], [139.719902, -25.743489], [139.703824, -25.700822], [139.687759, -25.658153], [139.671704, -25.615482], [139.655661, -25.572808], [139.639629, -25.530133], [139.623609, -25.487456], [139.6076, -25.444777], [139.591602, -25.402095], [139.575615, -25.359412], [139.55964, -25.316727], [139.543676, -25.27404], [139.527723, -25.23135], [139.511781, -25.188659], [139.49585, -25.145966], [139.479931, -25.103271], [139.464022, -25.060574], [139.448125, -25.017875], [139.432238, -24.975174], [139.416362, -24.932471], [139.400498, -24.889767], [139.384644, -24.84706], [139.368801, -24.804351], [139.352969, -24.761641], [139.337148, -24.718928], [139.321337, -24.676214], [139.305538, -24.633498], [139.289749, -24.590779], [139.273971, -24.548059], [139.258203, -24.505337], [139.242446, -24.462613], [139.2267, -24.419888], [139.210964, -24.37716], [139.195239, -24.334431], [139.179525, -24.291699], [139.163821, -24.248966], [139.148127, -24.206231], [139.132444, -24.163494], [139.116772, -24.120755], [139.101109, -24.078015], [139.085458, -24.035272], [139.069816, -23.992528], [139.054185, -23.949782], [139.038564, -23.907034], [139.022954, -23.864284], [139.007353, -23.821532], [138.991763, -23.778779], [138.976183, -23.736023], [138.960614, -23.693266], [138.945054, -23.650508], [138.929504, -23.607747], [138.913965, -23.564984], [138.898436, -23.52222], [138.882916, -23.479454], [138.867407, -23.436686], [138.851908, -23.393917], [138.836418, -23.351146], [138.820939, -23.308372], [138.805469, -23.265598], [138.790009, -23.222821], [138.77456, -23.180043], [138.75912, -23.137262], [138.743689, -23.094481], [138.728269, -23.051697], [138.712858, -23.008912], [138.697457, -22.966125], [138.682066, -22.923336], [138.666684, -22.880545], [138.651312, -22.837753], [138.63595, -22.794959], [138.620597, -22.752163], [138.605253, -22.709366], [138.58992, -22.666567], [138.574595, -22.623766], [138.559281, -22.580964], [138.543975, -22.53816], [138.52868, -22.495354], [138.513393, -22.452546], [138.498116, -22.409737], [138.482848, -22.366926], [138.46759, -22.324114], [138.452341, -22.2813], [138.437101, -22.238484], [138.421871, -22.195667], [138.406649, -22.152847], [138.391437, -22.110027], [138.376234, -22.067204], [138.361041, -22.02438], [138.345856, -21.981555], [138.33068, -21.938727], [138.315514, -21.895898], [138.300357, -21.853068], [138.285208, -21.810236], [138.270069, -21.767402], [138.254939, -21.724567], [138.239817, -21.68173], [138.224705, -21.638891], [138.209601, -21.596051], [138.194507, -21.553209], [138.179421, -21.510366], [138.164344, -21.467521], [138.149276, -21.424674], [138.134216, -21.381826], [138.119166, -21.338977], [138.104124, -21.296125], [138.089091, -21.253273], [138.074066, -21.210418], [138.059051, -21.167563], [138.044043, -21.124705], [138.029045, -21.081846], [138.014055, -21.038986], [137.999074, -20.996124], [137.984101, -20.95326], [137.969137, -20.910395], [137.954181, -20.867528], [137.939234, -20.82466], [137.924295, -20.78179], [137.909364, -20.738919], [137.894443, -20.696047], [137.879529, -20.653172], [137.864624, -20.610297], [137.849727, -20.567419], [137.834838, -20.524541], [137.819958, -20.481661], [137.805086, -20.438779], [137.790222, -20.395896], [137.775367, -20.353011], [137.760519, -20.310125], [137.74568, -20.267237], [137.730849, -20.224348], [137.716026, -20.181458], [137.701211, -20.138566], [137.686405, -20.095673], [137.671606, -20.052778], [137.656815, -20.009881], [137.642033, -19.966984], [137.627258, -19.924085], [137.612492, -19.881184], [137.597733, -19.838282], [137.582982, -19.795378], [137.568239, -19.752474], [137.553504, -19.709567], [137.538777, -19.666659], [137.524058, -19.62375], [137.509347, -19.58084], [137.494643, -19.537928], [137.479947, -19.495015], [137.465259, -19.4521], [137.450578, -19.409184], [137.435906, -19.366266], [137.421241, -19.323347], [137.406583, -19.280427], [137.391933, -19.237505], [137.377291, -19.194582], [137.362657, -19.151658], [137.34803, -19.108732], [137.33341, -19.065805], [137.318798, -19.022876], [137.304194, -18.979947], [137.289597, -18.937015], [137.275007, -18.894083], [137.260425, -18.851149], [137.245851, -18.808214], [137.231283, -18.765277], [137.216724, -18.722339], [137.202171, -18.6794], [137.187626, -18.63646], [137.173088, -18.593518], [137.158557, -18.550575], [137.144034, -18.50763], [137.129518, -18.464684], [137.115009, -18.421737], [137.100507, -18.378789], [137.086013, -18.335839], [137.071525, -18.292888], [137.057045, -18.249936], [137.042572, -18.206982], [137.028106, -18.164027], [137.013647, -18.121071], [136.999195, -18.078114], [136.98475, -18.035155], [136.970313, -17.992195], [136.955882, -17.949234], [136.941458, -17.906272], [136.927041, -17.863308], [136.912631, -17.820343], [136.898228, -17.777377], [136.883832, -17.734409], [136.869442, -17.69144], [136.85506, -17.64847], [136.840684, -17.605499], [136.826315, -17.562527], [136.811953, -17.519553], [136.797598, -17.476578], [136.783249, -17.433602], [136.768907, -17.390625], [136.754572, -17.347646], [136.740243, -17.304666], [136.725921, -17.261686], [136.711606, -17.218703], [136.697297, -17.17572], [136.682995, -17.132735], [136.6687, -17.08975], [136.654411, -17.046763], [136.640129, -17.003775], [136.625853, -16.960785], [136.611583, -16.917795], [136.59732, -16.874803], [136.583064, -16.83181], [136.568814, -16.788816], [136.55457, -16.745821], [136.540333, -16.702825], [136.526102, -16.659827], [136.511878, -16.616829], [136.497659, -16.573829], [136.483448, -16.530828], [136.469242, -16.487826], [136.455043, -16.444823], [136.44085, -16.401818], [136.426663, -16.358813], [136.412482, -16.315806], [136.398308, -16.272798], [136.38414, -16.229789], [136.369977, -16.186779], [136.355821, -16.143768], [136.341672, -16.100756], [136.327528, -16.057743], [136.31339, -16.014728], [136.299259, -15.971713], [136.285133, -15.928696], [136.271013, -15.885678], [136.2569, -15.842659], [136.242792, -15.79964], [136.228691, -15.756619], [136.214595, -15.713596], [136.200505, -15.670573], [136.186421, -15.627549], [136.172343, -15.584524], [136.158271, -15.541497], [136.144205, -15.49847], [136.130144, -15.455441], [136.116089, -15.412412], [136.10204, -15.369381], [136.087997, -15.32635], [136.07396, -15.283317], [136.059928, -15.240283], [136.045902, -15.197248], [136.031882, -15.154212], [136.017867, -15.111175], [136.003858, -15.068138], [135.989855, -15.025099], [135.975857, -14.982059], [135.961865, -14.939018], [135.947879, -14.895976], [135.933898, -14.852933], [135.919922, -14.809889], [135.905952, -14.766844], [135.891988, -14.723798], [135.878029, -14.68075], [135.864075, -14.637702], [135.850127, -14.594653], [135.836184, -14.551603], [135.822247, -14.508552], [135.808315, -14.4655], [135.794389, -14.422447], [135.780468, -14.379393], [135.766552, -14.336338], [135.752641, -14.293283], [135.738736, -14.250226], [135.724836, -14.207168], [135.710941, -14.164109], [135.697052, -14.121049], [135.683168, -14.077989], [135.669288, -14.034927], [135.655415, -13.991864], [135.641546, -13.948801], [135.627682, -13.905736], [135.613824, -13.862671], [135.599971, -13.819604], [135.586122, -13.776537], [135.572279, -13.733469], [135.558441, -13.6904], [135.544608, -13.64733], [135.53078, -13.604259], [135.516957, -13.561187], [135.503139, -13.518114], [135.489326, -13.47504], [135.475517, -13.431965], [135.461714, -13.38889], [135.447916, -13.345813], [135.434122, -13.302736], [135.420334, -13.259658], [135.40655, -13.216579], [135.392771, -13.173499], [135.378997, -13.130418], [135.365228, -13.087336], [135.351463, -13.044253], [135.337704, -13.00117], [135.323949, -12.958085], [135.310198, -12.915], [135.296453, -12.871914], [135.282712, -12.828827], [135.268976, -12.785739], [135.255244, -12.74265], [135.241517, -12.699561], [135.227795, -12.65647], [135.214078, -12.613379], [135.200365, -12.570287], [135.186656, -12.527194], [135.172952, -12.4841], [135.159253, -12.441005], [135.145558, -12.39791], [135.131867, -12.354814], [135.118182, -12.311717], [135.1045, -12.268619], [135.090823, -12.22552], [135.077151, -12.18242], [135.063482, -12.13932], [135.049819, -12.096219], [135.036159, -12.053117], [135.022504, -12.010014], [135.008854, -11.96691], [134.995207, -11.923806], [134.981565, -11.880701], [134.967927, -11.837595], [134.954294, -11.794488], [134.940665, -11.751381], [134.92704, -11.708272], [134.913419, -11.665163], [134.899802, -11.622053], [134.88619, -11.578943], [134.872582, -11.535831], [134.858978, -11.492719], [134.845378, -11.449606], [134.831782, -11.406492], [134.81819, -11.363378], [134.804603, -11.320263], [134.791019, -11.277147], [134.77744, -11.23403], [134.763864, -11.190913], [134.750293, -11.147795], [134.736725, -11.104676], [134.723162, -11.061556], [134.709602, -11.018436], [134.696047, -10.975314], [134.682495, -10.932193], [134.668947, -10.88907], [134.655403, -10.845947], [134.641863, -10.802823], [134.628327, -10.759698], [134.614795, -10.716573], [134.601267, -10.673447], [134.587742, -10.63032], [134.574221, -10.587192], [134.560704, -10.544064], [134.547191, -10.500935], [134.533682, -10.457805], [134.520176, -10.414675], [134.506674, -10.371544], [134.493175, -10.328413], [134.479681, -10.28528], [134.46619, -10.242147], [134.452702, -10.199013], [134.439219, -10.155879], [134.425738, -10.112744], [134.412262, -10.069608], [134.398789, -10.026472], [134.38532, -9.983335], [134.371854, -9.940197], [134.358391, -9.897059], [134.344933, -9.85392], [134.331477, -9.81078], [134.318025, -9.76764], [134.304577, -9.724499], [134.291132, -9.681358], [134.277691, -9.638215], [134.264253, -9.595073], [134.250818, -9.551929], [134.237387, -9.508785], [134.223959, -9.46564], [134.210534, -9.422495], [134.197113, -9.379349], [134.183695, -9.336203], [134.17028, -9.293056], [134.156869, -9.249908], [134.143461, -9.206759], [134.130056, -9.163611], [134.116655, -9.120461], [134.103256, -9.077311], [134.089861, -9.03416], [134.076469, -8.991009], [134.06308, -8.947857], [134.049695, -8.904704], [134.036312, -8.861551], [134.022933, -8.818398], [134.009556, -8.775243], [133.996183, -8.732088], [133.982813, -8.688933], [133.969446, -8.645777], [133.956082, -8.602621], [133.942721, -8.559464], [133.929363, -8.516306], [133.916008, -8.473148], [133.902656, -8.429989], [133.889307, -8.38683], [133.875961, -8.34367], [133.862618, -8.300509], [133.849277, -8.257349], [133.83594, -8.214187], [133.822605, -8.171025], [133.809274, -8.127863], [133.795945, -8.0847], [133.782619, -8.041536], [133.769296, -7.998372], [133.755976, -7.955207], [133.742658, -7.912042], [133.729343, -7.868877], [133.716031, -7.82571], [133.702722, -7.782544], [133.689415, -7.739377], [133.676112, -7.696209], [133.66281, -7.653041], [133.649512, -7.609872], [133.636216, -7.566703], [133.622923, -7.523533], [133.609632, -7.480363], [133.596344, -7.437192], [133.583059, -7.394021], [133.569776, -7.35085], [133.556496, -7.307678], [133.543219, -7.264505], [133.529943, -7.221332], [133.516671, -7.178159], [133.503401, -7.134985], [133.490133, -7.09181], [133.476868, -7.048635], [133.463605, -7.00546], [133.450345, -6.962284], [133.437087, -6.919108], [133.423832, -6.875932], [133.410579, -6.832754], [133.397328, -6.789577], [133.38408, -6.746399], [133.370834, -6.70322], [133.35759, -6.660042], [133.344349, -6.616862], [133.33111, -6.573683], [133.317873, -6.530502], [133.304639, -6.487322], [133.291407, -6.444141], [133.278177, -6.40096], [133.264949, -6.357778], [133.251724, -6.314595], [133.2385, -6.271413], [133.225279, -6.22823], [133.21206, -6.185046], [133.198843, -6.141863], [133.185629, -6.098678], [133.172416, -6.055494], [133.159206, -6.012309], [133.145997, -5.969123], [133.132791, -5.925938], [133.119587, -5.882751], [133.106384, -5.839565], [133.093184, -5.796378], [133.079986, -5.753191], [133.06679, -5.710003], [133.053595, -5.666815], [133.040403, -5.623627], [133.027213, -5.580438], [133.014024, -5.537249], [133.000838, -5.494059], [132.987653, -5.450869], [132.97447, -5.407679], [132.96129, -5.364489], [132.948111, -5.321298], [132.934933, -5.278107], [132.921758, -5.234915], [132.908585, -5.191723], [132.895413, -5.148531], [132.882243, -5.105338], [132.869075, -5.062145], [132.855908, -5.018952], [132.842743, -4.975759], [132.82958, -4.932565], [132.816419, -4.889371], [132.80326, -4.846176], [132.790102, -4.802981], [132.776945, -4.759786], [132.763791, -4.716591], [132.750638, -4.673395], [132.737486, -4.630199], [132.724336, -4.587003], [132.711188, -4.543806], [132.698042, -4.500609], [132.684896, -4.457412], [132.671753, -4.414215], [132.658611, -4.371017], [132.64547, -4.327819], [132.632331, -4.284621], [132.619193, -4.241422], [132.606057, -4.198223], [132.592923, -4.155024], [132.579789, -4.111825], [132.566658, -4.068625], [132.553527, -4.025425], [132.540398, -3.982225], [132.52727, -3.939025], [132.514144, -3.895824], [132.501019, -3.852623], [132.487895, -3.809422], [132.474773, -3.76622], [132.461652, -3.723019], [132.448532, -3.679817], [132.435413, -3.636615], [132.422296, -3.593412], [132.40918, -3.55021], [132.396065, -3.507007], [132.382952, -3.463804], [132.369839, -3.420601], [132.356728, -3.377397], [132.343618, -3.334193], [132.330509, -3.29099], [132.317401, -3.247785], [132.304294, -3.204581], [132.291189, -3.161377], [132.278084, -3.118172], [132.264981, -3.074967], [132.251878, -3.031762], [132.238777, -2.988556], [132.225676, -2.945351], [132.212577, -2.902145], [132.199479, -2.858939], [132.186381, -2.815733], [132.173285, -2.772527], [132.16019, -2.72932], [132.147095, -2.686114], [132.134001, -2.642907], [132.120909, -2.5997], [132.107817, -2.556493], [132.094726, -2.513286], [132.081636, -2.470078], [132.068547, -2.426871], [132.055458, -2.383663], [132.042371, -2.340455], [132.029284, -2.297247], [132.016198, -2.254039], [132.003113, -2.21083], [131.990028, -2.167622], [131.976945, -2.124413], [131.963862, -2.081205], [131.950779, -2.037996], [131.937698, -1.994787], [131.924617, -1.951577], [131.911537, -1.908368], [131.898457, -1.865159], [131.885378, -1.821949], [131.8723, -1.77874], [131.859222, -1.73553], [131.846145, -1.69232], [131.833068, -1.64911], [131.819993, -1.6059], [131.806917, -1.56269], [131.793842, -1.51948], [131.780768, -1.476269], [131.767694, -1.433059], [131.754621, -1.389848], [131.741548, -1.346638], [131.728475, -1.303427], [131.715403, -1.260216], [131.702332, -1.217005], [131.689261, -1.173794], [131.67619, -1.130583], [131.663119, -1.087372], [131.65005, -1.044161], [131.63698, -1.000949], [131.623911, -0.957738], [131.610842, -0.914527], [131.597773, -0.871315], [131.584705, -0.828104], [131.571637, -0.784892], [131.558569, -0.741681], [131.545501, -0.698469], [131.532434, -0.655257], [131.519367, -0.612046], [131.5063, -0.568834], [131.493233, -0.525622], [131.480167, -0.48241], [131.467101, -0.439198], [131.454034, -0.395986], [131.440968, -0.352775], [131.427902, -0.309563], [131.414837, -0.266351], [131.401771, -0.223139], [131.388705, -0.179927], [131.37564, -0.136715], [131.362574, -0.093503], [131.349509, -0.050291], [131.336443, -0.007079], [131.323378, 0.036133], [131.310312, 0.079345], [131.297247, 0.122558], [131.284181, 0.16577], [131.271115, 0.208982], [131.25805, 0.252194], [131.244984, 0.295405], [131.231918, 0.338617], [131.218852, 0.381829], [131.205786, 0.425041], [131.19272, 0.468253], [131.179653, 0.511465], [131.166586, 0.554677], [131.15352, 0.597889], [131.140453, 0.6411], [131.127385, 0.684312], [131.114318, 0.727524], [131.10125, 0.770735], [131.088182, 0.813947], [131.075114, 0.857158], [131.062045, 0.90037], [131.048977, 0.943581], [131.035907, 0.986793], [131.022838, 1.030004], [131.009768, 1.073215], [130.996698, 1.116426], [130.983627, 1.159637], [130.970556, 1.202848], [130.957485, 1.246059], [130.944413, 1.28927], [130.931341, 1.332481], [130.918268, 1.375691], [130.905195, 1.418902], [130.892121, 1.462113], [130.879047, 1.505323], [130.865972, 1.548533], [130.852897, 1.591743], [130.839821, 1.634954], [130.826745, 1.678164], [130.813668, 1.721373], [130.80059, 1.764583], [130.787512, 1.807793], [130.774433, 1.851002], [130.761354, 1.894212], [130.748274, 1.937421], [130.735193, 1.98063], [130.722112, 2.02384], [130.70903, 2.067048], [130.695947, 2.110257], [130.682864, 2.153466], [130.66978, 2.196674], [130.656695, 2.239883], [130.643609, 2.283091], [130.630522, 2.326299], [130.617435, 2.369507], [130.604347, 2.412715], [130.591258, 2.455923], [130.578168, 2.49913], [130.565078, 2.542337], [130.551986, 2.585545], [130.538894, 2.628752], [130.5258, 2.671958], [130.512706, 2.715165], [130.499611, 2.758372], [130.486515, 2.801578], [130.473418, 2.844784], [130.46032, 2.88799], [130.447221, 2.931196], [130.434121, 2.974401], [130.42102, 3.017607], [130.407918, 3.060812], [130.394815, 3.104017], [130.38171, 3.147222], [130.368605, 3.190426], [130.355499, 3.233631], [130.342391, 3.276835], [130.329283, 3.320039], [130.316173, 3.363243], [130.303062, 3.406446], [130.28995, 3.44965], [130.276837, 3.492853], [130.263722, 3.536056], [130.250607, 3.579258], [130.23749, 3.622461], [130.224372, 3.665663], [130.211252, 3.708865], [130.198132, 3.752067], [130.18501, 3.795268], [130.171886, 3.838469], [130.158762, 3.88167], [130.145636, 3.924871], [130.132509, 3.968072], [130.11938, 4.011272], [130.10625, 4.054472], [130.093119, 4.097672], [130.079986, 4.140871], [130.066852, 4.18407], [130.053716, 4.227269], [130.040579, 4.270468], [130.02744, 4.313666], [130.0143, 4.356865], [130.001159, 4.400062], [129.988015, 4.44326], [129.974871, 4.486457], [129.961725, 4.529654], [129.948577, 4.572851], [129.935428, 4.616047], [129.922277, 4.659243], [129.909124, 4.702439], [129.89597, 4.745635], [129.882814, 4.78883], [129.869657, 4.832025], [129.856498, 4.875219], [129.843337, 4.918414], [129.830175, 4.961608], [129.817011, 5.004801], [129.803845, 5.047995], [129.790677, 5.091188], [129.777508, 5.13438], [129.764336, 5.177572], [129.751164, 5.220764], [129.737989, 5.263956], [129.724812, 5.307147], [129.711634, 5.350338], [129.698454, 5.393529], [129.685271, 5.436719], [129.672087, 5.479909], [129.658902, 5.523099], [129.645714, 5.566288], [129.632524, 5.609477], [129.619332, 5.652666], [129.606139, 5.695854], [129.592943, 5.739041], [129.579746, 5.782229], [129.566546, 5.825416], [129.553345, 5.868603], [129.540141, 5.911789], [129.526935, 5.954975], [129.513727, 5.99816], [129.500518, 6.041345], [129.487306, 6.08453], [129.474092, 6.127715], [129.460876, 6.170899], [129.447657, 6.214082], [129.434437, 6.257265], [129.421214, 6.300448], [129.40799, 6.34363], [129.394763, 6.386812], [129.381533, 6.429994], [129.368302, 6.473175], [129.355068, 6.516356], [129.341832, 6.559536], [129.328594, 6.602716], [129.315353, 6.645895], [129.302111, 6.689074], [129.288865, 6.732253], [129.275618, 6.775431], [129.262368, 6.818609], [129.249116, 6.861786], [129.235861, 6.904963], [129.222604, 6.948139], [129.209345, 6.991315], [129.196083, 7.03449], [129.182819, 7.077665], [129.169552, 7.12084], [129.156283, 7.164014], [129.143011, 7.207188], [129.129736, 7.250361], [129.11646, 7.293534], [129.10318, 7.336706], [129.089898, 7.379878], [129.076614, 7.423049], [129.063327, 7.46622], [129.050037, 7.50939], [129.036745, 7.55256], [129.02345, 7.595729], [129.010152, 7.638898], [128.996852, 7.682066], [128.983549, 7.725234], [128.970243, 7.768401], [128.956935, 7.811568], [128.943624, 7.854734], [128.93031, 7.8979], [128.916993, 7.941066], [128.903674, 7.98423], [128.890352, 8.027395], [128.877027, 8.070558], [128.863699, 8.113722], [128.850368, 8.156884], [128.837035, 8.200046], [128.823698, 8.243208], [128.810359, 8.286369], [128.797017, 8.32953], [128.783671, 8.37269], [128.770323, 8.415849], [128.756972, 8.459008], [128.743618, 8.502166], [128.730261, 8.545324], [128.716901, 8.588482], [128.703538, 8.631638], [128.690172, 8.674794], [128.676803, 8.71795], [128.663431, 8.761105], [128.650056, 8.804259], [128.636677, 8.847413], [128.623296, 8.890567], [128.609911, 8.933719], [128.596523, 8.976871], [128.583132, 9.020023], [128.569738, 9.063174], [128.556341, 9.106324], [128.54294, 9.149474], [128.529537, 9.192623], [128.51613, 9.235772], [128.502719, 9.27892], [128.489306, 9.322067], [128.475889, 9.365214], [128.462469, 9.40836], [128.449045, 9.451505], [128.435619, 9.49465], [128.422188, 9.537794], [128.408755, 9.580938], [128.395318, 9.624081], [128.381877, 9.667223], [128.368434, 9.710365], [128.354986, 9.753506], [128.341536, 9.796647], [128.328082, 9.839787], [128.314624, 9.882926], [128.301163, 9.926064], [128.287698, 9.969202], [128.27423, 10.01234], [128.260758, 10.055476], [128.247283, 10.098612], [128.233804, 10.141747], [128.220321, 10.184882], [128.206835, 10.228016], [128.193345, 10.271149], [128.179852, 10.314282], [128.166354, 10.357413], [128.152854, 10.400545], [128.139349, 10.443675], [128.125841, 10.486805], [128.112329, 10.529934], [128.098813, 10.573063], [128.085293, 10.61619], [128.07177, 10.659317], [128.058243, 10.702444], [128.044712, 10.745569], [128.031177, 10.788694], [128.017639, 10.831819], [128.004096, 10.874942], [127.99055, 10.918065], [127.976999, 10.961187], [127.963445, 11.004308], [127.949887, 11.047429], [127.936325, 11.090549], [127.922758, 11.133668], [127.909188, 11.176786], [127.895614, 11.219904], [127.882036, 11.263021], [127.868454, 11.306137], [127.854867, 11.349253], [127.841277, 11.392367], [127.827683, 11.435481], [127.814084, 11.478594], [127.800481, 11.521707], [127.786874, 11.564819], [127.773263, 11.607929], [127.759648, 11.65104], [127.746029, 11.694149], [127.732405, 11.737257], [127.718777, 11.780365], [127.705145, 11.823472], [127.691509, 11.866579], [127.677868, 11.909684], [127.664223, 11.952789], [127.650574, 11.995892], [127.63692, 12.038995], [127.623263, 12.082098], [127.6096, 12.125199], [127.595933, 12.1683], [127.582262, 12.2114], [127.568587, 12.254499], [127.554907, 12.297597], [127.541222, 12.340694], [127.527533, 12.383791], [127.51384, 12.426887], [127.500142, 12.469981], [127.48644, 12.513075], [127.472733, 12.556169], [127.459021, 12.599261], [127.445305, 12.642353], [127.431584, 12.685443], [127.417859, 12.728533], [127.404129, 12.771622], [127.390394, 12.81471], [127.376655, 12.857798], [127.362911, 12.900884], [127.349162, 12.94397], [127.335409, 12.987054], [127.321651, 13.030138], [127.307888, 13.073221], [127.29412, 13.116303], [127.280348, 13.159384], [127.26657, 13.202465], [127.252788, 13.245544], [127.239001, 13.288623], [127.225209, 13.3317], [127.211412, 13.374777], [127.197611, 13.417853], [127.183804, 13.460928], [127.169993, 13.504002], [127.156176, 13.547075], [127.142355, 13.590147], [127.128528, 13.633219], [127.114697, 13.676289], [127.100861, 13.719359], [127.087019, 13.762427], [127.073172, 13.805495], [127.059321, 13.848561], [127.045464, 13.891627], [127.031602, 13.934692], [127.017735, 13.977756], [127.003863, 14.020819], [126.989986, 14.063881], [126.976103, 14.106942], [126.962215, 14.150002], [126.948322, 14.193061], [126.934424, 14.236119], [126.920521, 14.279176], [126.906612, 14.322233], [126.892698, 14.365288], [126.878778, 14.408342], [126.864854, 14.451395], [126.850923, 14.494448], [126.836988, 14.537499], [126.823047, 14.580549], [126.809101, 14.623599], [126.795149, 14.666647], [126.781192, 14.709695], [126.767229, 14.752741], [126.753261, 14.795786], [126.739287, 14.838831], [126.725308, 14.881874], [126.711323, 14.924916], [126.697333, 14.967958], [126.683337, 15.010998], [126.669336, 15.054037], [126.655328, 15.097075], [126.641316, 15.140113], [126.627297, 15.183149], [126.613273, 15.226184], [126.599243, 15.269218], [126.585208, 15.312251], [126.571167, 15.355283], [126.557119, 15.398314], [126.543067, 15.441344], [126.529008, 15.484373], [126.514944, 15.527401], [126.500873, 15.570428], [126.486797, 15.613453], [126.472715, 15.656478], [126.458627, 15.699501], [126.444534, 15.742524], [126.430434, 15.785545], [126.416328, 15.828565], [126.402217, 15.871585], [126.388099, 15.914603], [126.373975, 15.95762], [126.359846, 16.000636], [126.34571, 16.04365], [126.331568, 16.086664], [126.317421, 16.129677], [126.303267, 16.172688], [126.289106, 16.215699], [126.27494, 16.258708], [126.260768, 16.301716], [126.246589, 16.344723], [126.232404, 16.387729], [126.218213, 16.430734], [126.204016, 16.473737], [126.189813, 16.51674], [126.175603, 16.559741], [126.161387, 16.602741], [126.147164, 16.64574], [126.132936, 16.688738], [126.1187, 16.731735], [126.104459, 16.77473], [126.090211, 16.817725], [126.075957, 16.860718], [126.061696, 16.90371], [126.047429, 16.946701], [126.033155, 16.989691], [126.018875, 17.032679], [126.004588, 17.075666], [125.990294, 17.118653], [125.975995, 17.161638], [125.961688, 17.204621], [125.947375, 17.247604], [125.933055, 17.290585], [125.918729, 17.333565], [125.904396, 17.376544], [125.890056, 17.419522], [125.87571, 17.462499], [125.861357, 17.505474], [125.846997, 17.548448], [125.83263, 17.591421], [125.818256, 17.634392], [125.803876, 17.677363], [125.789489, 17.720332], [125.775095, 17.7633], [125.760694, 17.806266], [125.746286, 17.849232], [125.731872, 17.892196], [125.71745, 17.935159], [125.703022, 17.97812], [125.688586, 18.021081], [125.674143, 18.06404], [125.659694, 18.106998], [125.645237, 18.149954], [125.630774, 18.19291], [125.616303, 18.235864], [125.601825, 18.278816], [125.58734, 18.321768], [125.572848, 18.364718], [125.558348, 18.407667], [125.543842, 18.450614], [125.529328, 18.49356], [125.514807, 18.536505], [125.500279, 18.579449], [125.485743, 18.622391], [125.471201, 18.665332], [125.456651, 18.708272], [125.442093, 18.75121], [125.427528, 18.794147], [125.412956, 18.837083], [125.398376, 18.880017], [125.383789, 18.92295], [125.369195, 18.965882], [125.354593, 19.008812], [125.339983, 19.051741], [125.325366, 19.094668], [125.310742, 19.137595], [125.29611, 19.180519], [125.28147, 19.223443], [125.266823, 19.266365], [125.252168, 19.309286], [125.237505, 19.352205], [125.222835, 19.395123], [125.208157, 19.43804], [125.193472, 19.480955], [125.178778, 19.523869], [125.164077, 19.566781], [125.149368, 19.609692], [125.134651, 19.652602], [125.119927, 19.69551], [125.105195, 19.738417], [125.090454, 19.781322], [125.075706, 19.824226], [125.06095, 19.867128], [125.046186, 19.91003], [125.031414, 19.952929], [125.016634, 19.995827], [125.001846, 20.038724], [124.98705, 20.08162], [124.972246, 20.124513], [124.957434, 20.167406], [124.942614, 20.210297], [124.927785, 20.253186], [124.912949, 20.296074], [124.898104, 20.338961], [124.883251, 20.381846], [124.86839, 20.42473], [124.853521, 20.467612], [124.838643, 20.510492], [124.823757, 20.553372], [124.808863, 20.596249], [124.793961, 20.639126], [124.77905, 20.682], [124.764131, 20.724873], [124.749203, 20.767745], [124.734267, 20.810615], [124.719323, 20.853484], [124.70437, 20.896351], [124.689408, 20.939217], [124.674438, 20.982081], [124.65946, 21.024943], [124.644473, 21.067804], [124.629477, 21.110664], [124.614473, 21.153522], [124.59946, 21.196378], [124.584438, 21.239233], [124.569408, 21.282086], [124.554369, 21.324938], [124.539321, 21.367788], [124.524265, 21.410637], [124.509199, 21.453484], [124.494125, 21.496329], [124.479042, 21.539173], [124.463951, 21.582015], [124.44885, 21.624856], [124.43374, 21.667695], [124.418622, 21.710533], [124.403495, 21.753368], [124.388358, 21.796203], [124.373213, 21.839035], [124.358058, 21.881866], [124.342895, 21.924696], [124.327722, 21.967524], [124.312541, 22.01035], [124.29735, 22.053174], [124.28215, 22.095997], [124.266941, 22.138819], [124.251723, 22.181638], [124.236495, 22.224456], [124.221258, 22.267273], [124.206012, 22.310087], [124.190757, 22.3529], [124.175493, 22.395712], [124.160219, 22.438522], [124.144935, 22.48133], [124.129642, 22.524136], [124.11434, 22.566941], [124.099029, 22.609744], [124.083707, 22.652545], [124.068377, 22.695344], [124.053037, 22.738142], [124.037687, 22.780939], [124.022328, 22.823733], [124.006959, 22.866526], [123.99158, 22.909317], [123.976192, 22.952106], [123.960794, 22.994894], [123.945387, 23.03768], [123.929969, 23.080464], [123.914542, 23.123246], [123.899106, 23.166027], [123.883659, 23.208806], [123.868202, 23.251583], [123.852736, 23.294359], [123.83726, 23.337132], [123.821774, 23.379904], [123.806278, 23.422674], [123.790772, 23.465443], [123.775255, 23.508209], [123.759729, 23.550974], [123.744193, 23.593737], [123.728647, 23.636498], [123.713091, 23.679258], [123.697524, 23.722016], [123.681948, 23.764771], [123.666361, 23.807525], [123.650764, 23.850278], [123.635157, 23.893028], [123.619539, 23.935777], [123.603912, 23.978523], [123.588273, 24.021268], [123.572625, 24.064011], [123.556966, 24.106753], [123.541297, 24.149492], [123.525617, 24.19223], [123.509927, 24.234965], [123.494227, 24.277699], [123.478516, 24.320431], [123.462794, 24.363161], [123.447062, 24.40589], [123.431319, 24.448616], [123.415566, 24.49134], [123.399802, 24.534063], [123.384027, 24.576784], [123.368242, 24.619502], [123.352446, 24.662219], [123.336639, 24.704934], [123.320821, 24.747648], [123.304993, 24.790359], [123.289153, 24.833068], [123.273303, 24.875775], [123.257442, 24.918481], [123.24157, 24.961184], [123.225687, 25.003886], [123.209793, 25.046585], [123.193888, 25.089283], [123.177972, 25.131979], [123.162045, 25.174672], [123.146107, 25.217364], [123.130157, 25.260054], [123.114197, 25.302742], [123.098225, 25.345428], [123.082242, 25.388112], [123.066248, 25.430794], [123.050243, 25.473473], [123.034226, 25.516151], [123.018198, 25.558827], [123.002159, 25.601501], [122.986108, 25.644173], [122.970046, 25.686843], [122.953972, 25.729511], [122.937887, 25.772177], [122.92179, 25.814841], [122.905682, 25.857502], [122.889563, 25.900162], [122.873431, 25.94282], [122.857288, 25.985475], [122.841134, 26.028129], [122.824967, 26.070781], [122.808789, 26.11343], [122.7926, 26.156078], [122.776398, 26.198723], [122.760185, 26.241366], [122.74396, 26.284007], [122.727723, 26.326646], [122.711474, 26.369283], [122.695213, 26.411918], [122.67894, 26.454551], [122.662655, 26.497182], [122.646358, 26.53981], [122.630049, 26.582437], [122.613728, 26.625061], [122.597395, 26.667683], [122.58105, 26.710303], [122.564693, 26.752921], [122.548323, 26.795537], [122.531941, 26.838151], [122.515547, 26.880762], [122.499141, 26.923371], [122.482722, 26.965979], [122.466291, 27.008583], [122.449847, 27.051186], [122.433392, 27.093787], [122.416923, 27.136385], [122.400442, 27.178982], [122.383949, 27.221576], [122.367443, 27.264167], [122.350924, 27.306757], [122.334393, 27.349344], [122.31785, 27.39193], [122.301293, 27.434513], [122.284724, 27.477093], [122.268142, 27.519672], [122.251547, 27.562248], [122.23494, 27.604822], [122.218319, 27.647394], [122.201686, 27.689964], [122.18504, 27.732531], [122.168381, 27.775096], [122.151709, 27.817659], [122.135024, 27.860219], [122.118326, 27.902777], [122.101615, 27.945333], [122.08489, 27.987887], [122.068153, 28.030438], [122.051402, 28.072987], [122.034639, 28.115534], [122.017862, 28.158078], [122.001071, 28.20062], [121.984268, 28.24316], [121.967451, 28.285697], [121.95062, 28.328232], [121.933777, 28.370765], [121.91692, 28.413295], [121.900049, 28.455823], [121.883165, 28.498349], [121.866267, 28.540872], [121.849356, 28.583393], [121.832431, 28.625911], [121.815493, 28.668428], [121.79854, 28.710941], [121.781574, 28.753453], [121.764595, 28.795962], [121.747601, 28.838468], [121.730594, 28.880972], [121.713573, 28.923474], [121.696538, 28.965973], [121.679489, 29.00847], [121.662426, 29.050965], [121.645349, 29.093457], [121.628259, 29.135946], [121.611154, 29.178433], [121.594035, 29.220918], [121.576901, 29.2634], [121.559754, 29.30588], [121.542592, 29.348357], [121.525417, 29.390832], [121.508227, 29.433304], [121.491022, 29.475774], [121.473803, 29.518242], [121.45657, 29.560706], [121.439323, 29.603169], [121.422061, 29.645628], [121.404784, 29.688086], [121.387493, 29.73054], [121.370188, 29.772993], [121.352868, 29.815442], [121.335533, 29.857889], [121.318183, 29.900334], [121.300819, 29.942776], [121.28344, 29.985215], [121.266046, 30.027652], [121.248638, 30.070086], [121.231214, 30.112518], [121.213776, 30.154947], [121.196323, 30.197374], [121.178855, 30.239798], [121.161371, 30.282219], [121.143873, 30.324638], [121.12636, 30.367054], [121.108831, 30.409467], [121.091287, 30.451878], [121.073729, 30.494286], [121.056155, 30.536692], [121.038565, 30.579095], [121.02096, 30.621495], [121.00334, 30.663893], [120.985705, 30.706288], [120.968054, 30.74868], [120.950388, 30.79107], [120.932706, 30.833456], [120.915009, 30.875841], [120.897296, 30.918222], [120.879567, 30.960601], [120.861823, 31.002977], [120.844063, 31.04535], [120.826287, 31.087721], [120.808496, 31.130089], [120.790688, 31.172454], [120.772865, 31.214816], [120.755026, 31.257176], [120.737171, 31.299533], [120.7193, 31.341887], [120.701413, 31.384239], [120.68351, 31.426587], [120.665591, 31.468933], [120.647656, 31.511276], [120.629704, 31.553616], [120.611737, 31.595954], [120.593753, 31.638288], [120.575752, 31.68062], [120.557736, 31.722949], [120.539703, 31.765275], [120.521653, 31.807599], [120.503588, 31.849919], [120.485505, 31.892237], [120.467406, 31.934551], [120.449291, 31.976863], [120.431159, 32.019172], [120.41301, 32.061478], [120.394844, 32.103782], [120.376662, 32.146082], [120.358463, 32.18838], [120.340247, 32.230674], [120.322014, 32.272966], [120.303765, 32.315255], [120.285498, 32.35754], [120.267214, 32.399823], [120.248913, 32.442103], [120.230596, 32.48438], [120.212261, 32.526654], [120.193908, 32.568925], [120.175539, 32.611193], [120.157152, 32.653459], [120.138749, 32.695721], [120.120327, 32.73798], [120.101889, 32.780236], [120.083432, 32.822489], [120.064959, 32.864739], [120.046468, 32.906987], [120.027959, 32.949231], [120.009433, 32.991472], [119.990889, 33.03371], [119.972327, 33.075945], [119.953747, 33.118177], [119.93515, 33.160406], [119.916535, 33.202632], [119.897902, 33.244854], [119.879251, 33.287074], [119.860583, 33.329291], [119.841896, 33.371504], [119.823191, 33.413715], [119.804468, 33.455922], [119.785727, 33.498126], [119.766967, 33.540327], [119.74819, 33.582525], [119.729394, 33.62472], [119.71058, 33.666911], [119.691747, 33.7091], [119.672896, 33.751285], [119.654026, 33.793467], [119.635138, 33.835646], [119.616232, 33.877822], [119.597307, 33.919995], [119.578363, 33.962164], [119.5594, 34.00433], [119.540419, 34.046493], [119.521419, 34.088653], [119.5024, 34.130809], [119.483362, 34.172963], [119.464305, 34.215113], [119.445229, 34.25726], [119.426135, 34.299403], [119.407021, 34.341543], [119.387888, 34.38368], [119.368736, 34.425814], [119.349564, 34.467944], [119.330373, 34.510071], [119.311163, 34.552195], [119.291934, 34.594316], [119.272685, 34.636433], [119.253417, 34.678547], [119.234129, 34.720657], [119.214822, 34.762764], [119.195495, 34.804868], [119.176148, 34.846968], [119.156782, 34.889065], [119.137396, 34.931159], [119.11799, 34.973249], [119.098564, 35.015336], [119.079118, 35.057419], [119.059653, 35.0995], [119.040167, 35.141576], [119.020661, 35.183649], [119.001135, 35.225719], [118.981589, 35.267785], [118.962023, 35.309848], [118.942437, 35.351908], [118.92283, 35.393964], [118.903202, 35.436016], [118.883555, 35.478065], [118.863887, 35.52011], [118.844198, 35.562152], [118.824489, 35.604191], [118.804759, 35.646226], [118.785009, 35.688257], [118.765237, 35.730285], [118.745445, 35.772309], [118.725632, 35.81433], [118.705799, 35.856347], [118.685944, 35.898361], [118.666068, 35.940371], [118.646172, 35.982377], [118.626254, 36.02438], [118.606315, 36.066379], [118.586355, 36.108375], [118.566373, 36.150367], [118.54637, 36.192355], [118.526346, 36.23434], [118.506301, 36.276321], [118.486234, 36.318299], [118.466145, 36.360272], [118.446035, 36.402242], [118.425903, 36.444209], [118.40575, 36.486171], [118.385575, 36.52813], [118.365378, 36.570086], [118.345159, 36.612037], [118.324918, 36.653985], [118.304655, 36.695929], [118.28437, 36.73787], [118.264063, 36.779806], [118.243734, 36.821739], [118.223383, 36.863668], [118.20301, 36.905593], [118.182614, 36.947515], [118.162196, 36.989432], [118.141755, 37.031346], [118.121292, 37.073256], [118.100807, 37.115162], [118.080299, 37.157065], [118.059768, 37.198963], [118.039214, 37.240858], [118.018638, 37.282749], [117.998039, 37.324636], [117.977417, 37.366519], [117.956772, 37.408398], [117.936104, 37.450273], [117.915413, 37.492144], [117.894699, 37.534012], [117.873962, 37.575875], [117.853202, 37.617735], [117.832418, 37.65959], [117.811611, 37.701442], [117.79078, 37.743289], [117.769926, 37.785133], [117.749049, 37.826973], [117.728148, 37.868808], [117.707223, 37.91064], [117.686274, 37.952467], [117.665302, 37.994291], [117.644306, 38.03611], [117.623286, 38.077926], [117.602242, 38.119737], [117.581174, 38.161545], [117.560083, 38.203348], [117.538966, 38.245147], [117.517826, 38.286942], [117.496662, 38.328733], [117.475473, 38.37052], [117.454259, 38.412302], [117.433022, 38.454081], [117.41176, 38.495855], [117.390473, 38.537626], [117.369161, 38.579392], [117.347825, 38.621154], [117.326464, 38.662911], [117.305079, 38.704665], [117.283668, 38.746414], [117.262233, 38.788159], [117.240772, 38.8299], [117.219286, 38.871636], [117.197776, 38.913369], [117.17624, 38.955097], [117.154678, 38.99682], [117.133092, 39.03854], [117.11148, 39.080255], [117.089842, 39.121966], [117.068179, 39.163672], [117.046491, 39.205375], [117.024777, 39.247072], [117.003037, 39.288766], [116.981271, 39.330455], [116.959479, 39.37214], [116.937662, 39.41382], [116.915818, 39.455496], [116.893948, 39.497168], [116.872053, 39.538835], [116.850131, 39.580498], [116.828183, 39.622156], [116.806208, 39.66381], [116.784207, 39.705459], [116.76218, 39.747104], [116.740126, 39.788745], [116.718045, 39.83038], [116.695938, 39.872012], [116.673804, 39.913639], [116.651643, 39.955261], [116.629455, 39.996879], [116.607241, 40.038492], [116.584999, 40.080101]]}, "properties": {"start_iata": "MEL", "start_name": "Melbourne International Airport", "start_city_country": "Melbourne, Australia", "end_iata": "PEK", "end_name": "Beijing Capital International Airport", "end_city_country": "Beijing, China", "dist": 5642, "dur": 677.0, "domint": "International", "count": 1, "earliest_date": "2026-01-04", "latest_date": "2026-01-04", "date_string": "2026-01-04 00:00:00", "class_hist": "Economy,1", "airline_hist": "Air China,1", "flight_string": "CA166", "origin_hist": "MEL,1"}}, {"type": "Feature", "geometry": {"type": "LineString", "coordinates": [[144.843002, -37.673302], [144.8894, -37.648449], [144.935768, -37.623578], [144.982104, -37.598688], [145.02841, -37.57378], [145.074685, -37.548854], [145.120929, -37.52391], [145.167142, -37.498948], [145.213325, -37.473967], [145.259476, -37.448968], [145.305597, -37.423951], [145.351688, -37.398916], [145.397747, -37.373863], [145.443776, -37.348792], [145.489775, -37.323703], [145.535742, -37.298596], [145.58168, -37.27347], [145.627586, -37.248327], [145.673463, -37.223167], [145.719308, -37.197988], [145.765124, -37.172791], [145.810908, -37.147577], [145.856663, -37.122345], [145.902387, -37.097095], [145.948081, -37.071827], [145.993744, -37.046542], [146.039377, -37.021239], [146.08498, -36.995918], [146.130553, -36.97058], [146.176095, -36.945224], [146.221607, -36.919851], [146.267089, -36.89446], [146.312541, -36.869051], [146.357963, -36.843625], [146.403355, -36.818182], [146.448717, -36.792721], [146.494048, -36.767243], [146.53935, -36.741747], [146.584622, -36.716234], [146.629863, -36.690704], [146.675075, -36.665156], [146.720257, -36.639592], [146.765409, -36.61401], [146.810532, -36.58841], [146.855624, -36.562794], [146.900687, -36.53716], [146.94572, -36.51151], [146.990723, -36.485842], [147.035697, -36.460157], [147.08064, -36.434455], [147.125555, -36.408736], [147.170439, -36.383], [147.215294, -36.357247], [147.26012, -36.331477], [147.304916, -36.305691], [147.349682, -36.279887], [147.394419, -36.254067], [147.439127, -36.228229], [147.483805, -36.202375], [147.528454, -36.176504], [147.573073, -36.150617], [147.617663, -36.124712], [147.662224, -36.098791], [147.706756, -36.072853], [147.751258, -36.046899], [147.795731, -36.020928], [147.840175, -35.99494], [147.88459, -35.968936], [147.928975, -35.942916], [147.973332, -35.916878], [148.017659, -35.890825], [148.061958, -35.864754], [148.106227, -35.838668], [148.150467, -35.812565], [148.194679, -35.786445], [148.238861, -35.76031], [148.283015, -35.734157], [148.32714, -35.707989], [148.371236, -35.681804], [148.415303, -35.655603], [148.459341, -35.629386], [148.50335, -35.603153], [148.547331, -35.576903], [148.591283, -35.550638], [148.635207, -35.524356], [148.679102, -35.498058], [148.722968, -35.471744], [148.766805, -35.445414], [148.810614, -35.419068], [148.854395, -35.392706], [148.898147, -35.366328], [148.94187, -35.339934], [148.985566, -35.313524], [149.029232, -35.287098], [149.072871, -35.260656], [149.116481, -35.234199], [149.160062, -35.207726], [149.203616, -35.181236], [149.247141, -35.154732], [149.290638, -35.128211], [149.334106, -35.101675], [149.377547, -35.075123], [149.420959, -35.048555], [149.464344, -35.021972], [149.5077, -34.995373], [149.551028, -34.968758], [149.594328, -34.942128], [149.6376, -34.915482], [149.680844, -34.888821], [149.72406, -34.862144], [149.767249, -34.835452], [149.810409, -34.808745], [149.853542, -34.782022], [149.896646, -34.755283], [149.939723, -34.72853], [149.982773, -34.701761], [150.025794, -34.674976], [150.068788, -34.648177], [150.111754, -34.621362], [150.154692, -34.594531], [150.197603, -34.567686], [150.240487, -34.540825], [150.283342, -34.51395], [150.326171, -34.487059], [150.368971, -34.460153], [150.411745, -34.433232], [150.45449, -34.406296], [150.497209, -34.379344], [150.5399, -34.352378], [150.582564, -34.325397], [150.6252, -34.298401], [150.667809, -34.271389], [150.710391, -34.244363], [150.752946, -34.217322], [150.795473, -34.190266], [150.837974, -34.163196], [150.880447, -34.13611], [150.922893, -34.10901], [150.965312, -34.081895], [151.007704, -34.054765], [151.050069, -34.02762], [151.092407, -34.000461], [151.134718, -33.973287], [151.177002, -33.946098]]}, "properties": {"start_iata": "MEL", "start_name": "Melbourne International Airport", "start_city_country": "Melbourne, Australia", "end_iata": "SYD", "end_name": "Sydney Kingsford Smith International Airport", "end_city_country": "Sydney, Australia", "dist": 439, "dur": 63.0, "domint": "Domestic", "count": 1, "earliest_date": "2026-01-01", "latest_date": "2026-01-01", "date_string": "2026-01-01 00:00:00", "class_hist": "Economy,1", "airline_hist": "Virgin Australia,1", "flight_string": "VA884", "origin_hist": "SYD,1"}}, {"type": "Feature", "geometry": {"type": "LineString", "coordinates": [[0.235, 51.884998], [0.297798, 51.862887], [0.360535, 51.840742], [0.42321, 51.818564], [0.485824, 51.796352], [0.548376, 51.774107], [0.610866, 51.751828], [0.673295, 51.729517], [0.735663, 51.707172], [0.797969, 51.684793], [0.860213, 51.662382], [0.922396, 51.639938], [0.984518, 51.617461], [1.046578, 51.59495], [1.108577, 51.572407], [1.170515, 51.549831], [1.232391, 51.527223], [1.294206, 51.504581], [1.35596, 51.481908], [1.417652, 51.459201], [1.479284, 51.436462], [1.540854, 51.41369], [1.602363, 51.390887], [1.66381, 51.36805], [1.725197, 51.345182], [1.786522, 51.322281], [1.847786, 51.299348], [1.90899, 51.276383], [1.970132, 51.253386], [2.031213, 51.230357], [2.092233, 51.207296], [2.153192, 51.184203], [2.214091, 51.161079], [2.274928, 51.137922], [2.335705, 51.114734], [2.39642, 51.091514], [2.457075, 51.068263], [2.517669, 51.04498], [2.578203, 51.021666], [2.638675, 50.99832], [2.699087, 50.974943], [2.759438, 50.951534], [2.819729, 50.928095], [2.879959, 50.904624], [2.940128, 50.881122], [3.000237, 50.857588], [3.060285, 50.834024], [3.120273, 50.810429], [3.180201, 50.786803], [3.240068, 50.763146], [3.299874, 50.739459], [3.35962, 50.71574], [3.419306, 50.691991], [3.478932, 50.668211], [3.538497, 50.644401], [3.598003, 50.62056], [3.657448, 50.596689], [3.716832, 50.572788], [3.776157, 50.548856], [3.835422, 50.524893], [3.894627, 50.500901], [3.953771, 50.476878], [4.012856, 50.452825], [4.071881, 50.428742], [4.130846, 50.40463], [4.189751, 50.380487], [4.248596, 50.356314], [4.307382, 50.332111], [4.366107, 50.307879], [4.424773, 50.283617], [4.48338, 50.259325], [4.541927, 50.235004], [4.600414, 50.210653], [4.658842, 50.186272], [4.71721, 50.161862], [4.775518, 50.137423], [4.833768, 50.112954], [4.891958, 50.088456], [4.950088, 50.063929], [5.00816, 50.039373], [5.066172, 50.014787], [5.124125, 49.990172], [5.182019, 49.965529], [5.239853, 49.940856], [5.297629, 49.916155], [5.355345, 49.891424], [5.413003, 49.866665], [5.470601, 49.841877], [5.528141, 49.817061], [5.585622, 49.792215], [5.643044, 49.767341], [5.700407, 49.742439], [5.757712, 49.717508], [5.814957, 49.692549], [5.872145, 49.667561], [5.929273, 49.642545], [5.986343, 49.617501], [6.043355, 49.592428], [6.100308, 49.567328], [6.157203, 49.542199], [6.214039, 49.517042], [6.270817, 49.491857], [6.327537, 49.466645], [6.384199, 49.441404], [6.440802, 49.416136], [6.497347, 49.390839], [6.553834, 49.365515], [6.610264, 49.340164], [6.666635, 49.314784], [6.722948, 49.289377], [6.779204, 49.263943], [6.835401, 49.238481], [6.891541, 49.212992], [6.947623, 49.187475], [7.003648, 49.161931], [7.059614, 49.13636], [7.115523, 49.110761], [7.171375, 49.085135], [7.227169, 49.059483], [7.282906, 49.033803], [7.338585, 49.008096], [7.394208, 48.982362], [7.449772, 48.956601], [7.50528, 48.930814], [7.56073, 48.905], [7.616124, 48.879158], [7.67146, 48.853291], [7.726739, 48.827396], [7.781961, 48.801475], [7.837126, 48.775528], [7.892235, 48.749554], [7.947286, 48.723553], [8.002281, 48.697526], [8.05722, 48.671473], [8.112101, 48.645393], [8.166926, 48.619287], [8.221694, 48.593155], [8.276406, 48.566997], [8.331062, 48.540813], [8.385661, 48.514603], [8.440204, 48.488367], [8.49469, 48.462104], [8.54912, 48.435816], [8.603495, 48.409503], [8.657813, 48.383163], [8.712075, 48.356797], [8.766281, 48.330406], [8.820431, 48.30399], [8.874525, 48.277547], [8.928563, 48.251079], [8.982546, 48.224586], [9.036473, 48.198067], [9.090344, 48.171523], [9.144159, 48.144953], [9.197919, 48.118358], [9.251624, 48.091738], [9.305273, 48.065093], [9.358867, 48.038423], [9.412405, 48.011727], [9.465888, 47.985006], [9.519316, 47.958261], [9.572689, 47.93149], [9.626007, 47.904695], [9.67927, 47.877875], [9.732477, 47.851029], [9.78563, 47.82416], [9.838728, 47.797265], [9.891771, 47.770346], [9.94476, 47.743402], [9.997693, 47.716433], [10.050573, 47.68944], [10.103397, 47.662423], [10.156167, 47.635381], [10.208883, 47.608315], [10.261544, 47.581224], [10.314151, 47.55411], [10.366703, 47.526971], [10.419202, 47.499807], [10.471646, 47.47262], [10.524036, 47.445409], [10.576372, 47.418173], [10.628654, 47.390914], [10.680883, 47.36363], [10.733057, 47.336323], [10.785177, 47.308991], [10.837244, 47.281636], [10.889257, 47.254258], [10.941217, 47.226855], [10.993123, 47.199429], [11.044976, 47.171979], [11.096775, 47.144506], [11.14852, 47.117009], [11.200213, 47.089489], [11.251852, 47.061945], [11.303438, 47.034377], [11.354971, 47.006787], [11.40645, 46.979173], [11.457877, 46.951536], [11.509251, 46.923876], [11.560572, 46.896192], [11.61184, 46.868485], [11.663056, 46.840756], [11.714218, 46.813003], [11.765328, 46.785227], [11.816386, 46.757429], [11.867391, 46.729607], [11.918343, 46.701763], [11.969243, 46.673896], [12.020091, 46.646006], [12.070887, 46.618093], [12.12163, 46.590158], [12.172321, 46.5622], [12.222961, 46.534219], [12.273548, 46.506216], [12.324083, 46.478191], [12.374566, 46.450143], [12.424998, 46.422073], [12.475377, 46.39398], [12.525705, 46.365865], [12.575982, 46.337728], [12.626207, 46.309568], [12.67638, 46.281386], [12.726502, 46.253183], [12.776572, 46.224957], [12.826592, 46.196709], [12.876559, 46.168439], [12.926476, 46.140147], [12.976342, 46.111833], [13.026156, 46.083497], [13.07592, 46.05514], [13.125633, 46.026761], [13.175294, 45.99836], [13.224905, 45.969937], [13.274465, 45.941492], [13.323975, 45.913026], [13.373434, 45.884539], [13.422842, 45.85603], [13.4722, 45.827499]]}, "properties": {"start_iata": "STN", "start_name": "London Stansted Airport", "start_city_country": "London, United Kingdom", "end_iata": "TRS", "end_name": "Trieste\u2013Friuli Venezia Giulia Airport", "end_city_country": "Ronchi De Legionari, Italy", "dist": 733, "dur": 125.0, "domint": "International", "count": 2, "earliest_date": "2026-04-02", "latest_date": "2026-04-07", "date_string": "2026-04-02 00:00:00;2026-04-07 00:00:00", "class_hist": "Economy,2", "airline_hist": "Ryanair,2", "flight_string": "FR168;FR169", "origin_hist": "STN,1;TRS,1"}}]}